sample,page,detector_id,candidate_type,raw_confidence,x0,y0,x1,y1,width,height,center_x,center_y,has_text,text_word_count,text_char_length,text_uppercase_ratio,text_ends_colon,text_ends_question,text_ends_paren,text_ends_underscore,text_has_digit,font_size,attr_members,attr_checked,attr_filled,attr_aggregate,attr_rows,attr_cols,attr_row,attr_col,attr_caption,nearest_complementary_distance,same_page_candidate_count,row_band_count,row_band_same_type_count,matched_gold,matched_category,matched_gold_name,best_iou,best_coverage
cl01,2,label-detector,LABEL,0.99,316.4013977050781,485.8229064941406,383.4093933105469,490.142906665802,67.00799560546875,4.320000171661377,349.9053955078125,487.9829065799713,1,2,19,1.0,0,1,0,0,0,6.0,,0,0,0,,,,,,23.56,52,4,1,0,,,0.0,0.0
cl01,1,underline-detector,UNDERLINE,0.95,49.58311462402344,693.321533203125,285.089111328125,705.321533203125,235.50599670410156,12.0,167.33611297607422,699.321533203125,0,0,0,0.0,0,0,0,0,0,,,0,0,0,,,,,,15.17,155,4,0,1,VALUE,AGE,0.1491,0.5542
cl01,1,underline-detector,UNDERLINE,0.95,49.58311462402344,668.5599975585938,285.089111328125,680.5599975585938,235.50599670410156,12.0,167.33611297607422,674.5599975585938,0,0,0,0.0,0,0,0,0,0,,,0,0,0,,,,,,34.07,155,2,1,1,VALUE,EMAIL,0.4717,0.5565
cl01,1,underline-detector,UNDERLINE,0.95,309.89581298828125,668.5595092773438,545.4168090820312,680.5595092773438,235.52099609375,12.0,427.65631103515625,674.5595092773438,0,0,0,0.0,0,0,0,0,0,,,0,0,0,,,,,,66.07,155,2,1,0,,,0.0,0.0
cl01,1,underline-detector,UNDERLINE,0.95,49.58311462402344,643.7985229492188,285.089111328125,655.7985229492188,235.50599670410156,12.0,167.33611297607422,649.7985229492188,0,0,0,0.0,0,0,0,0,0,,,0,0,0,,,,,,57.6,155,5,1,1,VALUE,CONTACT / WHATSAPP,0.4745,0.5587
cl01,1,underline-detector,UNDERLINE,0.95,309.89581298828125,643.798095703125,545.4168090820312,655.798095703125,235.52099609375,12.0,427.65631103515625,649.798095703125,0,0,0,0.0,0,0,0,0,0,,,0,0,0,,,,,,58.74,155,3,1,1,VALUE,CITY,0.3437,0.5587
cl01,1,underline-detector,UNDERLINE,0.95,49.58311462402344,619.037109375,285.089111328125,631.037109375,235.50599670410156,12.0,167.33611297607422,625.037109375,0,0,0,0.0,0,0,0,0,0,,,0,0,0,,,,,,54.28,155,7,0,1,VALUE,OCCUPATION,0.47,0.5551
cl01,1,underline-detector,UNDERLINE,0.95,371.45770263671875,510.0860900878906,545.4166870117188,522.0860900878906,173.958984375,12.0,458.43719482421875,516.0860900878906,0,0,0,0.0,0,0,0,0,0,,,0,0,0,,,,,,44.69,155,1,0,0,,,0.0,0.0
cl01,1,underline-detector,UNDERLINE,0.95,371.45770263671875,475.4200134277344,545.4166870117188,487.4200134277344,173.958984375,12.0,458.43719482421875,481.4200134277344,0,0,0,0.0,0,0,0,0,0,,,0,0,0,,,,,,61.8,155,2,0,0,,,0.0,0.0
cl01,1,underline-detector,UNDERLINE,0.95,371.45770263671875,440.7539978027344,545.4166870117188,452.7539978027344,173.958984375,12.0,458.43719482421875,446.7539978027344,0,0,0,0.0,0,0,0,0,0,,,0,0,0,,,,,,62.6,155,2,0,0,,,0.0,0.0
cl01,1,underline-detector,UNDERLINE,0.95,371.45770263671875,406.087890625,545.4166870117188,418.087890625,173.958984375,12.0,458.43719482421875,412.087890625,0,0,0,0.0,0,0,0,0,0,,,0,0,0,,,,,,62.6,155,0,0,0,,,0.0,0.0
cl01,1,underline-detector,UNDERLINE,0.95,56.728912353515625,210.47610473632812,292.2499084472656,222.47610473632812,235.52099609375,12.0,174.48941040039062,216.47610473632812,0,0,0,0.0,0,0,0,0,0,,,0,0,0,,,,,,42.98,155,4,1,1,VALUE,SIGNATURE OF THE PATIENT,0.5083,0.9147
cl01,1,underline-detector,UNDERLINE,0.95,317.0416259765625,210.47610473632812,552.5626220703125,222.47610473632812,235.52099609375,12.0,434.8021240234375,216.47610473632812,0,0,0,0.0,0,0,0,0,0,,,0,0,0,,,,,,42.58,155,4,1,1,VALUE,NAME OF THE HEALER,0.5703,0.9147
cl01,1,underline-detector,UNDERLINE,0.95,446.2786865234375,140.3148956298828,545.4166870117188,152.3148956298828,99.13800048828125,12.0,495.8476867675781,146.3148956298828,0,0,0,0.0,0,0,0,0,0,,,0,0,0,,,,,,7.38,155,0,0,0,,,0.0,0.0
cl01,1,underline-detector,UNDERLINE,0.95,446.2786865234375,94.91889953613281,545.4166870117188,106.91889953613281,99.13800048828125,12.0,495.8476867675781,100.91889953613281,0,0,0,0.0,0,0,0,0,0,,,0,0,0,,,,,,7.19,155,0,0,0,,,0.0,0.0
cl01,3,underline-detector,UNDERLINE,0.95,119.05039978027344,661.2294311523438,185.26539611816406,673.2294311523438,66.21499633789062,12.0,152.15789794921875,667.2294311523438,0,0,0,0.0,0,0,0,0,0,,,0,0,0,,,,,,10.99,181,3,2,0,,,0.0,0.0
cl01,3,underline-detector,UNDERLINE,0.95,119.05039978027344,651.2384033203125,185.26539611816406,663.2384033203125,66.21499633789062,12.0,152.15789794921875,657.2384033203125,0,0,0,0.0,0,0,0,0,0,,,0,0,0,,,,,,1.0,181,10,2,1,OPTION,DIET [NON-VEGETARIAN],0.8064,0.9657
cl01,4,underline-detector,UNDERLINE,0.95,347.08367919921875,755.2252197265625,545.4166870117188,767.2252197265625,198.3330078125,12.0,446.25018310546875,761.2252197265625,0,0,0,0.0,0,0,0,0,0,,,0,0,0,,,,,,54.36,432,1,1,0,,,0.0,0.0
cl01,4,underline-detector,UNDERLINE,0.95,148.7503204345703,755.2246704101562,347.08331298828125,767.2246704101562,198.33299255371094,12.0,247.91681671142578,761.2246704101562,0,0,0,0.0,0,0,0,0,0,,,0,0,0,,,,,,54.82,432,1,1,0,,,0.0,0.0
cl01,4,underline-detector,UNDERLINE,0.95,49.58330154418945,730.4631958007812,545.4163208007812,742.4631958007812,495.8330192565918,12.0,297.49981117248535,736.4631958007812,0,0,0,0.0,0,0,0,0,0,,,0,0,0,,,,,,1.37,432,6,0,0,,,0.0,0.0
cl01,4,underline-detector,UNDERLINE,0.95,49.58330154418945,705.7017211914062,545.4163208007812,717.7017211914062,495.8330192565918,12.0,297.49981117248535,711.7017211914062,0,0,0,0.0,0,0,0,0,0,,,0,0,0,,,,,,26.13,432,11,0,0,,,0.0,0.0
cl01,4,underline-detector,UNDERLINE,0.95,49.58330154418945,680.940185546875,545.4163208007812,692.940185546875,495.8330192565918,12.0,297.49981117248535,686.940185546875,0,0,0,0.0,0,0,0,0,0,,,0,0,0,,,,,,50.89,432,6,0,0,,,0.0,0.0
cl01,4,underline-detector,UNDERLINE,0.95,49.58330154418945,656.1787719726562,545.4163208007812,668.1787719726562,495.8330192565918,12.0,297.49981117248535,662.1787719726562,0,0,0,0.0,0,0,0,0,0,,,0,0,0,,,,,,75.65,432,7,0,0,,,0.0,0.0
cl01,4,underline-detector,UNDERLINE,0.95,49.58330154418945,631.4174194335938,545.4163208007812,643.4174194335938,495.8330192565918,12.0,297.49981117248535,637.4174194335938,0,0,0,0.0,0,0,0,0,0,,,0,0,0,,,,,,100.41,432,6,0,0,,,0.0,0.0
cl01,4,underline-detector,UNDERLINE,0.95,49.58330154418945,606.6558837890625,545.4163208007812,618.6558837890625,495.8330192565918,12.0,297.49981117248535,612.6558837890625,0,0,0,0.0,0,0,0,0,0,,,0,0,0,,,,,,125.17,432,6,0,0,,,0.0,0.0
cl01,4,underline-detector,UNDERLINE,0.95,49.58330154418945,581.8944091796875,545.4163208007812,593.8944091796875,495.8330192565918,12.0,297.49981117248535,587.8944091796875,0,0,0,0.0,0,0,0,0,0,,,0,0,0,,,,,,149.94,432,6,0,0,,,0.0,0.0
cl01,4,underline-detector,UNDERLINE,0.95,49.58330154418945,557.1328735351562,545.4163208007812,569.1328735351562,495.8330192565918,12.0,297.49981117248535,563.1328735351562,0,0,0,0.0,0,0,0,0,0,,,0,0,0,,,,,,174.7,432,5,0,0,,,0.0,0.0
cl01,4,underline-detector,UNDERLINE,0.95,49.58330154418945,532.3715209960938,545.4163208007812,544.3715209960938,495.8330192565918,12.0,297.49981117248535,538.3715209960938,0,0,0,0.0,0,0,0,0,0,,,0,0,0,,,,,,199.46,432,5,0,0,,,0.0,0.0
cl01,4,underline-detector,UNDERLINE,0.95,49.58330154418945,507.6099853515625,545.4163208007812,519.6099853515625,495.8330192565918,12.0,297.49981117248535,513.6099853515625,0,0,0,0.0,0,0,0,0,0,,,0,0,0,,,,,,207.92,432,6,0,0,,,0.0,0.0
cl01,4,underline-detector,UNDERLINE,0.95,49.58330154418945,482.8485107421875,545.4163208007812,494.8485107421875,495.8330192565918,12.0,297.49981117248535,488.8485107421875,0,0,0,0.0,0,0,0,0,0,,,0,0,0,,,,,,213.08,432,6,0,0,,,0.0,0.0
cl01,4,underline-detector,UNDERLINE,0.95,49.58330154418945,458.08709716796875,545.4163208007812,470.08709716796875,495.8330192565918,12.0,297.49981117248535,464.08709716796875,0,0,0,0.0,0,0,0,0,0,,,0,0,0,,,,,,220.46,432,6,0,0,,,0.0,0.0
cl01,4,underline-detector,UNDERLINE,0.95,49.58330154418945,433.3255920410156,545.4163208007812,445.3255920410156,495.8330192565918,12.0,297.49981117248535,439.3255920410156,0,0,0,0.0,0,0,0,0,0,,,0,0,0,,,,,,221.61,432,6,0,0,,,0.0,0.0
cl01,4,underline-detector,UNDERLINE,0.95,49.58330154418945,408.5640869140625,545.4163208007812,420.5640869140625,495.8330192565918,12.0,297.49981117248535,414.5640869140625,0,0,0,0.0,0,0,0,0,0,,,0,0,0,,,,,,220.97,432,6,0,0,,,0.0,0.0
cl01,4,underline-detector,UNDERLINE,0.95,49.58330154418945,383.8027038574219,545.4163208007812,395.8027038574219,495.8330192565918,12.0,297.49981117248535,389.8027038574219,0,0,0,0.0,0,0,0,0,0,,,0,0,0,,,,,,219.18,432,61,0,0,,,0.0,0.0
cl01,4,underline-detector,UNDERLINE,0.95,49.58330154418945,359.04119873046875,545.4163208007812,371.04119873046875,495.8330192565918,12.0,297.49981117248535,365.04119873046875,0,0,0,0.0,0,0,0,0,0,,,0,0,0,,,,,,218.14,432,12,0,0,,,0.0,0.0
cl01,4,underline-detector,UNDERLINE,0.95,49.58330154418945,334.27978515625,545.4163208007812,346.27978515625,495.8330192565918,12.0,297.49981117248535,340.27978515625,0,0,0,0.0,0,0,0,0,0,,,0,0,0,,,,,,215.48,432,6,0,0,,,0.0,0.0
cl01,4,underline-detector,UNDERLINE,0.95,49.58330154418945,309.518310546875,545.4163208007812,321.518310546875,495.8330192565918,12.0,297.49981117248535,315.518310546875,0,0,0,0.0,0,0,0,0,0,,,0,0,0,,,,,,214.82,432,6,0,0,,,0.0,0.0
cl01,4,underline-detector,UNDERLINE,0.95,49.58330154418945,284.7568054199219,545.4163208007812,296.7568054199219,495.8330192565918,12.0,297.49981117248535,290.7568054199219,0,0,0,0.0,0,0,0,0,0,,,0,0,0,,,,,,210.68,432,6,0,0,,,0.0,0.0
cl01,4,underline-detector,UNDERLINE,0.95,49.58330154418945,259.9953918457031,545.4163208007812,271.9953918457031,495.8330192565918,12.0,297.49981117248535,265.9953918457031,0,0,0,0.0,0,0,0,0,0,,,0,0,0,,,,,,207.06,432,6,0,0,,,0.0,0.0
cl01,4,underline-detector,UNDERLINE,0.95,49.58330154418945,235.23390197753906,545.4163208007812,247.23390197753906,495.8330192565918,12.0,297.49981117248535,241.23390197753906,0,0,0,0.0,0,0,0,0,0,,,0,0,0,,,,,,206.11,432,5,0,0,,,0.0,0.0
cl01,4,underline-detector,UNDERLINE,0.95,49.58330154418945,210.47239685058594,545.4163208007812,222.47239685058594,495.8330192565918,12.0,297.49981117248535,216.47239685058594,0,0,0,0.0,0,0,0,0,0,,,0,0,0,,,,,,181.35,432,6,0,0,,,0.0,0.0
cl01,4,underline-detector,UNDERLINE,0.95,49.58330154418945,185.71099853515625,545.4163208007812,197.71099853515625,495.8330192565918,12.0,297.49981117248535,191.71099853515625,0,0,0,0.0,0,0,0,0,0,,,0,0,0,,,,,,156.59,432,6,0,0,,,0.0,0.0
cl01,4,underline-detector,UNDERLINE,0.95,49.58330154418945,160.94949340820312,545.4163208007812,172.94949340820312,495.8330192565918,12.0,297.49981117248535,166.94949340820312,0,0,0,0.0,0,0,0,0,0,,,0,0,0,,,,,,131.82,432,6,0,0,,,0.0,0.0
cl01,4,underline-detector,UNDERLINE,0.95,49.58330154418945,136.18800354003906,545.4163208007812,148.18800354003906,495.8330192565918,12.0,297.49981117248535,142.18800354003906,0,0,0,0.0,0,0,0,0,0,,,0,0,0,,,,,,107.06,432,6,0,0,,,0.0,0.0
cl01,4,underline-detector,UNDERLINE,0.95,49.58330154418945,111.42659759521484,545.4163208007812,123.42659759521484,495.8330192565918,12.0,297.49981117248535,117.42659759521484,0,0,0,0.0,0,0,0,0,0,,,0,0,0,,,,,,82.3,432,6,0,0,,,0.0,0.0
cl01,4,underline-detector,UNDERLINE,0.95,49.58330154418945,86.66510009765625,545.4163208007812,98.66510009765625,495.8330192565918,12.0,297.49981117248535,92.66510009765625,0,0,0,0.0,0,0,0,0,0,,,0,0,0,,,,,,57.54,432,0,0,0,,,0.0,0.0
cl01,4,underline-detector,UNDERLINE,0.95,49.58330154418945,61.90359115600586,545.4163208007812,73.90359115600586,495.8330192565918,12.0,297.49981117248535,67.90359115600586,0,0,0,0.0,0,0,0,0,0,,,0,0,0,,,,,,32.78,432,0,0,0,,,0.0,0.0
cl01,4,underline-detector,UNDERLINE,0.95,49.58330154418945,37.1422004699707,545.4163208007812,49.1422004699707,495.8330192565918,12.0,297.49981117248535,43.1422004699707,0,0,0,0.0,0,0,0,0,0,,,0,0,0,,,,,,8.03,432,0,0,0,,,0.0,0.0
cl01,5,underline-detector,UNDERLINE,0.95,173.5417022705078,742.843505859375,266.5107116699219,754.843505859375,92.96900939941406,12.0,220.02620697021484,748.843505859375,0,0,0,0.0,0,0,0,0,0,,,0,0,0,,,,,,16.25,162,3,3,0,,,0.0,0.0
cl01,5,underline-detector,UNDERLINE,0.95,266.5104064941406,742.843505859375,359.4794006347656,754.843505859375,92.968994140625,12.0,312.9949035644531,748.843505859375,0,0,0,0.0,0,0,0,0,0,,,0,0,0,,,,,,16.25,162,3,3,0,,,0.0,0.0
cl01,5,underline-detector,UNDERLINE,0.95,359.47918701171875,742.843505859375,452.44818115234375,754.843505859375,92.968994140625,12.0,405.96368408203125,748.843505859375,0,0,0,0.0,0,0,0,0,0,,,0,0,0,,,,,,16.25,162,3,3,0,,,0.0,0.0
cl01,5,underline-detector,UNDERLINE,0.95,452.4479064941406,742.843505859375,545.4169311523438,754.843505859375,92.96902465820312,12.0,498.9324188232422,748.843505859375,0,0,0,0.0,0,0,0,0,0,,,0,0,0,,,,,,16.25,162,3,3,0,,,0.0,0.0
cl01,5,underline-detector,UNDERLINE,0.95,49.58320999145508,693.3209838867188,545.4161987304688,705.3209838867188,495.8329887390137,12.0,297.4997043609619,699.3209838867188,0,0,0,0.0,0,0,0,0,0,,,0,0,0,,,,,,19.71,162,6,0,0,,,0.0,0.0
cl01,5,underline-detector,UNDERLINE,0.95,49.58320999145508,668.5595092773438,545.4161987304688,680.5595092773438,495.8329887390137,12.0,297.4997043609619,674.5595092773438,0,0,0,0.0,0,0,0,0,0,,,0,0,0,,,,,,43.88,162,0,0,0,,,0.0,0.0
cl01,5,underline-detector,UNDERLINE,0.95,49.58320999145508,643.798095703125,545.4161987304688,655.798095703125,495.8329887390137,12.0,297.4997043609619,649.798095703125,0,0,0,0.0,0,0,0,0,0,,,0,0,0,,,,,,68.48,162,1,0,0,,,0.0,0.0
cl01,5,underline-detector,UNDERLINE,0.95,49.58320999145508,619.03662109375,545.4161987304688,631.03662109375,495.8329887390137,12.0,297.4997043609619,625.03662109375,0,0,0,0.0,0,0,0,0,0,,,0,0,0,,,,,,93.16,162,1,0,0,,,0.0,0.0
cl01,5,underline-detector,UNDERLINE,0.95,49.58320999145508,594.2750854492188,545.4161987304688,606.2750854492188,495.8329887390137,12.0,297.4997043609619,600.2750854492188,0,0,0,0.0,0,0,0,0,0,,,0,0,0,,,,,,117.88,162,1,0,0,,,0.0,0.0
cl01,5,underline-detector,UNDERLINE,0.95,49.58320999145508,569.513671875,545.4161987304688,581.513671875,495.8329887390137,12.0,297.4997043609619,575.513671875,0,0,0,0.0,0,0,0,0,0,,,0,0,0,,,,,,142.61,162,2,0,0,,,0.0,0.0
cl01,5,underline-detector,UNDERLINE,0.95,49.58320999145508,544.752197265625,545.4161987304688,556.752197265625,495.8329887390137,12.0,297.4997043609619,550.752197265625,0,0,0,0.0,0,0,0,0,0,,,0,0,0,,,,,,167.35,162,1,0,0,,,0.0,0.0
cl01,5,underline-detector,UNDERLINE,0.95,49.58320999145508,519.99072265625,545.4161987304688,531.99072265625,495.8329887390137,12.0,297.4997043609619,525.99072265625,0,0,0,0.0,0,0,0,0,0,,,0,0,0,,,,,,156.55,162,1,0,0,,,0.0,0.0
cl01,5,underline-detector,UNDERLINE,0.95,49.58320999145508,495.22930908203125,545.4161987304688,507.22930908203125,495.8329887390137,12.0,297.4997043609619,501.22930908203125,0,0,0,0.0,0,0,0,0,0,,,0,0,0,,,,,,132.14,162,1,0,0,,,0.0,0.0
cl01,5,underline-detector,UNDERLINE,0.95,49.58320999145508,470.4678039550781,545.4161987304688,482.4678039550781,495.8329887390137,12.0,297.4997043609619,476.4678039550781,0,0,0,0.0,0,0,0,0,0,,,0,0,0,,,,,,107.89,162,1,0,0,,,0.0,0.0
cl01,5,underline-detector,UNDERLINE,0.95,49.58320999145508,445.706298828125,545.4161987304688,457.706298828125,495.8329887390137,12.0,297.4997043609619,451.706298828125,0,0,0,0.0,0,0,0,0,0,,,0,0,0,,,,,,83.95,162,0,0,0,,,0.0,0.0
cl01,5,underline-detector,UNDERLINE,0.95,49.583499908447266,247.61459350585938,111.5625,259.6145935058594,61.979000091552734,12.0,80.57299995422363,253.61459350585938,0,0,0,0.0,0,0,0,0,0,,,0,0,0,,,,,,7.69,162,1,1,0,,,0.0,0.0
cl01,5,underline-detector,UNDERLINE,0.95,111.5625,247.61410522460938,247.91650390625,259.6141052246094,136.35400390625,12.0,179.739501953125,253.61410522460938,0,0,0,0.0,0,0,0,0,0,,,0,0,0,,,,,,53.93,162,1,1,0,,,0.0,0.0
cl01,5,underline-detector,UNDERLINE,0.95,272.70849609375,74.28439331054688,334.6875,86.28439331054688,61.97900390625,12.0,303.697998046875,80.28439331054688,0,0,0,0.0,0,0,0,0,0,,,0,0,0,,,,,,7.69,162,3,3,0,,,0.0,0.0
cl01,5,underline-detector,UNDERLINE,0.95,49.583499908447266,74.28439331054688,111.5625,86.28439331054688,61.979000091552734,12.0,80.57299995422363,80.28439331054688,0,0,0,0.0,0,0,0,0,0,,,0,0,0,,,,,,7.69,162,3,3,0,,,0.0,0.0
cl01,5,underline-detector,UNDERLINE,0.95,334.6875,74.28389739990234,545.41650390625,86.28389739990234,210.72900390625,12.0,440.052001953125,80.28389739990234,0,0,0,0.0,0,0,0,0,0,,,0,0,0,,,,,,90.98,162,3,3,0,,,0.0,0.0
cl01,5,underline-detector,UNDERLINE,0.95,111.5625,74.28389739990234,247.91650390625,86.28389739990234,136.35400390625,12.0,179.739501953125,80.28389739990234,0,0,0,0.0,0,0,0,0,0,,,0,0,0,,,,,,53.93,162,3,3,0,,,0.0,0.0
cl01,6,underline-detector,UNDERLINE,0.95,173.5417022705078,742.843505859375,266.5107116699219,754.843505859375,92.96900939941406,12.0,220.02620697021484,748.843505859375,0,0,0,0.0,0,0,0,0,0,,,0,0,0,,,,,,16.25,150,3,3,0,,,0.0,0.0
cl01,6,underline-detector,UNDERLINE,0.95,266.5104064941406,742.843505859375,359.4794006347656,754.843505859375,92.968994140625,12.0,312.9949035644531,748.843505859375,0,0,0,0.0,0,0,0,0,0,,,0,0,0,,,,,,16.25,150,3,3,0,,,0.0,0.0
cl01,6,underline-detector,UNDERLINE,0.95,359.47918701171875,742.843505859375,452.44818115234375,754.843505859375,92.968994140625,12.0,405.96368408203125,748.843505859375,0,0,0,0.0,0,0,0,0,0,,,0,0,0,,,,,,16.25,150,3,3,0,,,0.0,0.0
cl01,6,underline-detector,UNDERLINE,0.95,452.4479064941406,742.843505859375,545.4169311523438,754.843505859375,92.96902465820312,12.0,498.9324188232422,748.843505859375,0,0,0,0.0,0,0,0,0,0,,,0,0,0,,,,,,16.25,150,3,3,0,,,0.0,0.0
cl01,6,underline-detector,UNDERLINE,0.95,49.58320999145508,693.3209838867188,545.4161987304688,705.3209838867188,495.8329887390137,12.0,297.4997043609619,699.3209838867188,0,0,0,0.0,0,0,0,0,0,,,0,0,0,,,,,,19.71,150,0,0,0,,,0.0,0.0
cl01,6,underline-detector,UNDERLINE,0.95,49.58320999145508,668.5595092773438,545.4161987304688,680.5595092773438,495.8329887390137,12.0,297.4997043609619,674.5595092773438,0,0,0,0.0,0,0,0,0,0,,,0,0,0,,,,,,43.88,150,1,0,0,,,0.0,0.0
cl01,6,underline-detector,UNDERLINE,0.95,49.58320999145508,643.798095703125,545.4161987304688,655.798095703125,495.8329887390137,12.0,297.4997043609619,649.798095703125,0,0,0,0.0,0,0,0,0,0,,,0,0,0,,,,,,68.48,150,1,0,0,,,0.0,0.0
cl01,6,underline-detector,UNDERLINE,0.95,49.58320999145508,619.03662109375,545.4161987304688,631.03662109375,495.8329887390137,12.0,297.4997043609619,625.03662109375,0,0,0,0.0,0,0,0,0,0,,,0,0,0,,,,,,93.16,150,1,0,0,,,0.0,0.0
cl01,6,underline-detector,UNDERLINE,0.95,49.58320999145508,594.2750854492188,545.4161987304688,606.2750854492188,495.8329887390137,12.0,297.4997043609619,600.2750854492188,0,0,0,0.0,0,0,0,0,0,,,0,0,0,,,,,,117.88,150,1,0,0,,,0.0,0.0
cl01,6,underline-detector,UNDERLINE,0.95,49.58320999145508,569.513671875,545.4161987304688,581.513671875,495.8329887390137,12.0,297.4997043609619,575.513671875,0,0,0,0.0,0,0,0,0,0,,,0,0,0,,,,,,142.61,150,2,0,0,,,0.0,0.0
cl01,6,underline-detector,UNDERLINE,0.95,49.58320999145508,544.752197265625,545.4161987304688,556.752197265625,495.8329887390137,12.0,297.4997043609619,550.752197265625,0,0,0,0.0,0,0,0,0,0,,,0,0,0,,,,,,167.35,150,1,0,0,,,0.0,0.0
cl01,6,underline-detector,UNDERLINE,0.95,49.58320999145508,519.99072265625,545.4161987304688,531.99072265625,495.8329887390137,12.0,297.4997043609619,525.99072265625,0,0,0,0.0,0,0,0,0,0,,,0,0,0,,,,,,156.55,150,1,0,0,,,0.0,0.0
cl01,6,underline-detector,UNDERLINE,0.95,49.58320999145508,495.22930908203125,545.4161987304688,507.22930908203125,495.8329887390137,12.0,297.4997043609619,501.22930908203125,0,0,0,0.0,0,0,0,0,0,,,0,0,0,,,,,,132.14,150,1,0,0,,,0.0,0.0
cl01,6,underline-detector,UNDERLINE,0.95,49.58320999145508,470.4678039550781,545.4161987304688,482.4678039550781,495.8329887390137,12.0,297.4997043609619,476.4678039550781,0,0,0,0.0,0,0,0,0,0,,,0,0,0,,,,,,107.89,150,1,0,0,,,0.0,0.0
cl01,6,underline-detector,UNDERLINE,0.95,49.58320999145508,445.706298828125,545.4161987304688,457.706298828125,495.8329887390137,12.0,297.4997043609619,451.706298828125,0,0,0,0.0,0,0,0,0,0,,,0,0,0,,,,,,83.95,150,1,0,0,,,0.0,0.0
cl01,6,underline-detector,UNDERLINE,0.95,49.583499908447266,247.61459350585938,111.5625,259.6145935058594,61.979000091552734,12.0,80.57299995422363,253.61459350585938,0,0,0,0.0,0,0,0,0,0,,,0,0,0,,,,,,7.69,150,1,1,0,,,0.0,0.0
cl01,6,underline-detector,UNDERLINE,0.95,111.5625,247.61410522460938,247.91650390625,259.6141052246094,136.35400390625,12.0,179.739501953125,253.61410522460938,0,0,0,0.0,0,0,0,0,0,,,0,0,0,,,,,,53.93,150,1,1,0,,,0.0,0.0
cl01,6,underline-detector,UNDERLINE,0.95,272.70849609375,74.28439331054688,334.6875,86.28439331054688,61.97900390625,12.0,303.697998046875,80.28439331054688,0,0,0,0.0,0,0,0,0,0,,,0,0,0,,,,,,7.69,150,3,3,0,,,0.0,0.0
cl01,6,underline-detector,UNDERLINE,0.95,49.583499908447266,74.28439331054688,111.5625,86.28439331054688,61.979000091552734,12.0,80.57299995422363,80.28439331054688,0,0,0,0.0,0,0,0,0,0,,,0,0,0,,,,,,7.69,150,3,3,0,,,0.0,0.0
cl01,6,underline-detector,UNDERLINE,0.95,334.6875,74.28389739990234,545.41650390625,86.28389739990234,210.72900390625,12.0,440.052001953125,80.28389739990234,0,0,0,0.0,0,0,0,0,0,,,0,0,0,,,,,,90.98,150,3,3,0,,,0.0,0.0
cl01,6,underline-detector,UNDERLINE,0.95,111.5625,74.28389739990234,247.91650390625,86.28389739990234,136.35400390625,12.0,179.739501953125,80.28389739990234,0,0,0,0.0,0,0,0,0,0,,,0,0,0,,,,,,53.93,150,3,3,0,,,0.0,0.0
cl01,7,underline-detector,UNDERLINE,0.95,49.721099853515625,693.3209838867188,545.5540771484375,705.3209838867188,495.8329772949219,12.0,297.63758850097656,699.3209838867188,0,0,0,0.0,0,0,0,0,0,,,0,0,0,,,,,,19.83,67,0,0,0,,,0.0,0.0
cl01,7,underline-detector,UNDERLINE,0.95,49.58330154418945,643.798095703125,545.4163208007812,655.798095703125,495.8330192565918,12.0,297.49981117248535,649.798095703125,0,0,0,0.0,0,0,0,0,0,,,0,0,0,,,,,,65.61,67,1,0,0,,,0.0,0.0
cl01,7,underline-detector,UNDERLINE,0.95,49.58330154418945,594.2750854492188,545.4163208007812,606.2750854492188,495.8330192565918,12.0,297.49981117248535,600.2750854492188,0,0,0,0.0,0,0,0,0,0,,,0,0,0,,,,,,114.56,67,1,0,0,,,0.0,0.0
cl01,7,underline-detector,UNDERLINE,0.95,49.58330154418945,544.752197265625,545.4163208007812,556.752197265625,495.8330192565918,12.0,297.49981117248535,550.752197265625,0,0,0,0.0,0,0,0,0,0,,,0,0,0,,,,,,163.86,67,1,0,0,,,0.0,0.0
cl01,7,underline-detector,UNDERLINE,0.95,49.58330154418945,495.22930908203125,545.4163208007812,507.22930908203125,495.8330192565918,12.0,297.49981117248535,501.22930908203125,0,0,0,0.0,0,0,0,0,0,,,0,0,0,,,,,,213.26,67,1,0,0,,,0.0,0.0
cl01,7,underline-detector,UNDERLINE,0.95,49.58330154418945,445.706298828125,545.4163208007812,457.706298828125,495.8330192565918,12.0,297.49981117248535,451.706298828125,0,0,0,0.0,0,0,0,0,0,,,0,0,0,,,,,,262.7,67,1,0,0,,,0.0,0.0
cl01,7,underline-detector,UNDERLINE,0.95,49.58330154418945,396.18341064453125,545.4163208007812,408.18341064453125,495.8330192565918,12.0,297.49981117248535,402.18341064453125,0,0,0,0.0,0,0,0,0,0,,,0,0,0,,,,,,312.18,67,2,0,0,,,0.0,0.0
cl01,7,underline-detector,UNDERLINE,0.95,49.58330154418945,346.6604919433594,545.4163208007812,358.6604919433594,495.8330192565918,12.0,297.49981117248535,352.6604919433594,0,0,0,0.0,0,0,0,0,0,,,0,0,0,,,,,,317.54,67,1,0,0,,,0.0,0.0
cl01,7,underline-detector,UNDERLINE,0.95,49.58330154418945,297.13751220703125,545.4163208007812,309.13751220703125,495.8330192565918,12.0,297.49981117248535,303.13751220703125,0,0,0,0.0,0,0,0,0,0,,,0,0,0,,,,,,268.01,67,1,0,0,,,0.0,0.0
cl01,7,underline-detector,UNDERLINE,0.95,49.58330154418945,247.61459350585938,545.4163208007812,259.6145935058594,495.8330192565918,12.0,297.49981117248535,253.61459350585938,0,0,0,0.0,0,0,0,0,0,,,0,0,0,,,,,,218.49,67,1,0,0,,,0.0,0.0
cl01,7,underline-detector,UNDERLINE,0.95,49.58330154418945,198.09170532226562,545.4163208007812,210.09170532226562,495.8330192565918,12.0,297.49981117248535,204.09170532226562,0,0,0,0.0,0,0,0,0,0,,,0,0,0,,,,,,168.97,67,1,0,0,,,0.0,0.0
cl01,7,underline-detector,UNDERLINE,0.95,49.58330154418945,148.5688018798828,545.4163208007812,160.5688018798828,495.8330192565918,12.0,297.49981117248535,154.5688018798828,0,0,0,0.0,0,0,0,0,0,,,0,0,0,,,,,,119.44,67,1,0,0,,,0.0,0.0
cl01,7,underline-detector,UNDERLINE,0.95,49.58330154418945,99.04580688476562,545.4163208007812,111.04580688476562,495.8330192565918,12.0,297.49981117248535,105.04580688476562,0,0,0,0.0,0,0,0,0,0,,,0,0,0,,,,,,69.92,67,1,0,0,,,0.0,0.0
cl01,8,underline-detector,UNDERLINE,0.95,49.58329772949219,49.52289962768555,198.3332977294922,61.52289962768555,148.75,12.0,123.95829772949219,55.52289962768555,0,0,0,0.0,0,0,0,0,0,,,0,0,0,,,,,,37.29,30,2,2,1,VALUE,LAST HEALING DATE,0.442,0.9186
cl01,8,underline-detector,UNDERLINE,0.95,223.40069580078125,49.52289962768555,372.15069580078125,61.52289962768555,148.75,12.0,297.77569580078125,55.52289962768555,0,0,0,0.0,0,0,0,0,0,,,0,0,0,,,,,,20.4,30,2,2,1,VALUE,LAST FEEDBACK DATE,0.4043,0.9186
cl01,8,underline-detector,UNDERLINE,0.95,396.66668701171875,49.52289962768555,545.4166870117188,61.52289962768555,148.75,12.0,471.04168701171875,55.52289962768555,0,0,0,0.0,0,0,0,0,0,,,0,0,0,,,,,,26.01,30,2,2,1,VALUE,SIGNATURE OF THE HEALER,0.3076,0.9186
cl01,3,underline-detector,UNDERLINE,0.918390007019043,57.86809539794922,661.2294311523438,111.54609680175781,673.2294311523438,53.678001403808594,12.0,84.70709609985352,667.2294311523438,0,0,0,0.0,0,0,0,0,0,,,0,0,0,,,,,,10.99,181,3,2,0,,,0.0,0.0
cl01,3,underline-detector,UNDERLINE,0.918390007019043,57.86809539794922,651.2384033203125,111.54609680175781,663.2384033203125,53.678001403808594,12.0,84.70709609985352,657.2384033203125,0,0,0,0.0,0,0,0,0,0,,,0,0,0,,,,,,1.0,181,10,2,1,OPTION,DIET [VEGETARIAN],0.8036,0.9617
cl01,3,underline-detector,UNDERLINE,0.9053450012207032,136.4311981201172,710.75244140625,187.5001983642578,722.75244140625,51.069000244140625,12.0,161.9656982421875,716.75244140625,0,0,0,0.0,0,0,0,0,0,,,0,0,0,,,,,,10.99,181,2,1,0,,,0.0,0.0
cl01,3,underline-detector,UNDERLINE,0.9053450012207032,136.4311981201172,700.7614135742188,187.5001983642578,712.7614135742188,51.069000244140625,12.0,161.9656982421875,706.7614135742188,0,0,0,0.0,0,0,0,0,0,,,0,0,0,,,,,,1.0,181,9,1,1,OPTION,OVERALL GENERAL HEALTH [EXCELLENT],0.8066,0.9618
cl01,1,vertical-rule-detector,VLINE,0.9,104.23919677734375,693.321533203125,104.23919677734375,718.08251953125,0.0,24.760986328125,104.23919677734375,705.7020263671875,0,0,0,0.0,0,0,0,0,0,,,0,0,0,,,,,,9999.0,155,21,7,0,,,0.0,0.0
cl01,1,vertical-rule-detector,VLINE,0.9,285.089111328125,693.321533203125,285.089111328125,718.08251953125,0.0,24.760986328125,285.089111328125,705.7020263671875,0,0,0,0.0,0,0,0,0,0,,,0,0,0,,,,,,9999.0,155,21,7,0,,,0.0,0.0
cl01,1,vertical-rule-detector,VLINE,0.9,49.58311462402344,693.321533203125,49.58311462402344,718.08251953125,0.0,24.760986328125,49.58311462402344,705.7020263671875,0,0,0,0.0,0,0,0,0,0,,,0,0,0,,,,,,9999.0,155,21,7,0,,,0.0,0.0
cl01,1,vertical-rule-detector,VLINE,0.9,158.89500427246094,693.321533203125,158.89500427246094,718.08251953125,0.0,24.760986328125,158.89500427246094,705.7020263671875,0,0,0,0.0,0,0,0,0,0,,,0,0,0,,,,,,9999.0,155,21,7,0,,,0.0,0.0
cl01,1,vertical-rule-detector,VLINE,0.9,104.23919677734375,693.321533203125,104.23919677734375,718.08251953125,0.0,24.760986328125,104.23919677734375,705.7020263671875,0,0,0,0.0,0,0,0,0,0,,,0,0,0,,,,,,9999.0,155,21,7,0,,,0.0,0.0
cl01,1,vertical-rule-detector,VLINE,0.9,285.089111328125,693.321533203125,285.089111328125,718.08251953125,0.0,24.760986328125,285.089111328125,705.7020263671875,0,0,0,0.0,0,0,0,0,0,,,0,0,0,,,,,,9999.0,155,21,7,0,,,0.0,0.0
cl01,1,vertical-rule-detector,VLINE,0.9,49.58311462402344,693.321533203125,49.58311462402344,718.08251953125,0.0,24.760986328125,49.58311462402344,705.7020263671875,0,0,0,0.0,0,0,0,0,0,,,0,0,0,,,,,,9999.0,155,21,7,0,,,0.0,0.0
cl01,1,vertical-rule-detector,VLINE,0.9,285.089111328125,668.5599975585938,285.089111328125,693.3209838867188,0.0,24.760986328125,285.089111328125,680.9404907226562,0,0,0,0.0,0,0,0,0,0,,,0,0,0,,,,,,9999.0,155,8,5,0,,,0.0,0.0
cl01,1,vertical-rule-detector,VLINE,0.9,49.58311462402344,668.5599975585938,49.58311462402344,693.3209838867188,0.0,24.760986328125,49.58311462402344,680.9404907226562,0,0,0,0.0,0,0,0,0,0,,,0,0,0,,,,,,9999.0,155,8,5,0,,,0.0,0.0
cl01,1,vertical-rule-detector,VLINE,0.9,158.89500427246094,693.321533203125,158.89500427246094,718.08251953125,0.0,24.760986328125,158.89500427246094,705.7020263671875,0,0,0,0.0,0,0,0,0,0,,,0,0,0,,,,,,9999.0,155,21,7,0,,,0.0,0.0
cl01,1,vertical-rule-detector,VLINE,0.9,285.089111328125,668.5599975585938,285.089111328125,693.3209838867188,0.0,24.760986328125,285.089111328125,680.9404907226562,0,0,0,0.0,0,0,0,0,0,,,0,0,0,,,,,,9999.0,155,8,5,0,,,0.0,0.0
cl01,1,vertical-rule-detector,VLINE,0.9,49.58311462402344,668.5599975585938,49.58311462402344,693.3209838867188,0.0,24.760986328125,49.58311462402344,680.9404907226562,0,0,0,0.0,0,0,0,0,0,,,0,0,0,,,,,,9999.0,155,8,5,0,,,0.0,0.0
cl01,1,vertical-rule-detector,VLINE,0.9,285.089111328125,668.5599975585938,285.089111328125,693.3209838867188,0.0,24.760986328125,285.089111328125,680.9404907226562,0,0,0,0.0,0,0,0,0,0,,,0,0,0,,,,,,9999.0,155,8,5,0,,,0.0,0.0
cl01,1,vertical-rule-detector,VLINE,0.9,49.58311462402344,668.5599975585938,49.58311462402344,693.3209838867188,0.0,24.760986328125,49.58311462402344,680.9404907226562,0,0,0,0.0,0,0,0,0,0,,,0,0,0,,,,,,9999.0,155,8,5,0,,,0.0,0.0
cl01,1,vertical-rule-detector,VLINE,0.9,285.089111328125,643.7985229492188,285.089111328125,668.5595092773438,0.0,24.760986328125,285.089111328125,656.1790161132812,0,0,0,0.0,0,0,0,0,0,,,0,0,0,,,,,,9999.0,155,9,5,0,,,0.0,0.0
cl01,1,vertical-rule-detector,VLINE,0.9,49.58311462402344,643.7985229492188,49.58311462402344,668.5595092773438,0.0,24.760986328125,49.58311462402344,656.1790161132812,0,0,0,0.0,0,0,0,0,0,,,0,0,0,,,,,,9999.0,155,9,5,0,,,0.0,0.0
cl01,1,vertical-rule-detector,VLINE,0.9,285.089111328125,643.7985229492188,285.089111328125,668.5595092773438,0.0,24.760986328125,285.089111328125,656.1790161132812,0,0,0,0.0,0,0,0,0,0,,,0,0,0,,,,,,9999.0,155,9,5,0,,,0.0,0.0
cl01,1,vertical-rule-detector,VLINE,0.9,49.58311462402344,643.7985229492188,49.58311462402344,668.5595092773438,0.0,24.760986328125,49.58311462402344,656.1790161132812,0,0,0,0.0,0,0,0,0,0,,,0,0,0,,,,,,9999.0,155,9,5,0,,,0.0,0.0
cl01,1,vertical-rule-detector,VLINE,0.9,458.64581298828125,619.037109375,458.64581298828125,643.798095703125,0.0,24.760986328125,458.64581298828125,631.4176025390625,0,0,0,0.0,0,0,0,0,0,,,0,0,0,,,,,,9999.0,155,12,5,0,,,0.0,0.0
cl01,1,vertical-rule-detector,VLINE,0.9,285.089111328125,643.7985229492188,285.089111328125,668.5595092773438,0.0,24.760986328125,285.089111328125,656.1790161132812,0,0,0,0.0,0,0,0,0,0,,,0,0,0,,,,,,9999.0,155,9,5,0,,,0.0,0.0
cl01,1,vertical-rule-detector,VLINE,0.9,49.58311462402344,643.7985229492188,49.58311462402344,668.5595092773438,0.0,24.760986328125,49.58311462402344,656.1790161132812,0,0,0,0.0,0,0,0,0,0,,,0,0,0,,,,,,9999.0,155,9,5,0,,,0.0,0.0
cl01,1,vertical-rule-detector,VLINE,0.9,285.089111328125,619.037109375,285.089111328125,643.798095703125,0.0,24.760986328125,285.089111328125,631.4176025390625,0,0,0,0.0,0,0,0,0,0,,,0,0,0,,,,,,9999.0,155,12,5,0,,,0.0,0.0
cl01,1,vertical-rule-detector,VLINE,0.9,49.58311462402344,619.037109375,49.58311462402344,643.798095703125,0.0,24.760986328125,49.58311462402344,631.4176025390625,0,0,0,0.0,0,0,0,0,0,,,0,0,0,,,,,,9999.0,155,12,5,0,,,0.0,0.0
cl01,1,vertical-rule-detector,VLINE,0.9,458.64581298828125,619.037109375,458.64581298828125,643.798095703125,0.0,24.760986328125,458.64581298828125,631.4176025390625,0,0,0,0.0,0,0,0,0,0,,,0,0,0,,,,,,9999.0,155,12,5,0,,,0.0,0.0
cl01,1,vertical-rule-detector,VLINE,0.9,285.089111328125,619.037109375,285.089111328125,643.798095703125,0.0,24.760986328125,285.089111328125,631.4176025390625,0,0,0,0.0,0,0,0,0,0,,,0,0,0,,,,,,9999.0,155,12,5,0,,,0.0,0.0
cl01,1,vertical-rule-detector,VLINE,0.9,49.58311462402344,619.037109375,49.58311462402344,643.798095703125,0.0,24.760986328125,49.58311462402344,631.4176025390625,0,0,0,0.0,0,0,0,0,0,,,0,0,0,,,,,,9999.0,155,12,5,0,,,0.0,0.0
cl01,1,label-detector,LABEL,0.9,378.16650390625,531.4146118164062,456.7625732421875,536.433611869812,78.5960693359375,5.019000053405762,417.46453857421875,533.9241118431091,1,6,26,0.0556,1,0,0,0,0,7.0,,0,0,0,,,,,,32.15,155,3,0,0,,,0.0,0.0
cl01,1,label-detector,LABEL,0.9,56.22710037231445,378.1979064941406,249.64306640625,383.9339065551758,193.41596603393555,5.736000061035156,152.93508338928223,381.0659065246582,1,10,59,0.0217,0,0,1,0,0,8.0,,0,0,0,,,,,,89.4,155,1,0,0,,,0.0,0.0
cl01,1,table-detector,TABLE,0.9,375.0,458.0,405.8799743652344,465.1399998664856,30.879974365234375,7.139999866485596,390.4399871826172,461.5699999332428,0,0,0,0.0,0,0,0,0,0,,,0,0,0,,,3,0,,0.0,155,4,0,0,,,0.0,0.0
cl01,1,table-detector,TABLE,0.9,376.5329895019531,506.8550109863281,415.2519836425781,513.3170166015625,38.718994140625,6.462005615234375,395.8924865722656,510.0860137939453,0,0,0,0.0,0,0,0,0,0,,,0,0,0,,,0,0,,0.26,155,2,1,0,,,0.0,0.0
cl01,1,table-detector,TABLE,0.9,376.5329895019531,472.1889953613281,415.2519836425781,478.6510009765625,38.718994140625,6.462005615234375,395.8924865722656,475.4199981689453,0,0,0,0.0,0,0,0,0,0,,,0,0,0,,,2,0,,0.26,155,3,2,0,,,0.0,0.0
cl01,1,table-detector,TABLE,0.9,376.5329895019531,437.52301025390625,415.2519836425781,443.9850158691406,38.718994140625,6.462005615234375,395.8924865722656,440.75401306152344,0,0,0,0.0,0,0,0,0,0,,,0,0,0,,,4,0,,0.26,155,3,1,0,,,0.0,0.0
cl01,1,table-detector,TABLE,0.9,375.0,493.0,422.03997802734375,500.1399998664856,47.03997802734375,7.139999866485596,398.5199890136719,496.5699999332428,0,0,0,0.0,0,0,0,0,0,,,0,0,0,,,1,0,,0.0,155,2,0,0,,,0.0,0.0
cl01,2,label-detector,LABEL,0.9,56.088401794433594,485.8229064941406,206.2216033935547,490.142906665802,150.1332015991211,4.320000171661377,131.15500259399414,487.9829065799713,1,4,40,1.0,0,1,0,0,0,6.0,,0,0,0,,,,,,17.13,52,4,1,0,,,0.0,0.0
cl01,3,table-detector,TABLE,0.9,56.86809539794922,553.192626953125,56.86809539794922,561.1836547851562,0.0,7.99102783203125,56.86809539794922,557.1881408691406,0,0,0,0.0,0,0,0,0,0,,,0,0,0,,,0,0,,15.67,181,27,20,0,,,0.0,0.0
cl01,3,table-detector,TABLE,0.9,56.86809539794922,503.6695861816406,56.86809539794922,511.66058349609375,0.0,7.990997314453125,56.86809539794922,507.6650848388672,0,0,0,0.0,0,0,0,0,0,,,0,0,0,,,1,0,,15.67,181,28,21,0,,,0.0,0.0
cl01,3,table-detector,TABLE,0.9,56.86809539794922,454.1466979980469,56.86809539794922,462.1376953125,0.0,7.990997314453125,56.86809539794922,458.14219665527344,0,0,0,0.0,0,0,0,0,0,,,0,0,0,,,2,0,,15.67,181,27,20,0,,,0.0,0.0
cl01,3,table-detector,TABLE,0.9,56.86809539794922,561.1836547851562,57.86809539794922,562.1836547851562,1.0,1.0,57.36809539794922,561.6836547851562,0,0,0,0.0,0,0,0,0,0,,,0,0,0,,,0,0,,15.82,181,21,14,0,,,0.0,0.0
cl01,3,table-detector,TABLE,0.9,56.86809539794922,552.192626953125,57.86809539794922,553.192626953125,1.0,1.0,57.36809539794922,552.692626953125,0,0,0,0.0,0,0,0,0,0,,,0,0,0,,,0,0,,15.83,181,21,14,0,,,0.0,0.0
cl01,3,table-detector,TABLE,0.9,56.86809539794922,511.66058349609375,57.86809539794922,512.6605834960938,1.0,1.0,57.36809539794922,512.1605834960938,0,0,0,0.0,0,0,0,0,0,,,0,0,0,,,1,0,,15.82,181,21,14,0,,,0.0,0.0
cl01,3,table-detector,TABLE,0.9,56.86809539794922,502.6695861816406,57.86809539794922,503.6695861816406,1.0,1.0,57.36809539794922,503.1695861816406,0,0,0,0.0,0,0,0,0,0,,,0,0,0,,,1,0,,15.83,181,21,14,0,,,0.0,0.0
cl01,3,table-detector,TABLE,0.9,56.86809539794922,462.1376953125,57.86809539794922,463.1376953125,1.0,1.0,57.36809539794922,462.6376953125,0,0,0,0.0,0,0,0,0,0,,,0,0,0,,,2,0,,15.82,181,21,14,0,,,0.0,0.0
cl01,3,table-detector,TABLE,0.9,56.86809539794922,453.1466979980469,57.86809539794922,454.1466979980469,1.0,1.0,57.36809539794922,453.6466979980469,0,0,0,0.0,0,0,0,0,0,,,0,0,0,,,2,0,,15.83,181,21,14,0,,,0.0,0.0
cl01,3,table-detector,TABLE,0.9,66.0,504.0,68.80000305175781,508.0,2.8000030517578125,4.0,67.4000015258789,506.0,0,0,0,0.0,0,0,0,0,0,,,0,0,0,,,1,1,,5.4,181,22,15,0,,,0.0,0.0
cl01,3,table-detector,TABLE,0.9,66.0,455.0,68.80000305175781,459.0,2.8000030517578125,4.0,67.4000015258789,457.0,0,0,0,0.0,0,0,0,0,0,,,0,0,0,,,2,1,,5.27,181,25,18,0,,,0.0,0.0
cl01,3,table-detector,TABLE,0.9,68.80000305175781,504.0,74.0,511.20001220703125,5.1999969482421875,7.20001220703125,71.4000015258789,507.6000061035156,0,0,0,0.0,0,0,0,0,0,,,0,0,0,,,1,1,,1.14,181,28,21,0,,,0.0,0.0
cl01,3,table-detector,TABLE,0.9,68.80000305175781,455.0,74.0,462.20001220703125,5.1999969482421875,7.20001220703125,71.4000015258789,458.6000061035156,0,0,0,0.0,0,0,0,0,0,,,0,0,0,,,2,1,,1.23,181,27,20,0,,,0.0,0.0
cl01,3,table-detector,TABLE,0.9,57.86809539794922,562.1836547851562,87.21209716796875,562.1836547851562,29.34400177001953,0.0,72.54009628295898,562.1836547851562,0,0,0,0.0,0,0,0,0,0,,,0,0,0,,,0,1,,4.99,181,21,13,0,,,0.0,0.0
cl01,3,table-detector,TABLE,0.9,57.86809539794922,552.192626953125,87.21209716796875,552.192626953125,29.34400177001953,0.0,72.54009628295898,552.192626953125,0,0,0,0.0,0,0,0,0,0,,,0,0,0,,,0,1,,5.0,181,21,14,0,,,0.0,0.0
cl01,3,table-detector,TABLE,0.9,57.86809539794922,512.6605834960938,87.21209716796875,512.6605834960938,29.34400177001953,0.0,72.54009628295898,512.6605834960938,0,0,0,0.0,0,0,0,0,0,,,0,0,0,,,1,1,,4.99,181,22,14,0,,,0.0,0.0
cl01,3,table-detector,TABLE,0.9,57.86809539794922,502.6695861816406,87.21209716796875,502.6695861816406,29.34400177001953,0.0,72.54009628295898,502.6695861816406,0,0,0,0.0,0,0,0,0,0,,,0,0,0,,,1,1,,5.0,181,21,14,0,,,0.0,0.0
cl01,3,table-detector,TABLE,0.9,57.86809539794922,463.1376953125,87.21209716796875,463.1376953125,29.34400177001953,0.0,72.54009628295898,463.1376953125,0,0,0,0.0,0,0,0,0,0,,,0,0,0,,,2,1,,4.99,181,21,13,0,,,0.0,0.0
cl01,3,table-detector,TABLE,0.9,57.86809539794922,453.1466979980469,87.21209716796875,453.1466979980469,29.34400177001953,0.0,72.54009628295898,453.1466979980469,0,0,0,0.0,0,0,0,0,0,,,0,0,0,,,2,1,,5.0,181,21,14,0,,,0.0,0.0
cl01,3,table-detector,TABLE,0.9,66.53710174560547,555.03271484375,78.54309844970703,559.3527150154114,12.005996704101562,4.320000171661377,72.54010009765625,557.1927149295807,0,0,0,0.0,0,0,0,0,0,,,0,0,0,,,0,1,,0.0,181,27,20,0,,,0.0,0.0
cl01,3,table-detector,TABLE,0.9,66.53710174560547,505.5093078613281,78.54309844970703,509.8293080329895,12.005996704101562,4.320000171661377,72.54010009765625,507.6693079471588,0,0,0,0.0,0,0,0,0,0,,,0,0,0,,,1,1,,0.0,181,28,21,0,,,0.0,0.0
cl01,3,table-detector,TABLE,0.9,66.53710174560547,455.9867858886719,78.54309844970703,460.30678606033325,12.005996704101562,4.320000171661377,72.54010009765625,458.14678597450256,0,0,0,0.0,0,0,0,0,0,,,0,0,0,,,2,1,,0.0,181,27,20,0,,,0.0,0.0
cl01,3,table-detector,TABLE,0.9,54.013999938964844,566.3380126953125,104.93600463867188,572.7990112304688,50.92200469970703,6.46099853515625,79.47500228881836,569.5685119628906,0,0,0,0.0,0,0,0,0,0,,,0,0,0,,,0,1,,0.22,181,2,0,0,,,0.0,0.0
cl01,3,table-detector,TABLE,0.9,87.21209716796875,561.1836547851562,88.21209716796875,562.1836547851562,1.0,1.0,87.71209716796875,561.6836547851562,0,0,0,0.0,0,0,0,0,0,,,0,0,0,,,0,2,,11.19,181,21,14,0,,,0.0,0.0
cl01,3,table-detector,TABLE,0.9,87.21209716796875,552.192626953125,88.21209716796875,553.192626953125,1.0,1.0,87.71209716796875,552.692626953125,0,0,0,0.0,0,0,0,0,0,,,0,0,0,,,0,2,,15.83,181,21,14,0,,,0.0,0.0
cl01,3,table-detector,TABLE,0.9,87.21209716796875,511.66058349609375,88.21209716796875,512.6605834960938,1.0,1.0,87.71209716796875,512.1605834960938,0,0,0,0.0,0,0,0,0,0,,,0,0,0,,,1,2,,15.82,181,21,14,0,,,0.0,0.0
cl01,3,table-detector,TABLE,0.9,87.21209716796875,502.6695861816406,88.21209716796875,503.6695861816406,1.0,1.0,87.71209716796875,503.1695861816406,0,0,0,0.0,0,0,0,0,0,,,0,0,0,,,1,2,,15.83,181,21,14,0,,,0.0,0.0
cl01,3,table-detector,TABLE,0.9,87.21209716796875,462.1376953125,88.21209716796875,463.1376953125,1.0,1.0,87.71209716796875,462.6376953125,0,0,0,0.0,0,0,0,0,0,,,0,0,0,,,2,2,,15.82,181,21,14,0,,,0.0,0.0
cl01,3,table-detector,TABLE,0.9,87.21209716796875,453.1466979980469,88.21209716796875,454.1466979980469,1.0,1.0,87.71209716796875,453.6466979980469,0,0,0,0.0,0,0,0,0,0,,,0,0,0,,,2,2,,15.83,181,21,14,0,,,0.0,0.0
cl01,3,table-detector,TABLE,0.9,88.21209716796875,553.192626953125,88.21209716796875,561.1836547851562,0.0,7.99102783203125,88.21209716796875,557.1881408691406,0,0,0,0.0,0,0,0,0,0,,,0,0,0,,,0,2,,14.96,181,27,20,0,,,0.0,0.0
cl01,3,table-detector,TABLE,0.9,88.21209716796875,503.6695861816406,88.21209716796875,511.66058349609375,0.0,7.990997314453125,88.21209716796875,507.6650848388672,0,0,0,0.0,0,0,0,0,0,,,0,0,0,,,1,2,,15.67,181,28,21,0,,,0.0,0.0
cl01,3,table-detector,TABLE,0.9,88.21209716796875,454.1466979980469,88.21209716796875,462.1376953125,0.0,7.990997314453125,88.21209716796875,458.14219665527344,0,0,0,0.0,0,0,0,0,0,,,0,0,0,,,2,2,,15.67,181,27,20,0,,,0.0,0.0
cl01,3,table-detector,TABLE,0.9,93.71660614013672,553.192626953125,93.71660614013672,561.1836547851562,0.0,7.99102783203125,93.71660614013672,557.1881408691406,0,0,0,0.0,0,0,0,0,0,,,0,0,0,,,0,2,,18.1,181,27,20,0,,,0.0,0.0
cl01,3,table-detector,TABLE,0.9,93.71660614013672,503.6695861816406,93.71660614013672,511.66058349609375,0.0,7.990997314453125,93.71660614013672,507.6650848388672,0,0,0,0.0,0,0,0,0,0,,,0,0,0,,,1,2,,18.1,181,28,21,0,,,0.0,0.0
cl01,3,table-detector,TABLE,0.9,93.71660614013672,454.1466979980469,93.71660614013672,462.1376953125,0.0,7.990997314453125,93.71660614013672,458.14219665527344,0,0,0,0.0,0,0,0,0,0,,,0,0,0,,,2,2,,18.1,181,27,20,0,,,0.0,0.0
cl01,3,table-detector,TABLE,0.9,93.71660614013672,561.1836547851562,94.71660614013672,562.1836547851562,1.0,1.0,94.21660614013672,561.6836547851562,0,0,0,0.0,0,0,0,0,0,,,0,0,0,,,0,2,,16.5,181,21,14,0,,,0.0,0.0
cl01,3,table-detector,TABLE,0.9,93.71660614013672,552.192626953125,94.71660614013672,553.192626953125,1.0,1.0,94.21660614013672,552.692626953125,0,0,0,0.0,0,0,0,0,0,,,0,0,0,,,0,2,,18.17,181,21,14,0,,,0.0,0.0
cl01,3,table-detector,TABLE,0.9,93.71660614013672,511.66058349609375,94.71660614013672,512.6605834960938,1.0,1.0,94.21660614013672,512.1605834960938,0,0,0,0.0,0,0,0,0,0,,,0,0,0,,,1,2,,18.17,181,21,14,0,,,0.0,0.0
cl01,3,table-detector,TABLE,0.9,93.71660614013672,502.6695861816406,94.71660614013672,503.6695861816406,1.0,1.0,94.21660614013672,503.1695861816406,0,0,0,0.0,0,0,0,0,0,,,0,0,0,,,1,2,,18.17,181,21,14,0,,,0.0,0.0
cl01,3,table-detector,TABLE,0.9,93.71660614013672,462.1376953125,94.71660614013672,463.1376953125,1.0,1.0,94.21660614013672,462.6376953125,0,0,0,0.0,0,0,0,0,0,,,0,0,0,,,2,2,,18.17,181,21,14,0,,,0.0,0.0
cl01,3,table-detector,TABLE,0.9,93.71660614013672,453.1466979980469,94.71660614013672,454.1466979980469,1.0,1.0,94.21660614013672,453.6466979980469,0,0,0,0.0,0,0,0,0,0,,,0,0,0,,,2,2,,18.17,181,21,14,0,,,0.0,0.0
cl01,3,table-detector,TABLE,0.9,107.0,554.0,109.80000305175781,558.0,2.8000030517578125,4.0,108.4000015258789,556.0,0,0,0,0.0,0,0,0,0,0,,,0,0,0,,,0,3,,3.62,181,25,18,0,,,0.0,0.0
cl01,3,table-detector,TABLE,0.9,107.31909942626953,555.03271484375,116.31909942626953,559.3527150154114,9.0,4.320000171661377,111.81909942626953,557.1927149295807,0,0,0,0.0,0,0,0,0,0,,,0,0,0,,,0,3,,0.0,181,27,20,0,,,0.0,0.0
cl01,3,table-detector,TABLE,0.9,107.31909942626953,505.5093078613281,116.31909942626953,509.8293080329895,9.0,4.320000171661377,111.81909942626953,507.6693079471588,0,0,0,0.0,0,0,0,0,0,,,0,0,0,,,1,3,,0.0,181,28,21,0,,,0.0,0.0
cl01,3,table-detector,TABLE,0.9,107.31909942626953,455.9867858886719,116.31909942626953,460.30678606033325,9.0,4.320000171661377,111.81909942626953,458.14678597450256,0,0,0,0.0,0,0,0,0,0,,,0,0,0,,,2,3,,0.0,181,27,20,0,,,0.0,0.0
cl01,3,table-detector,TABLE,0.9,94.71660614013672,562.1836547851562,128.92660522460938,562.1836547851562,34.209999084472656,0.0,111.82160568237305,562.1836547851562,0,0,0,0.0,0,0,0,0,0,,,0,0,0,,,0,3,,4.99,181,21,13,0,,,0.0,0.0
cl01,3,table-detector,TABLE,0.9,94.71660614013672,552.192626953125,128.92660522460938,552.192626953125,34.209999084472656,0.0,111.82160568237305,552.192626953125,0,0,0,0.0,0,0,0,0,0,,,0,0,0,,,0,3,,5.0,181,21,14,0,,,0.0,0.0
cl01,3,table-detector,TABLE,0.9,94.71660614013672,512.6605834960938,128.92660522460938,512.6605834960938,34.209999084472656,0.0,111.82160568237305,512.6605834960938,0,0,0,0.0,0,0,0,0,0,,,0,0,0,,,1,3,,4.99,181,22,14,0,,,0.0,0.0
cl01,3,table-detector,TABLE,0.9,94.71660614013672,502.6695861816406,128.92660522460938,502.6695861816406,34.209999084472656,0.0,111.82160568237305,502.6695861816406,0,0,0,0.0,0,0,0,0,0,,,0,0,0,,,1,3,,5.0,181,21,14,0,,,0.0,0.0
cl01,3,table-detector,TABLE,0.9,94.71660614013672,463.1376953125,128.92660522460938,463.1376953125,34.209999084472656,0.0,111.82160568237305,463.1376953125,0,0,0,0.0,0,0,0,0,0,,,0,0,0,,,2,3,,4.99,181,21,13,0,,,0.0,0.0
cl01,3,table-detector,TABLE,0.9,94.71660614013672,453.1466979980469,128.92660522460938,453.1466979980469,34.209999084472656,0.0,111.82160568237305,453.1466979980469,0,0,0,0.0,0,0,0,0,0,,,0,0,0,,,2,3,,5.0,181,21,14,0,,,0.0,0.0
cl01,3,table-detector,TABLE,0.9,109.80000305175781,554.0,115.0,561.2000122070312,5.1999969482421875,7.20001220703125,112.4000015258789,557.6000061035156,0,0,0,0.0,0,0,0,0,0,,,0,0,0,,,0,3,,0.71,181,27,20,0,,,0.0,0.0
cl01,3,table-detector,TABLE,0.9,128.92660522460938,561.1836547851562,129.92660522460938,562.1836547851562,1.0,1.0,129.42660522460938,561.6836547851562,0,0,0,0.0,0,0,0,0,0,,,0,0,0,,,0,4,,18.17,181,21,14,0,,,0.0,0.0
cl01,3,table-detector,TABLE,0.9,128.92660522460938,552.192626953125,129.92660522460938,553.192626953125,1.0,1.0,129.42660522460938,552.692626953125,0,0,0,0.0,0,0,0,0,0,,,0,0,0,,,0,4,,18.17,181,21,14,0,,,0.0,0.0
cl01,3,table-detector,TABLE,0.9,128.92660522460938,511.66058349609375,129.92660522460938,512.6605834960938,1.0,1.0,129.42660522460938,512.1605834960938,0,0,0,0.0,0,0,0,0,0,,,0,0,0,,,1,4,,18.17,181,21,14,0,,,0.0,0.0
cl01,3,table-detector,TABLE,0.9,128.92660522460938,502.6695861816406,129.92660522460938,503.6695861816406,1.0,1.0,129.42660522460938,503.1695861816406,0,0,0,0.0,0,0,0,0,0,,,0,0,0,,,1,4,,18.17,181,21,14,0,,,0.0,0.0
cl01,3,table-detector,TABLE,0.9,128.92660522460938,462.1376953125,129.92660522460938,463.1376953125,1.0,1.0,129.42660522460938,462.6376953125,0,0,0,0.0,0,0,0,0,0,,,0,0,0,,,2,4,,18.17,181,21,14,0,,,0.0,0.0
cl01,3,table-detector,TABLE,0.9,128.92660522460938,453.1466979980469,129.92660522460938,454.1466979980469,1.0,1.0,129.42660522460938,453.6466979980469,0,0,0,0.0,0,0,0,0,0,,,0,0,0,,,2,4,,18.17,181,21,14,0,,,0.0,0.0
cl01,3,table-detector,TABLE,0.9,129.92660522460938,553.192626953125,129.92660522460938,561.1836547851562,0.0,7.99102783203125,129.92660522460938,557.1881408691406,0,0,0,0.0,0,0,0,0,0,,,0,0,0,,,0,4,,18.11,181,27,20,0,,,0.0,0.0
cl01,3,table-detector,TABLE,0.9,129.92660522460938,503.6695861816406,129.92660522460938,511.66058349609375,0.0,7.990997314453125,129.92660522460938,507.6650848388672,0,0,0,0.0,0,0,0,0,0,,,0,0,0,,,1,4,,18.11,181,28,21,0,,,0.0,0.0
cl01,3,table-detector,TABLE,0.9,129.92660522460938,454.1466979980469,129.92660522460938,462.1376953125,0.0,7.990997314453125,129.92660522460938,458.14219665527344,0,0,0,0.0,0,0,0,0,0,,,0,0,0,,,2,4,,18.11,181,27,20,0,,,0.0,0.0
cl01,3,table-detector,TABLE,0.9,49.44599914550781,544.8070068359375,545.2789916992188,569.5679931640625,495.83299255371094,24.760986328125,297.3624954223633,557.1875,0,0,0,0.0,0,0,0,0,0,,,0,0,0,,,0,6,,77.86,181,27,20,1,OPTION,HYPERTENSION [NO],0.0295,1.0
cl01,3,table-detector,TABLE,0.9,49.44599914550781,495.28399658203125,545.2789916992188,520.0449829101562,495.83299255371094,24.760986328125,297.3624954223633,507.66448974609375,0,0,0,0.0,0,0,0,0,0,,,0,0,0,,,1,6,,115.63,181,28,21,1,OPTION,"GASTROINTESTINAL (ABDOMINAL PAIN, VOMITING, DIARRHEA) [NO]",0.0295,1.0
cl01,3,table-detector,TABLE,0.9,49.44599914550781,445.760986328125,545.2789916992188,470.52197265625,495.83299255371094,24.760986328125,297.3624954223633,458.1414794921875,0,0,0,0.0,0,0,0,0,0,,,0,0,0,,,2,6,,146.2,181,27,20,1,OPTION,"STRESS, DEPRESSION, ANXIETY OR PSYCHIATRIC CONDITION [NO]",0.0295,1.0
cl01,4,vertical-rule-detector,VLINE,0.9,148.7503204345703,37.14166259765625,148.7503204345703,755.2246704101562,0.0,718.0830078125,148.7503204345703,396.18316650390625,0,0,0,0.0,0,0,0,0,0,,,0,0,0,,,,,,9999.0,432,144,137,0,,,0.0,0.0
cl01,4,vertical-rule-detector,VLINE,0.9,347.08331298828125,37.14166259765625,347.08331298828125,755.2246704101562,0.0,718.0830078125,347.08331298828125,396.18316650390625,0,0,0,0.0,0,0,0,0,0,,,0,0,0,,,,,,9999.0,432,144,137,0,,,0.0,0.0
cl01,4,vertical-rule-detector,VLINE,0.9,545.4166870117188,37.1422004699707,545.4166870117188,755.2252197265625,0.0,718.0830192565918,545.4166870117188,396.1837100982666,0,0,0,0.0,0,0,0,0,0,,,0,0,0,,,,,,9999.0,432,144,137,0,,,0.0,0.0
cl01,4,vertical-rule-detector,VLINE,0.9,148.7503204345703,37.14166259765625,148.7503204345703,755.2246704101562,0.0,718.0830078125,148.7503204345703,396.18316650390625,0,0,0,0.0,0,0,0,0,0,,,0,0,0,,,,,,9999.0,432,144,137,0,,,0.0,0.0
cl01,4,vertical-rule-detector,VLINE,0.9,446.25,37.14190673828125,446.25,744.846923828125,0.0,707.7050170898438,446.25,390.9944152832031,0,0,0,0.0,0,0,0,0,0,,,0,0,0,,,,,,9999.0,432,146,137,0,,,0.0,0.0
cl01,4,vertical-rule-detector,VLINE,0.9,347.08331298828125,37.14166259765625,347.08331298828125,755.2246704101562,0.0,718.0830078125,347.08331298828125,396.18316650390625,0,0,0,0.0,0,0,0,0,0,,,0,0,0,,,,,,9999.0,432,144,137,0,,,0.0,0.0
cl01,4,vertical-rule-detector,VLINE,0.9,247.9167022705078,37.14190673828125,247.9167022705078,744.846923828125,0.0,707.7050170898438,247.9167022705078,390.9944152832031,0,0,0,0.0,0,0,0,0,0,,,0,0,0,,,,,,9999.0,432,146,137,0,,,0.0,0.0
cl01,4,vertical-rule-detector,VLINE,0.9,545.4166870117188,37.1422004699707,545.4166870117188,755.2252197265625,0.0,718.0830192565918,545.4166870117188,396.1837100982666,0,0,0,0.0,0,0,0,0,0,,,0,0,0,,,,,,9999.0,432,144,137,0,,,0.0,0.0
cl01,4,vertical-rule-detector,VLINE,0.9,148.7503204345703,37.14166259765625,148.7503204345703,755.2246704101562,0.0,718.0830078125,148.7503204345703,396.18316650390625,0,0,0,0.0,0,0,0,0,0,,,0,0,0,,,,,,9999.0,432,144,137,0,,,0.0,0.0
cl01,4,vertical-rule-detector,VLINE,0.9,446.25,37.14190673828125,446.25,744.846923828125,0.0,707.7050170898438,446.25,390.9944152832031,0,0,0,0.0,0,0,0,0,0,,,0,0,0,,,,,,9999.0,432,146,137,0,,,0.0,0.0
cl01,4,vertical-rule-detector,VLINE,0.9,347.08331298828125,37.14166259765625,347.08331298828125,755.2246704101562,0.0,718.0830078125,347.08331298828125,396.18316650390625,0,0,0,0.0,0,0,0,0,0,,,0,0,0,,,,,,9999.0,432,144,137,0,,,0.0,0.0
cl01,4,vertical-rule-detector,VLINE,0.9,247.9167022705078,37.14190673828125,247.9167022705078,744.846923828125,0.0,707.7050170898438,247.9167022705078,390.9944152832031,0,0,0,0.0,0,0,0,0,0,,,0,0,0,,,,,,9999.0,432,146,137,0,,,0.0,0.0
cl01,4,vertical-rule-detector,VLINE,0.9,49.58330154418945,37.1422004699707,49.58330154418945,730.4631958007812,0.0,693.3209953308105,49.58330154418945,383.802698135376,0,0,0,0.0,0,0,0,0,0,,,0,0,0,,,,,,9999.0,432,27,25,0,,,0.0,0.0
cl01,4,vertical-rule-detector,VLINE,0.9,545.4166870117188,37.1422004699707,545.4166870117188,755.2252197265625,0.0,718.0830192565918,545.4166870117188,396.1837100982666,0,0,0,0.0,0,0,0,0,0,,,0,0,0,,,,,,9999.0,432,144,137,0,,,0.0,0.0
cl01,4,vertical-rule-detector,VLINE,0.9,148.7503204345703,37.14166259765625,148.7503204345703,755.2246704101562,0.0,718.0830078125,148.7503204345703,396.18316650390625,0,0,0,0.0,0,0,0,0,0,,,0,0,0,,,,,,9999.0,432,144,137,0,,,0.0,0.0
cl01,4,vertical-rule-detector,VLINE,0.9,446.25,37.14190673828125,446.25,744.846923828125,0.0,707.7050170898438,446.25,390.9944152832031,0,0,0,0.0,0,0,0,0,0,,,0,0,0,,,,,,9999.0,432,146,137,0,,,0.0,0.0
cl01,4,vertical-rule-detector,VLINE,0.9,347.08331298828125,37.14166259765625,347.08331298828125,755.2246704101562,0.0,718.0830078125,347.08331298828125,396.18316650390625,0,0,0,0.0,0,0,0,0,0,,,0,0,0,,,,,,9999.0,432,144,137,0,,,0.0,0.0
cl01,4,vertical-rule-detector,VLINE,0.9,247.9167022705078,37.14190673828125,247.9167022705078,744.846923828125,0.0,707.7050170898438,247.9167022705078,390.9944152832031,0,0,0,0.0,0,0,0,0,0,,,0,0,0,,,,,,9999.0,432,146,137,0,,,0.0,0.0
cl01,4,vertical-rule-detector,VLINE,0.9,49.58330154418945,37.1422004699707,49.58330154418945,730.4631958007812,0.0,693.3209953308105,49.58330154418945,383.802698135376,0,0,0,0.0,0,0,0,0,0,,,0,0,0,,,,,,9999.0,432,27,25,0,,,0.0,0.0
cl01,4,vertical-rule-detector,VLINE,0.9,545.4166870117188,37.1422004699707,545.4166870117188,755.2252197265625,0.0,718.0830192565918,545.4166870117188,396.1837100982666,0,0,0,0.0,0,0,0,0,0,,,0,0,0,,,,,,9999.0,432,144,137,0,,,0.0,0.0
cl01,4,vertical-rule-detector,VLINE,0.9,148.7503204345703,37.14166259765625,148.7503204345703,755.2246704101562,0.0,718.0830078125,148.7503204345703,396.18316650390625,0,0,0,0.0,0,0,0,0,0,,,0,0,0,,,,,,9999.0,432,144,137,0,,,0.0,0.0
cl01,4,vertical-rule-detector,VLINE,0.9,446.25,37.14190673828125,446.25,744.846923828125,0.0,707.7050170898438,446.25,390.9944152832031,0,0,0,0.0,0,0,0,0,0,,,0,0,0,,,,,,9999.0,432,146,137,0,,,0.0,0.0
cl01,4,vertical-rule-detector,VLINE,0.9,347.08331298828125,37.14166259765625,347.08331298828125,755.2246704101562,0.0,718.0830078125,347.08331298828125,396.18316650390625,0,0,0,0.0,0,0,0,0,0,,,0,0,0,,,,,,9999.0,432,144,137,0,,,0.0,0.0
cl01,4,vertical-rule-detector,VLINE,0.9,247.9167022705078,37.14190673828125,247.9167022705078,744.846923828125,0.0,707.7050170898438,247.9167022705078,390.9944152832031,0,0,0,0.0,0,0,0,0,0,,,0,0,0,,,,,,9999.0,432,146,137,0,,,0.0,0.0
cl01,4,vertical-rule-detector,VLINE,0.9,49.58330154418945,37.1422004699707,49.58330154418945,730.4631958007812,0.0,693.3209953308105,49.58330154418945,383.802698135376,0,0,0,0.0,0,0,0,0,0,,,0,0,0,,,,,,9999.0,432,27,25,0,,,0.0,0.0
cl01,4,vertical-rule-detector,VLINE,0.9,545.4166870117188,37.1422004699707,545.4166870117188,755.2252197265625,0.0,718.0830192565918,545.4166870117188,396.1837100982666,0,0,0,0.0,0,0,0,0,0,,,0,0,0,,,,,,9999.0,432,144,137,0,,,0.0,0.0
cl01,4,vertical-rule-detector,VLINE,0.9,148.7503204345703,37.14166259765625,148.7503204345703,755.2246704101562,0.0,718.0830078125,148.7503204345703,396.18316650390625,0,0,0,0.0,0,0,0,0,0,,,0,0,0,,,,,,9999.0,432,144,137,0,,,0.0,0.0
cl01,4,vertical-rule-detector,VLINE,0.9,446.25,37.14190673828125,446.25,744.846923828125,0.0,707.7050170898438,446.25,390.9944152832031,0,0,0,0.0,0,0,0,0,0,,,0,0,0,,,,,,9999.0,432,146,137,0,,,0.0,0.0
cl01,4,vertical-rule-detector,VLINE,0.9,347.08331298828125,37.14166259765625,347.08331298828125,755.2246704101562,0.0,718.0830078125,347.08331298828125,396.18316650390625,0,0,0,0.0,0,0,0,0,0,,,0,0,0,,,,,,9999.0,432,144,137,0,,,0.0,0.0
cl01,4,vertical-rule-detector,VLINE,0.9,247.9167022705078,37.14190673828125,247.9167022705078,744.846923828125,0.0,707.7050170898438,247.9167022705078,390.9944152832031,0,0,0,0.0,0,0,0,0,0,,,0,0,0,,,,,,9999.0,432,146,137,0,,,0.0,0.0
cl01,4,vertical-rule-detector,VLINE,0.9,49.58330154418945,37.1422004699707,49.58330154418945,730.4631958007812,0.0,693.3209953308105,49.58330154418945,383.802698135376,0,0,0,0.0,0,0,0,0,0,,,0,0,0,,,,,,9999.0,432,27,25,0,,,0.0,0.0
cl01,4,vertical-rule-detector,VLINE,0.9,545.4166870117188,37.1422004699707,545.4166870117188,755.2252197265625,0.0,718.0830192565918,545.4166870117188,396.1837100982666,0,0,0,0.0,0,0,0,0,0,,,0,0,0,,,,,,9999.0,432,144,137,0,,,0.0,0.0
cl01,4,vertical-rule-detector,VLINE,0.9,148.7503204345703,37.14166259765625,148.7503204345703,755.2246704101562,0.0,718.0830078125,148.7503204345703,396.18316650390625,0,0,0,0.0,0,0,0,0,0,,,0,0,0,,,,,,9999.0,432,144,137,0,,,0.0,0.0
cl01,4,vertical-rule-detector,VLINE,0.9,446.25,37.14190673828125,446.25,744.846923828125,0.0,707.7050170898438,446.25,390.9944152832031,0,0,0,0.0,0,0,0,0,0,,,0,0,0,,,,,,9999.0,432,146,137,0,,,0.0,0.0
cl01,4,vertical-rule-detector,VLINE,0.9,347.08331298828125,37.14166259765625,347.08331298828125,755.2246704101562,0.0,718.0830078125,347.08331298828125,396.18316650390625,0,0,0,0.0,0,0,0,0,0,,,0,0,0,,,,,,9999.0,432,144,137,0,,,0.0,0.0
cl01,4,vertical-rule-detector,VLINE,0.9,247.9167022705078,37.14190673828125,247.9167022705078,744.846923828125,0.0,707.7050170898438,247.9167022705078,390.9944152832031,0,0,0,0.0,0,0,0,0,0,,,0,0,0,,,,,,9999.0,432,146,137,0,,,0.0,0.0
cl01,4,vertical-rule-detector,VLINE,0.9,49.58330154418945,37.1422004699707,49.58330154418945,730.4631958007812,0.0,693.3209953308105,49.58330154418945,383.802698135376,0,0,0,0.0,0,0,0,0,0,,,0,0,0,,,,,,9999.0,432,27,25,0,,,0.0,0.0
cl01,4,vertical-rule-detector,VLINE,0.9,545.4166870117188,37.1422004699707,545.4166870117188,755.2252197265625,0.0,718.0830192565918,545.4166870117188,396.1837100982666,0,0,0,0.0,0,0,0,0,0,,,0,0,0,,,,,,9999.0,432,144,137,0,,,0.0,0.0
cl01,4,vertical-rule-detector,VLINE,0.9,148.7503204345703,37.14166259765625,148.7503204345703,755.2246704101562,0.0,718.0830078125,148.7503204345703,396.18316650390625,0,0,0,0.0,0,0,0,0,0,,,0,0,0,,,,,,9999.0,432,144,137,0,,,0.0,0.0
cl01,4,vertical-rule-detector,VLINE,0.9,446.25,37.14190673828125,446.25,744.846923828125,0.0,707.7050170898438,446.25,390.9944152832031,0,0,0,0.0,0,0,0,0,0,,,0,0,0,,,,,,9999.0,432,146,137,0,,,0.0,0.0
cl01,4,vertical-rule-detector,VLINE,0.9,347.08331298828125,37.14166259765625,347.08331298828125,755.2246704101562,0.0,718.0830078125,347.08331298828125,396.18316650390625,0,0,0,0.0,0,0,0,0,0,,,0,0,0,,,,,,9999.0,432,144,137,0,,,0.0,0.0
cl01,4,vertical-rule-detector,VLINE,0.9,247.9167022705078,37.14190673828125,247.9167022705078,744.846923828125,0.0,707.7050170898438,247.9167022705078,390.9944152832031,0,0,0,0.0,0,0,0,0,0,,,0,0,0,,,,,,9999.0,432,146,137,0,,,0.0,0.0
cl01,4,vertical-rule-detector,VLINE,0.9,49.58330154418945,37.1422004699707,49.58330154418945,730.4631958007812,0.0,693.3209953308105,49.58330154418945,383.802698135376,0,0,0,0.0,0,0,0,0,0,,,0,0,0,,,,,,9999.0,432,27,25,0,,,0.0,0.0
cl01,4,vertical-rule-detector,VLINE,0.9,545.4166870117188,37.1422004699707,545.4166870117188,755.2252197265625,0.0,718.0830192565918,545.4166870117188,396.1837100982666,0,0,0,0.0,0,0,0,0,0,,,0,0,0,,,,,,9999.0,432,144,137,0,,,0.0,0.0
cl01,4,vertical-rule-detector,VLINE,0.9,148.7503204345703,37.14166259765625,148.7503204345703,755.2246704101562,0.0,718.0830078125,148.7503204345703,396.18316650390625,0,0,0,0.0,0,0,0,0,0,,,0,0,0,,,,,,9999.0,432,144,137,0,,,0.0,0.0
cl01,4,vertical-rule-detector,VLINE,0.9,446.25,37.14190673828125,446.25,744.846923828125,0.0,707.7050170898438,446.25,390.9944152832031,0,0,0,0.0,0,0,0,0,0,,,0,0,0,,,,,,9999.0,432,146,137,0,,,0.0,0.0
cl01,4,vertical-rule-detector,VLINE,0.9,347.08331298828125,37.14166259765625,347.08331298828125,755.2246704101562,0.0,718.0830078125,347.08331298828125,396.18316650390625,0,0,0,0.0,0,0,0,0,0,,,0,0,0,,,,,,9999.0,432,144,137,0,,,0.0,0.0
cl01,4,vertical-rule-detector,VLINE,0.9,247.9167022705078,37.14190673828125,247.9167022705078,744.846923828125,0.0,707.7050170898438,247.9167022705078,390.9944152832031,0,0,0,0.0,0,0,0,0,0,,,0,0,0,,,,,,9999.0,432,146,137,0,,,0.0,0.0
cl01,4,vertical-rule-detector,VLINE,0.9,49.58330154418945,37.1422004699707,49.58330154418945,730.4631958007812,0.0,693.3209953308105,49.58330154418945,383.802698135376,0,0,0,0.0,0,0,0,0,0,,,0,0,0,,,,,,9999.0,432,27,25,0,,,0.0,0.0
cl01,4,vertical-rule-detector,VLINE,0.9,545.4166870117188,37.1422004699707,545.4166870117188,755.2252197265625,0.0,718.0830192565918,545.4166870117188,396.1837100982666,0,0,0,0.0,0,0,0,0,0,,,0,0,0,,,,,,9999.0,432,144,137,0,,,0.0,0.0
cl01,4,vertical-rule-detector,VLINE,0.9,148.7503204345703,37.14166259765625,148.7503204345703,755.2246704101562,0.0,718.0830078125,148.7503204345703,396.18316650390625,0,0,0,0.0,0,0,0,0,0,,,0,0,0,,,,,,9999.0,432,144,137,0,,,0.0,0.0
cl01,4,vertical-rule-detector,VLINE,0.9,446.25,37.14190673828125,446.25,744.846923828125,0.0,707.7050170898438,446.25,390.9944152832031,0,0,0,0.0,0,0,0,0,0,,,0,0,0,,,,,,9999.0,432,146,137,0,,,0.0,0.0
cl01,4,vertical-rule-detector,VLINE,0.9,347.08331298828125,37.14166259765625,347.08331298828125,755.2246704101562,0.0,718.0830078125,347.08331298828125,396.18316650390625,0,0,0,0.0,0,0,0,0,0,,,0,0,0,,,,,,9999.0,432,144,137,0,,,0.0,0.0
cl01,4,vertical-rule-detector,VLINE,0.9,247.9167022705078,37.14190673828125,247.9167022705078,744.846923828125,0.0,707.7050170898438,247.9167022705078,390.9944152832031,0,0,0,0.0,0,0,0,0,0,,,0,0,0,,,,,,9999.0,432,146,137,0,,,0.0,0.0
cl01,4,vertical-rule-detector,VLINE,0.9,49.58330154418945,37.1422004699707,49.58330154418945,730.4631958007812,0.0,693.3209953308105,49.58330154418945,383.802698135376,0,0,0,0.0,0,0,0,0,0,,,0,0,0,,,,,,9999.0,432,27,25,0,,,0.0,0.0
cl01,4,vertical-rule-detector,VLINE,0.9,545.4166870117188,37.1422004699707,545.4166870117188,755.2252197265625,0.0,718.0830192565918,545.4166870117188,396.1837100982666,0,0,0,0.0,0,0,0,0,0,,,0,0,0,,,,,,9999.0,432,144,137,0,,,0.0,0.0
cl01,4,vertical-rule-detector,VLINE,0.9,148.7503204345703,37.14166259765625,148.7503204345703,755.2246704101562,0.0,718.0830078125,148.7503204345703,396.18316650390625,0,0,0,0.0,0,0,0,0,0,,,0,0,0,,,,,,9999.0,432,144,137,0,,,0.0,0.0
cl01,4,vertical-rule-detector,VLINE,0.9,446.25,37.14190673828125,446.25,744.846923828125,0.0,707.7050170898438,446.25,390.9944152832031,0,0,0,0.0,0,0,0,0,0,,,0,0,0,,,,,,9999.0,432,146,137,0,,,0.0,0.0
cl01,4,vertical-rule-detector,VLINE,0.9,347.08331298828125,37.14166259765625,347.08331298828125,755.2246704101562,0.0,718.0830078125,347.08331298828125,396.18316650390625,0,0,0,0.0,0,0,0,0,0,,,0,0,0,,,,,,9999.0,432,144,137,0,,,0.0,0.0
cl01,4,vertical-rule-detector,VLINE,0.9,247.9167022705078,37.14190673828125,247.9167022705078,744.846923828125,0.0,707.7050170898438,247.9167022705078,390.9944152832031,0,0,0,0.0,0,0,0,0,0,,,0,0,0,,,,,,9999.0,432,146,137,0,,,0.0,0.0
cl01,4,vertical-rule-detector,VLINE,0.9,49.58330154418945,37.1422004699707,49.58330154418945,730.4631958007812,0.0,693.3209953308105,49.58330154418945,383.802698135376,0,0,0,0.0,0,0,0,0,0,,,0,0,0,,,,,,9999.0,432,27,25,0,,,0.0,0.0
cl01,4,vertical-rule-detector,VLINE,0.9,545.4166870117188,37.1422004699707,545.4166870117188,755.2252197265625,0.0,718.0830192565918,545.4166870117188,396.1837100982666,0,0,0,0.0,0,0,0,0,0,,,0,0,0,,,,,,9999.0,432,144,137,0,,,0.0,0.0
cl01,4,vertical-rule-detector,VLINE,0.9,148.7503204345703,37.14166259765625,148.7503204345703,755.2246704101562,0.0,718.0830078125,148.7503204345703,396.18316650390625,0,0,0,0.0,0,0,0,0,0,,,0,0,0,,,,,,9999.0,432,144,137,0,,,0.0,0.0
cl01,4,vertical-rule-detector,VLINE,0.9,446.25,37.14190673828125,446.25,744.846923828125,0.0,707.7050170898438,446.25,390.9944152832031,0,0,0,0.0,0,0,0,0,0,,,0,0,0,,,,,,9999.0,432,146,137,0,,,0.0,0.0
cl01,4,vertical-rule-detector,VLINE,0.9,347.08331298828125,37.14166259765625,347.08331298828125,755.2246704101562,0.0,718.0830078125,347.08331298828125,396.18316650390625,0,0,0,0.0,0,0,0,0,0,,,0,0,0,,,,,,9999.0,432,144,137,0,,,0.0,0.0
cl01,4,vertical-rule-detector,VLINE,0.9,247.9167022705078,37.14190673828125,247.9167022705078,744.846923828125,0.0,707.7050170898438,247.9167022705078,390.9944152832031,0,0,0,0.0,0,0,0,0,0,,,0,0,0,,,,,,9999.0,432,146,137,0,,,0.0,0.0
cl01,4,vertical-rule-detector,VLINE,0.9,49.58330154418945,37.1422004699707,49.58330154418945,730.4631958007812,0.0,693.3209953308105,49.58330154418945,383.802698135376,0,0,0,0.0,0,0,0,0,0,,,0,0,0,,,,,,9999.0,432,27,25,0,,,0.0,0.0
cl01,4,vertical-rule-detector,VLINE,0.9,545.4166870117188,37.1422004699707,545.4166870117188,755.2252197265625,0.0,718.0830192565918,545.4166870117188,396.1837100982666,0,0,0,0.0,0,0,0,0,0,,,0,0,0,,,,,,9999.0,432,144,137,0,,,0.0,0.0
cl01,4,vertical-rule-detector,VLINE,0.9,148.7503204345703,37.14166259765625,148.7503204345703,755.2246704101562,0.0,718.0830078125,148.7503204345703,396.18316650390625,0,0,0,0.0,0,0,0,0,0,,,0,0,0,,,,,,9999.0,432,144,137,0,,,0.0,0.0
cl01,4,vertical-rule-detector,VLINE,0.9,446.25,37.14190673828125,446.25,744.846923828125,0.0,707.7050170898438,446.25,390.9944152832031,0,0,0,0.0,0,0,0,0,0,,,0,0,0,,,,,,9999.0,432,146,137,0,,,0.0,0.0
cl01,4,vertical-rule-detector,VLINE,0.9,347.08331298828125,37.14166259765625,347.08331298828125,755.2246704101562,0.0,718.0830078125,347.08331298828125,396.18316650390625,0,0,0,0.0,0,0,0,0,0,,,0,0,0,,,,,,9999.0,432,144,137,0,,,0.0,0.0
cl01,4,vertical-rule-detector,VLINE,0.9,247.9167022705078,37.14190673828125,247.9167022705078,744.846923828125,0.0,707.7050170898438,247.9167022705078,390.9944152832031,0,0,0,0.0,0,0,0,0,0,,,0,0,0,,,,,,9999.0,432,146,137,0,,,0.0,0.0
cl01,4,vertical-rule-detector,VLINE,0.9,49.58330154418945,37.1422004699707,49.58330154418945,730.4631958007812,0.0,693.3209953308105,49.58330154418945,383.802698135376,0,0,0,0.0,0,0,0,0,0,,,0,0,0,,,,,,9999.0,432,27,25,0,,,0.0,0.0
cl01,4,vertical-rule-detector,VLINE,0.9,545.4166870117188,37.1422004699707,545.4166870117188,755.2252197265625,0.0,718.0830192565918,545.4166870117188,396.1837100982666,0,0,0,0.0,0,0,0,0,0,,,0,0,0,,,,,,9999.0,432,144,137,0,,,0.0,0.0
cl01,4,vertical-rule-detector,VLINE,0.9,148.7503204345703,37.14166259765625,148.7503204345703,755.2246704101562,0.0,718.0830078125,148.7503204345703,396.18316650390625,0,0,0,0.0,0,0,0,0,0,,,0,0,0,,,,,,9999.0,432,144,137,0,,,0.0,0.0
cl01,4,vertical-rule-detector,VLINE,0.9,446.25,37.14190673828125,446.25,744.846923828125,0.0,707.7050170898438,446.25,390.9944152832031,0,0,0,0.0,0,0,0,0,0,,,0,0,0,,,,,,9999.0,432,146,137,0,,,0.0,0.0
cl01,4,vertical-rule-detector,VLINE,0.9,347.08331298828125,37.14166259765625,347.08331298828125,755.2246704101562,0.0,718.0830078125,347.08331298828125,396.18316650390625,0,0,0,0.0,0,0,0,0,0,,,0,0,0,,,,,,9999.0,432,144,137,0,,,0.0,0.0
cl01,4,vertical-rule-detector,VLINE,0.9,247.9167022705078,37.14190673828125,247.9167022705078,744.846923828125,0.0,707.7050170898438,247.9167022705078,390.9944152832031,0,0,0,0.0,0,0,0,0,0,,,0,0,0,,,,,,9999.0,432,146,137,0,,,0.0,0.0
cl01,4,vertical-rule-detector,VLINE,0.9,49.58330154418945,37.1422004699707,49.58330154418945,730.4631958007812,0.0,693.3209953308105,49.58330154418945,383.802698135376,0,0,0,0.0,0,0,0,0,0,,,0,0,0,,,,,,9999.0,432,27,25,0,,,0.0,0.0
cl01,4,vertical-rule-detector,VLINE,0.9,545.4166870117188,37.1422004699707,545.4166870117188,755.2252197265625,0.0,718.0830192565918,545.4166870117188,396.1837100982666,0,0,0,0.0,0,0,0,0,0,,,0,0,0,,,,,,9999.0,432,144,137,0,,,0.0,0.0
cl01,4,vertical-rule-detector,VLINE,0.9,148.7503204345703,37.14166259765625,148.7503204345703,755.2246704101562,0.0,718.0830078125,148.7503204345703,396.18316650390625,0,0,0,0.0,0,0,0,0,0,,,0,0,0,,,,,,9999.0,432,144,137,0,,,0.0,0.0
cl01,4,vertical-rule-detector,VLINE,0.9,446.25,37.14190673828125,446.25,744.846923828125,0.0,707.7050170898438,446.25,390.9944152832031,0,0,0,0.0,0,0,0,0,0,,,0,0,0,,,,,,9999.0,432,146,137,0,,,0.0,0.0
cl01,4,vertical-rule-detector,VLINE,0.9,347.08331298828125,37.14166259765625,347.08331298828125,755.2246704101562,0.0,718.0830078125,347.08331298828125,396.18316650390625,0,0,0,0.0,0,0,0,0,0,,,0,0,0,,,,,,9999.0,432,144,137,0,,,0.0,0.0
cl01,4,vertical-rule-detector,VLINE,0.9,247.9167022705078,37.14190673828125,247.9167022705078,744.846923828125,0.0,707.7050170898438,247.9167022705078,390.9944152832031,0,0,0,0.0,0,0,0,0,0,,,0,0,0,,,,,,9999.0,432,146,137,0,,,0.0,0.0
cl01,4,vertical-rule-detector,VLINE,0.9,49.58330154418945,37.1422004699707,49.58330154418945,730.4631958007812,0.0,693.3209953308105,49.58330154418945,383.802698135376,0,0,0,0.0,0,0,0,0,0,,,0,0,0,,,,,,9999.0,432,27,25,0,,,0.0,0.0
cl01,4,vertical-rule-detector,VLINE,0.9,545.4166870117188,37.1422004699707,545.4166870117188,755.2252197265625,0.0,718.0830192565918,545.4166870117188,396.1837100982666,0,0,0,0.0,0,0,0,0,0,,,0,0,0,,,,,,9999.0,432,144,137,0,,,0.0,0.0
cl01,4,vertical-rule-detector,VLINE,0.9,148.7503204345703,37.14166259765625,148.7503204345703,755.2246704101562,0.0,718.0830078125,148.7503204345703,396.18316650390625,0,0,0,0.0,0,0,0,0,0,,,0,0,0,,,,,,9999.0,432,144,137,0,,,0.0,0.0
cl01,4,vertical-rule-detector,VLINE,0.9,446.25,37.14190673828125,446.25,744.846923828125,0.0,707.7050170898438,446.25,390.9944152832031,0,0,0,0.0,0,0,0,0,0,,,0,0,0,,,,,,9999.0,432,146,137,0,,,0.0,0.0
cl01,4,vertical-rule-detector,VLINE,0.9,347.08331298828125,37.14166259765625,347.08331298828125,755.2246704101562,0.0,718.0830078125,347.08331298828125,396.18316650390625,0,0,0,0.0,0,0,0,0,0,,,0,0,0,,,,,,9999.0,432,144,137,0,,,0.0,0.0
cl01,4,vertical-rule-detector,VLINE,0.9,247.9167022705078,37.14190673828125,247.9167022705078,744.846923828125,0.0,707.7050170898438,247.9167022705078,390.9944152832031,0,0,0,0.0,0,0,0,0,0,,,0,0,0,,,,,,9999.0,432,146,137,0,,,0.0,0.0
cl01,4,vertical-rule-detector,VLINE,0.9,49.58330154418945,37.1422004699707,49.58330154418945,730.4631958007812,0.0,693.3209953308105,49.58330154418945,383.802698135376,0,0,0,0.0,0,0,0,0,0,,,0,0,0,,,,,,9999.0,432,27,25,0,,,0.0,0.0
cl01,4,vertical-rule-detector,VLINE,0.9,545.4166870117188,37.1422004699707,545.4166870117188,755.2252197265625,0.0,718.0830192565918,545.4166870117188,396.1837100982666,0,0,0,0.0,0,0,0,0,0,,,0,0,0,,,,,,9999.0,432,144,137,0,,,0.0,0.0
cl01,4,vertical-rule-detector,VLINE,0.9,148.7503204345703,37.14166259765625,148.7503204345703,755.2246704101562,0.0,718.0830078125,148.7503204345703,396.18316650390625,0,0,0,0.0,0,0,0,0,0,,,0,0,0,,,,,,9999.0,432,144,137,0,,,0.0,0.0
cl01,4,vertical-rule-detector,VLINE,0.9,446.25,37.14190673828125,446.25,744.846923828125,0.0,707.7050170898438,446.25,390.9944152832031,0,0,0,0.0,0,0,0,0,0,,,0,0,0,,,,,,9999.0,432,146,137,0,,,0.0,0.0
cl01,4,vertical-rule-detector,VLINE,0.9,347.08331298828125,37.14166259765625,347.08331298828125,755.2246704101562,0.0,718.0830078125,347.08331298828125,396.18316650390625,0,0,0,0.0,0,0,0,0,0,,,0,0,0,,,,,,9999.0,432,144,137,0,,,0.0,0.0
cl01,4,vertical-rule-detector,VLINE,0.9,247.9167022705078,37.14190673828125,247.9167022705078,744.846923828125,0.0,707.7050170898438,247.9167022705078,390.9944152832031,0,0,0,0.0,0,0,0,0,0,,,0,0,0,,,,,,9999.0,432,146,137,0,,,0.0,0.0
cl01,4,vertical-rule-detector,VLINE,0.9,49.58330154418945,37.1422004699707,49.58330154418945,730.4631958007812,0.0,693.3209953308105,49.58330154418945,383.802698135376,0,0,0,0.0,0,0,0,0,0,,,0,0,0,,,,,,9999.0,432,27,25,0,,,0.0,0.0
cl01,4,vertical-rule-detector,VLINE,0.9,545.4166870117188,37.1422004699707,545.4166870117188,755.2252197265625,0.0,718.0830192565918,545.4166870117188,396.1837100982666,0,0,0,0.0,0,0,0,0,0,,,0,0,0,,,,,,9999.0,432,144,137,0,,,0.0,0.0
cl01,4,vertical-rule-detector,VLINE,0.9,148.7503204345703,37.14166259765625,148.7503204345703,755.2246704101562,0.0,718.0830078125,148.7503204345703,396.18316650390625,0,0,0,0.0,0,0,0,0,0,,,0,0,0,,,,,,9999.0,432,144,137,0,,,0.0,0.0
cl01,4,vertical-rule-detector,VLINE,0.9,446.25,37.14190673828125,446.25,744.846923828125,0.0,707.7050170898438,446.25,390.9944152832031,0,0,0,0.0,0,0,0,0,0,,,0,0,0,,,,,,9999.0,432,146,137,0,,,0.0,0.0
cl01,4,vertical-rule-detector,VLINE,0.9,347.08331298828125,37.14166259765625,347.08331298828125,755.2246704101562,0.0,718.0830078125,347.08331298828125,396.18316650390625,0,0,0,0.0,0,0,0,0,0,,,0,0,0,,,,,,9999.0,432,144,137,0,,,0.0,0.0
cl01,4,vertical-rule-detector,VLINE,0.9,247.9167022705078,37.14190673828125,247.9167022705078,744.846923828125,0.0,707.7050170898438,247.9167022705078,390.9944152832031,0,0,0,0.0,0,0,0,0,0,,,0,0,0,,,,,,9999.0,432,146,137,0,,,0.0,0.0
cl01,4,vertical-rule-detector,VLINE,0.9,49.58330154418945,37.1422004699707,49.58330154418945,730.4631958007812,0.0,693.3209953308105,49.58330154418945,383.802698135376,0,0,0,0.0,0,0,0,0,0,,,0,0,0,,,,,,9999.0,432,27,25,0,,,0.0,0.0
cl01,4,vertical-rule-detector,VLINE,0.9,545.4166870117188,37.1422004699707,545.4166870117188,755.2252197265625,0.0,718.0830192565918,545.4166870117188,396.1837100982666,0,0,0,0.0,0,0,0,0,0,,,0,0,0,,,,,,9999.0,432,144,137,0,,,0.0,0.0
cl01,4,vertical-rule-detector,VLINE,0.9,148.7503204345703,37.14166259765625,148.7503204345703,755.2246704101562,0.0,718.0830078125,148.7503204345703,396.18316650390625,0,0,0,0.0,0,0,0,0,0,,,0,0,0,,,,,,9999.0,432,144,137,0,,,0.0,0.0
cl01,4,vertical-rule-detector,VLINE,0.9,446.25,37.14190673828125,446.25,744.846923828125,0.0,707.7050170898438,446.25,390.9944152832031,0,0,0,0.0,0,0,0,0,0,,,0,0,0,,,,,,9999.0,432,146,137,0,,,0.0,0.0
cl01,4,vertical-rule-detector,VLINE,0.9,347.08331298828125,37.14166259765625,347.08331298828125,755.2246704101562,0.0,718.0830078125,347.08331298828125,396.18316650390625,0,0,0,0.0,0,0,0,0,0,,,0,0,0,,,,,,9999.0,432,144,137,0,,,0.0,0.0
cl01,4,vertical-rule-detector,VLINE,0.9,247.9167022705078,37.14190673828125,247.9167022705078,744.846923828125,0.0,707.7050170898438,247.9167022705078,390.9944152832031,0,0,0,0.0,0,0,0,0,0,,,0,0,0,,,,,,9999.0,432,146,137,0,,,0.0,0.0
cl01,4,vertical-rule-detector,VLINE,0.9,49.58330154418945,37.1422004699707,49.58330154418945,730.4631958007812,0.0,693.3209953308105,49.58330154418945,383.802698135376,0,0,0,0.0,0,0,0,0,0,,,0,0,0,,,,,,9999.0,432,27,25,0,,,0.0,0.0
cl01,4,vertical-rule-detector,VLINE,0.9,545.4166870117188,37.1422004699707,545.4166870117188,755.2252197265625,0.0,718.0830192565918,545.4166870117188,396.1837100982666,0,0,0,0.0,0,0,0,0,0,,,0,0,0,,,,,,9999.0,432,144,137,0,,,0.0,0.0
cl01,4,vertical-rule-detector,VLINE,0.9,148.7503204345703,37.14166259765625,148.7503204345703,755.2246704101562,0.0,718.0830078125,148.7503204345703,396.18316650390625,0,0,0,0.0,0,0,0,0,0,,,0,0,0,,,,,,9999.0,432,144,137,0,,,0.0,0.0
cl01,4,vertical-rule-detector,VLINE,0.9,446.25,37.14190673828125,446.25,744.846923828125,0.0,707.7050170898438,446.25,390.9944152832031,0,0,0,0.0,0,0,0,0,0,,,0,0,0,,,,,,9999.0,432,146,137,0,,,0.0,0.0
cl01,4,vertical-rule-detector,VLINE,0.9,347.08331298828125,37.14166259765625,347.08331298828125,755.2246704101562,0.0,718.0830078125,347.08331298828125,396.18316650390625,0,0,0,0.0,0,0,0,0,0,,,0,0,0,,,,,,9999.0,432,144,137,0,,,0.0,0.0
cl01,4,vertical-rule-detector,VLINE,0.9,247.9167022705078,37.14190673828125,247.9167022705078,744.846923828125,0.0,707.7050170898438,247.9167022705078,390.9944152832031,0,0,0,0.0,0,0,0,0,0,,,0,0,0,,,,,,9999.0,432,146,137,0,,,0.0,0.0
cl01,4,vertical-rule-detector,VLINE,0.9,49.58330154418945,37.1422004699707,49.58330154418945,730.4631958007812,0.0,693.3209953308105,49.58330154418945,383.802698135376,0,0,0,0.0,0,0,0,0,0,,,0,0,0,,,,,,9999.0,432,27,25,0,,,0.0,0.0
cl01,4,vertical-rule-detector,VLINE,0.9,545.4166870117188,37.1422004699707,545.4166870117188,755.2252197265625,0.0,718.0830192565918,545.4166870117188,396.1837100982666,0,0,0,0.0,0,0,0,0,0,,,0,0,0,,,,,,9999.0,432,144,137,0,,,0.0,0.0
cl01,4,vertical-rule-detector,VLINE,0.9,148.7503204345703,37.14166259765625,148.7503204345703,755.2246704101562,0.0,718.0830078125,148.7503204345703,396.18316650390625,0,0,0,0.0,0,0,0,0,0,,,0,0,0,,,,,,9999.0,432,144,137,0,,,0.0,0.0
cl01,4,vertical-rule-detector,VLINE,0.9,446.25,37.14190673828125,446.25,744.846923828125,0.0,707.7050170898438,446.25,390.9944152832031,0,0,0,0.0,0,0,0,0,0,,,0,0,0,,,,,,9999.0,432,146,137,0,,,0.0,0.0
cl01,4,vertical-rule-detector,VLINE,0.9,347.08331298828125,37.14166259765625,347.08331298828125,755.2246704101562,0.0,718.0830078125,347.08331298828125,396.18316650390625,0,0,0,0.0,0,0,0,0,0,,,0,0,0,,,,,,9999.0,432,144,137,0,,,0.0,0.0
cl01,4,vertical-rule-detector,VLINE,0.9,247.9167022705078,37.14190673828125,247.9167022705078,744.846923828125,0.0,707.7050170898438,247.9167022705078,390.9944152832031,0,0,0,0.0,0,0,0,0,0,,,0,0,0,,,,,,9999.0,432,146,137,0,,,0.0,0.0
cl01,4,vertical-rule-detector,VLINE,0.9,49.58330154418945,37.1422004699707,49.58330154418945,730.4631958007812,0.0,693.3209953308105,49.58330154418945,383.802698135376,0,0,0,0.0,0,0,0,0,0,,,0,0,0,,,,,,9999.0,432,27,25,0,,,0.0,0.0
cl01,4,vertical-rule-detector,VLINE,0.9,545.4166870117188,37.1422004699707,545.4166870117188,755.2252197265625,0.0,718.0830192565918,545.4166870117188,396.1837100982666,0,0,0,0.0,0,0,0,0,0,,,0,0,0,,,,,,9999.0,432,144,137,0,,,0.0,0.0
cl01,4,vertical-rule-detector,VLINE,0.9,148.7503204345703,37.14166259765625,148.7503204345703,755.2246704101562,0.0,718.0830078125,148.7503204345703,396.18316650390625,0,0,0,0.0,0,0,0,0,0,,,0,0,0,,,,,,9999.0,432,144,137,0,,,0.0,0.0
cl01,4,vertical-rule-detector,VLINE,0.9,446.25,37.14190673828125,446.25,744.846923828125,0.0,707.7050170898438,446.25,390.9944152832031,0,0,0,0.0,0,0,0,0,0,,,0,0,0,,,,,,9999.0,432,146,137,0,,,0.0,0.0
cl01,4,vertical-rule-detector,VLINE,0.9,347.08331298828125,37.14166259765625,347.08331298828125,755.2246704101562,0.0,718.0830078125,347.08331298828125,396.18316650390625,0,0,0,0.0,0,0,0,0,0,,,0,0,0,,,,,,9999.0,432,144,137,0,,,0.0,0.0
cl01,4,vertical-rule-detector,VLINE,0.9,247.9167022705078,37.14190673828125,247.9167022705078,744.846923828125,0.0,707.7050170898438,247.9167022705078,390.9944152832031,0,0,0,0.0,0,0,0,0,0,,,0,0,0,,,,,,9999.0,432,146,137,0,,,0.0,0.0
cl01,4,vertical-rule-detector,VLINE,0.9,49.58330154418945,37.1422004699707,49.58330154418945,730.4631958007812,0.0,693.3209953308105,49.58330154418945,383.802698135376,0,0,0,0.0,0,0,0,0,0,,,0,0,0,,,,,,9999.0,432,27,25,0,,,0.0,0.0
cl01,4,vertical-rule-detector,VLINE,0.9,545.4166870117188,37.1422004699707,545.4166870117188,755.2252197265625,0.0,718.0830192565918,545.4166870117188,396.1837100982666,0,0,0,0.0,0,0,0,0,0,,,0,0,0,,,,,,9999.0,432,144,137,0,,,0.0,0.0
cl01,4,vertical-rule-detector,VLINE,0.9,148.7503204345703,37.14166259765625,148.7503204345703,755.2246704101562,0.0,718.0830078125,148.7503204345703,396.18316650390625,0,0,0,0.0,0,0,0,0,0,,,0,0,0,,,,,,9999.0,432,144,137,0,,,0.0,0.0
cl01,4,vertical-rule-detector,VLINE,0.9,446.25,37.14190673828125,446.25,744.846923828125,0.0,707.7050170898438,446.25,390.9944152832031,0,0,0,0.0,0,0,0,0,0,,,0,0,0,,,,,,9999.0,432,146,137,0,,,0.0,0.0
cl01,4,vertical-rule-detector,VLINE,0.9,347.08331298828125,37.14166259765625,347.08331298828125,755.2246704101562,0.0,718.0830078125,347.08331298828125,396.18316650390625,0,0,0,0.0,0,0,0,0,0,,,0,0,0,,,,,,9999.0,432,144,137,0,,,0.0,0.0
cl01,4,vertical-rule-detector,VLINE,0.9,247.9167022705078,37.14190673828125,247.9167022705078,744.846923828125,0.0,707.7050170898438,247.9167022705078,390.9944152832031,0,0,0,0.0,0,0,0,0,0,,,0,0,0,,,,,,9999.0,432,146,137,0,,,0.0,0.0
cl01,4,vertical-rule-detector,VLINE,0.9,49.58330154418945,37.1422004699707,49.58330154418945,730.4631958007812,0.0,693.3209953308105,49.58330154418945,383.802698135376,0,0,0,0.0,0,0,0,0,0,,,0,0,0,,,,,,9999.0,432,27,25,0,,,0.0,0.0
cl01,4,vertical-rule-detector,VLINE,0.9,545.4166870117188,37.1422004699707,545.4166870117188,755.2252197265625,0.0,718.0830192565918,545.4166870117188,396.1837100982666,0,0,0,0.0,0,0,0,0,0,,,0,0,0,,,,,,9999.0,432,144,137,0,,,0.0,0.0
cl01,4,vertical-rule-detector,VLINE,0.9,148.7503204345703,37.14166259765625,148.7503204345703,755.2246704101562,0.0,718.0830078125,148.7503204345703,396.18316650390625,0,0,0,0.0,0,0,0,0,0,,,0,0,0,,,,,,9999.0,432,144,137,0,,,0.0,0.0
cl01,4,vertical-rule-detector,VLINE,0.9,446.25,37.14190673828125,446.25,744.846923828125,0.0,707.7050170898438,446.25,390.9944152832031,0,0,0,0.0,0,0,0,0,0,,,0,0,0,,,,,,9999.0,432,146,137,0,,,0.0,0.0
cl01,4,vertical-rule-detector,VLINE,0.9,347.08331298828125,37.14166259765625,347.08331298828125,755.2246704101562,0.0,718.0830078125,347.08331298828125,396.18316650390625,0,0,0,0.0,0,0,0,0,0,,,0,0,0,,,,,,9999.0,432,144,137,0,,,0.0,0.0
cl01,4,vertical-rule-detector,VLINE,0.9,247.9167022705078,37.14190673828125,247.9167022705078,744.846923828125,0.0,707.7050170898438,247.9167022705078,390.9944152832031,0,0,0,0.0,0,0,0,0,0,,,0,0,0,,,,,,9999.0,432,146,137,0,,,0.0,0.0
cl01,4,vertical-rule-detector,VLINE,0.9,49.58330154418945,37.1422004699707,49.58330154418945,730.4631958007812,0.0,693.3209953308105,49.58330154418945,383.802698135376,0,0,0,0.0,0,0,0,0,0,,,0,0,0,,,,,,9999.0,432,27,25,0,,,0.0,0.0
cl01,4,vertical-rule-detector,VLINE,0.9,545.4166870117188,37.1422004699707,545.4166870117188,755.2252197265625,0.0,718.0830192565918,545.4166870117188,396.1837100982666,0,0,0,0.0,0,0,0,0,0,,,0,0,0,,,,,,9999.0,432,144,137,0,,,0.0,0.0
cl01,4,vertical-rule-detector,VLINE,0.9,148.7503204345703,37.14166259765625,148.7503204345703,755.2246704101562,0.0,718.0830078125,148.7503204345703,396.18316650390625,0,0,0,0.0,0,0,0,0,0,,,0,0,0,,,,,,9999.0,432,144,137,0,,,0.0,0.0
cl01,4,vertical-rule-detector,VLINE,0.9,446.25,37.14190673828125,446.25,744.846923828125,0.0,707.7050170898438,446.25,390.9944152832031,0,0,0,0.0,0,0,0,0,0,,,0,0,0,,,,,,9999.0,432,146,137,0,,,0.0,0.0
cl01,4,vertical-rule-detector,VLINE,0.9,347.08331298828125,37.14166259765625,347.08331298828125,755.2246704101562,0.0,718.0830078125,347.08331298828125,396.18316650390625,0,0,0,0.0,0,0,0,0,0,,,0,0,0,,,,,,9999.0,432,144,137,0,,,0.0,0.0
cl01,4,vertical-rule-detector,VLINE,0.9,247.9167022705078,37.14190673828125,247.9167022705078,744.846923828125,0.0,707.7050170898438,247.9167022705078,390.9944152832031,0,0,0,0.0,0,0,0,0,0,,,0,0,0,,,,,,9999.0,432,146,137,0,,,0.0,0.0
cl01,4,vertical-rule-detector,VLINE,0.9,49.58330154418945,37.1422004699707,49.58330154418945,730.4631958007812,0.0,693.3209953308105,49.58330154418945,383.802698135376,0,0,0,0.0,0,0,0,0,0,,,0,0,0,,,,,,9999.0,432,27,25,0,,,0.0,0.0
cl01,4,vertical-rule-detector,VLINE,0.9,545.4166870117188,37.1422004699707,545.4166870117188,755.2252197265625,0.0,718.0830192565918,545.4166870117188,396.1837100982666,0,0,0,0.0,0,0,0,0,0,,,0,0,0,,,,,,9999.0,432,144,137,0,,,0.0,0.0
cl01,4,vertical-rule-detector,VLINE,0.9,148.7503204345703,37.14166259765625,148.7503204345703,755.2246704101562,0.0,718.0830078125,148.7503204345703,396.18316650390625,0,0,0,0.0,0,0,0,0,0,,,0,0,0,,,,,,9999.0,432,144,137,0,,,0.0,0.0
cl01,4,vertical-rule-detector,VLINE,0.9,446.25,37.14190673828125,446.25,744.846923828125,0.0,707.7050170898438,446.25,390.9944152832031,0,0,0,0.0,0,0,0,0,0,,,0,0,0,,,,,,9999.0,432,146,137,0,,,0.0,0.0
cl01,4,vertical-rule-detector,VLINE,0.9,347.08331298828125,37.14166259765625,347.08331298828125,755.2246704101562,0.0,718.0830078125,347.08331298828125,396.18316650390625,0,0,0,0.0,0,0,0,0,0,,,0,0,0,,,,,,9999.0,432,144,137,0,,,0.0,0.0
cl01,4,vertical-rule-detector,VLINE,0.9,247.9167022705078,37.14190673828125,247.9167022705078,744.846923828125,0.0,707.7050170898438,247.9167022705078,390.9944152832031,0,0,0,0.0,0,0,0,0,0,,,0,0,0,,,,,,9999.0,432,146,137,0,,,0.0,0.0
cl01,4,vertical-rule-detector,VLINE,0.9,49.58330154418945,37.1422004699707,49.58330154418945,730.4631958007812,0.0,693.3209953308105,49.58330154418945,383.802698135376,0,0,0,0.0,0,0,0,0,0,,,0,0,0,,,,,,9999.0,432,27,25,0,,,0.0,0.0
cl01,4,vertical-rule-detector,VLINE,0.9,545.4166870117188,37.1422004699707,545.4166870117188,755.2252197265625,0.0,718.0830192565918,545.4166870117188,396.1837100982666,0,0,0,0.0,0,0,0,0,0,,,0,0,0,,,,,,9999.0,432,144,137,0,,,0.0,0.0
cl01,4,vertical-rule-detector,VLINE,0.9,148.7503204345703,37.14166259765625,148.7503204345703,755.2246704101562,0.0,718.0830078125,148.7503204345703,396.18316650390625,0,0,0,0.0,0,0,0,0,0,,,0,0,0,,,,,,9999.0,432,144,137,0,,,0.0,0.0
cl01,4,vertical-rule-detector,VLINE,0.9,446.25,37.14190673828125,446.25,744.846923828125,0.0,707.7050170898438,446.25,390.9944152832031,0,0,0,0.0,0,0,0,0,0,,,0,0,0,,,,,,9999.0,432,146,137,0,,,0.0,0.0
cl01,4,vertical-rule-detector,VLINE,0.9,347.08331298828125,37.14166259765625,347.08331298828125,755.2246704101562,0.0,718.0830078125,347.08331298828125,396.18316650390625,0,0,0,0.0,0,0,0,0,0,,,0,0,0,,,,,,9999.0,432,144,137,0,,,0.0,0.0
cl01,4,vertical-rule-detector,VLINE,0.9,247.9167022705078,37.14190673828125,247.9167022705078,744.846923828125,0.0,707.7050170898438,247.9167022705078,390.9944152832031,0,0,0,0.0,0,0,0,0,0,,,0,0,0,,,,,,9999.0,432,146,137,0,,,0.0,0.0
cl01,4,vertical-rule-detector,VLINE,0.9,49.58330154418945,37.1422004699707,49.58330154418945,730.4631958007812,0.0,693.3209953308105,49.58330154418945,383.802698135376,0,0,0,0.0,0,0,0,0,0,,,0,0,0,,,,,,9999.0,432,27,25,0,,,0.0,0.0
cl01,4,vertical-rule-detector,VLINE,0.9,545.4166870117188,37.1422004699707,545.4166870117188,755.2252197265625,0.0,718.0830192565918,545.4166870117188,396.1837100982666,0,0,0,0.0,0,0,0,0,0,,,0,0,0,,,,,,9999.0,432,144,137,0,,,0.0,0.0
cl01,4,vertical-rule-detector,VLINE,0.9,148.7503204345703,37.14166259765625,148.7503204345703,755.2246704101562,0.0,718.0830078125,148.7503204345703,396.18316650390625,0,0,0,0.0,0,0,0,0,0,,,0,0,0,,,,,,9999.0,432,144,137,0,,,0.0,0.0
cl01,4,vertical-rule-detector,VLINE,0.9,446.25,37.14190673828125,446.25,744.846923828125,0.0,707.7050170898438,446.25,390.9944152832031,0,0,0,0.0,0,0,0,0,0,,,0,0,0,,,,,,9999.0,432,146,137,0,,,0.0,0.0
cl01,4,vertical-rule-detector,VLINE,0.9,347.08331298828125,37.14166259765625,347.08331298828125,755.2246704101562,0.0,718.0830078125,347.08331298828125,396.18316650390625,0,0,0,0.0,0,0,0,0,0,,,0,0,0,,,,,,9999.0,432,144,137,0,,,0.0,0.0
cl01,4,vertical-rule-detector,VLINE,0.9,247.9167022705078,37.14190673828125,247.9167022705078,744.846923828125,0.0,707.7050170898438,247.9167022705078,390.9944152832031,0,0,0,0.0,0,0,0,0,0,,,0,0,0,,,,,,9999.0,432,146,137,0,,,0.0,0.0
cl01,4,vertical-rule-detector,VLINE,0.9,49.58330154418945,37.1422004699707,49.58330154418945,730.4631958007812,0.0,693.3209953308105,49.58330154418945,383.802698135376,0,0,0,0.0,0,0,0,0,0,,,0,0,0,,,,,,9999.0,432,27,25,0,,,0.0,0.0
cl01,4,vertical-rule-detector,VLINE,0.9,545.4166870117188,37.1422004699707,545.4166870117188,755.2252197265625,0.0,718.0830192565918,545.4166870117188,396.1837100982666,0,0,0,0.0,0,0,0,0,0,,,0,0,0,,,,,,9999.0,432,144,137,0,,,0.0,0.0
cl01,4,table-detector,TABLE,0.9,49.58330154418945,705.7017211914062,545.4163208007812,705.7017211914062,495.8330192565918,0.0,297.49981117248535,705.7017211914062,0,0,0,0.0,0,0,0,0,0,,,0,0,0,,,0,3,,32.13,432,6,2,0,,,0.0,0.0
cl01,4,table-detector,TABLE,0.9,49.58330154418945,680.940185546875,545.4163208007812,680.940185546875,495.8330192565918,0.0,297.49981117248535,680.940185546875,0,0,0,0.0,0,0,0,0,0,,,0,0,0,,,1,3,,56.89,432,1,0,0,,,0.0,0.0
cl01,4,table-detector,TABLE,0.9,49.58330154418945,656.1787719726562,545.4163208007812,656.1787719726562,495.8330192565918,0.0,297.49981117248535,656.1787719726562,0,0,0,0.0,0,0,0,0,0,,,0,0,0,,,2,3,,81.65,432,1,0,0,,,0.0,0.0
cl01,4,table-detector,TABLE,0.9,49.58330154418945,631.4174194335938,545.4163208007812,631.4174194335938,495.8330192565918,0.0,297.49981117248535,631.4174194335938,0,0,0,0.0,0,0,0,0,0,,,0,0,0,,,3,3,,106.41,432,1,0,0,,,0.0,0.0
cl01,4,table-detector,TABLE,0.9,49.58330154418945,606.6558837890625,545.4163208007812,606.6558837890625,495.8330192565918,0.0,297.49981117248535,606.6558837890625,0,0,0,0.0,0,0,0,0,0,,,0,0,0,,,4,3,,131.17,432,1,0,0,,,0.0,0.0
cl01,4,table-detector,TABLE,0.9,49.58330154418945,581.8944091796875,545.4163208007812,581.8944091796875,495.8330192565918,0.0,297.49981117248535,581.8944091796875,0,0,0,0.0,0,0,0,0,0,,,0,0,0,,,5,3,,155.94,432,1,0,0,,,0.0,0.0
cl01,4,table-detector,TABLE,0.9,49.58330154418945,557.1328735351562,545.4163208007812,557.1328735351562,495.8330192565918,0.0,297.49981117248535,557.1328735351562,0,0,0,0.0,0,0,0,0,0,,,0,0,0,,,6,3,,180.7,432,1,0,0,,,0.0,0.0
cl01,4,table-detector,TABLE,0.9,49.58330154418945,532.3715209960938,545.4163208007812,532.3715209960938,495.8330192565918,0.0,297.49981117248535,532.3715209960938,0,0,0,0.0,0,0,0,0,0,,,0,0,0,,,7,3,,205.46,432,1,0,0,,,0.0,0.0
cl01,4,table-detector,TABLE,0.9,49.58330154418945,507.6099853515625,545.4163208007812,507.6099853515625,495.8330192565918,0.0,297.49981117248535,507.6099853515625,0,0,0,0.0,0,0,0,0,0,,,0,0,0,,,8,3,,208.91,432,1,0,0,,,0.0,0.0
cl01,4,table-detector,TABLE,0.9,49.58330154418945,482.8485107421875,545.4163208007812,482.8485107421875,495.8330192565918,0.0,297.49981117248535,482.8485107421875,0,0,0,0.0,0,0,0,0,0,,,0,0,0,,,9,3,,214.74,432,1,0,0,,,0.0,0.0
cl01,4,table-detector,TABLE,0.9,49.58330154418945,458.08709716796875,545.4163208007812,458.08709716796875,495.8330192565918,0.0,297.49981117248535,458.08709716796875,0,0,0,0.0,0,0,0,0,0,,,0,0,0,,,10,3,,221.39,432,1,0,0,,,0.0,0.0
cl01,4,table-detector,TABLE,0.9,49.58330154418945,433.3255920410156,545.4163208007812,433.3255920410156,495.8330192565918,0.0,297.49981117248535,433.3255920410156,0,0,0,0.0,0,0,0,0,0,,,0,0,0,,,11,3,,221.2,432,1,0,0,,,0.0,0.0
cl01,4,table-detector,TABLE,0.9,49.58330154418945,408.5640869140625,545.4163208007812,408.5640869140625,495.8330192565918,0.0,297.49981117248535,408.5640869140625,0,0,0,0.0,0,0,0,0,0,,,0,0,0,,,12,3,,221.23,432,1,0,0,,,0.0,0.0
cl01,4,table-detector,TABLE,0.9,49.58330154418945,383.8027038574219,545.4163208007812,383.8027038574219,495.8330192565918,0.0,297.49981117248535,383.8027038574219,0,0,0,0.0,0,0,0,0,0,,,0,0,0,,,13,3,,218.76,432,28,1,0,,,0.0,0.0
cl01,4,table-detector,TABLE,0.9,49.58330154418945,359.04119873046875,545.4163208007812,359.04119873046875,495.8330192565918,0.0,297.49981117248535,359.04119873046875,0,0,0,0.0,0,0,0,0,0,,,0,0,0,,,14,3,,217.73,432,7,3,0,,,0.0,0.0
cl01,4,table-detector,TABLE,0.9,49.58330154418945,334.27978515625,545.4163208007812,334.27978515625,495.8330192565918,0.0,297.49981117248535,334.27978515625,0,0,0,0.0,0,0,0,0,0,,,0,0,0,,,15,3,,215.06,432,1,0,0,,,0.0,0.0
cl01,4,table-detector,TABLE,0.9,49.58330154418945,309.518310546875,545.4163208007812,309.518310546875,495.8330192565918,0.0,297.49981117248535,309.518310546875,0,0,0,0.0,0,0,0,0,0,,,0,0,0,,,16,3,,215.09,432,1,0,0,,,0.0,0.0
cl01,4,table-detector,TABLE,0.9,49.58330154418945,284.7568054199219,545.4163208007812,284.7568054199219,495.8330192565918,0.0,297.49981117248535,284.7568054199219,0,0,0,0.0,0,0,0,0,0,,,0,0,0,,,17,3,,209.54,432,1,0,0,,,0.0,0.0
cl01,4,table-detector,TABLE,0.9,49.58330154418945,259.9953918457031,545.4163208007812,259.9953918457031,495.8330192565918,0.0,297.49981117248535,259.9953918457031,0,0,0,0.0,0,0,0,0,0,,,0,0,0,,,18,3,,206.62,432,1,0,0,,,0.0,0.0
cl01,4,table-detector,TABLE,0.9,49.58330154418945,235.23390197753906,545.4163208007812,235.23390197753906,495.8330192565918,0.0,297.49981117248535,235.23390197753906,0,0,0,0.0,0,0,0,0,0,,,0,0,0,,,19,3,,200.11,432,1,0,0,,,0.0,0.0
cl01,4,table-detector,TABLE,0.9,49.58330154418945,210.47239685058594,545.4163208007812,210.47239685058594,495.8330192565918,0.0,297.49981117248535,210.47239685058594,0,0,0,0.0,0,0,0,0,0,,,0,0,0,,,20,3,,175.35,432,1,0,0,,,0.0,0.0
cl01,4,table-detector,TABLE,0.9,49.58330154418945,185.71099853515625,545.4163208007812,185.71099853515625,495.8330192565918,0.0,297.49981117248535,185.71099853515625,0,0,0,0.0,0,0,0,0,0,,,0,0,0,,,21,3,,150.59,432,1,0,0,,,0.0,0.0
cl01,4,table-detector,TABLE,0.9,49.58330154418945,160.94949340820312,545.4163208007812,160.94949340820312,495.8330192565918,0.0,297.49981117248535,160.94949340820312,0,0,0,0.0,0,0,0,0,0,,,0,0,0,,,22,3,,125.83,432,1,0,0,,,0.0,0.0
cl01,4,table-detector,TABLE,0.9,49.58330154418945,136.18800354003906,545.4163208007812,136.18800354003906,495.8330192565918,0.0,297.49981117248535,136.18800354003906,0,0,0,0.0,0,0,0,0,0,,,0,0,0,,,23,3,,101.06,432,1,0,0,,,0.0,0.0
cl01,4,table-detector,TABLE,0.9,49.58330154418945,111.42659759521484,545.4163208007812,111.42659759521484,495.8330192565918,0.0,297.49981117248535,111.42659759521484,0,0,0,0.0,0,0,0,0,0,,,0,0,0,,,24,3,,76.3,432,1,0,0,,,0.0,0.0
cl01,5,vertical-rule-detector,VLINE,0.9,173.5417022705078,718.08251953125,173.5417022705078,742.843505859375,0.0,24.760986328125,173.5417022705078,730.4630126953125,0,0,0,0.0,0,0,0,0,0,,,0,0,0,,,,,,9999.0,162,24,14,0,,,0.0,0.0
cl01,5,vertical-rule-detector,VLINE,0.9,266.5104064941406,718.08251953125,266.5104064941406,742.843505859375,0.0,24.760986328125,266.5104064941406,730.4630126953125,0,0,0,0.0,0,0,0,0,0,,,0,0,0,,,,,,9999.0,162,24,14,0,,,0.0,0.0
cl01,5,vertical-rule-detector,VLINE,0.9,359.47918701171875,718.08251953125,359.47918701171875,742.843505859375,0.0,24.760986328125,359.47918701171875,730.4630126953125,0,0,0,0.0,0,0,0,0,0,,,0,0,0,,,,,,9999.0,162,24,14,0,,,0.0,0.0
cl01,5,vertical-rule-detector,VLINE,0.9,452.4479064941406,718.08251953125,452.4479064941406,742.843505859375,0.0,24.760986328125,452.4479064941406,730.4630126953125,0,0,0,0.0,0,0,0,0,0,,,0,0,0,,,,,,9999.0,162,24,14,0,,,0.0,0.0
cl01,5,vertical-rule-detector,VLINE,0.9,545.4169311523438,718.08251953125,545.4169311523438,742.843505859375,0.0,24.760986328125,545.4169311523438,730.4630126953125,0,0,0,0.0,0,0,0,0,0,,,0,0,0,,,,,,9999.0,162,24,14,0,,,0.0,0.0
cl01,5,vertical-rule-detector,VLINE,0.9,173.5417022705078,718.08251953125,173.5417022705078,742.843505859375,0.0,24.760986328125,173.5417022705078,730.4630126953125,0,0,0,0.0,0,0,0,0,0,,,0,0,0,,,,,,9999.0,162,24,14,0,,,0.0,0.0
cl01,5,vertical-rule-detector,VLINE,0.9,266.5104064941406,718.08251953125,266.5104064941406,742.843505859375,0.0,24.760986328125,266.5104064941406,730.4630126953125,0,0,0,0.0,0,0,0,0,0,,,0,0,0,,,,,,9999.0,162,24,14,0,,,0.0,0.0
cl01,5,vertical-rule-detector,VLINE,0.9,359.47918701171875,718.08251953125,359.47918701171875,742.843505859375,0.0,24.760986328125,359.47918701171875,730.4630126953125,0,0,0,0.0,0,0,0,0,0,,,0,0,0,,,,,,9999.0,162,24,14,0,,,0.0,0.0
cl01,5,vertical-rule-detector,VLINE,0.9,452.4479064941406,718.08251953125,452.4479064941406,742.843505859375,0.0,24.760986328125,452.4479064941406,730.4630126953125,0,0,0,0.0,0,0,0,0,0,,,0,0,0,,,,,,9999.0,162,24,14,0,,,0.0,0.0
cl01,5,vertical-rule-detector,VLINE,0.9,545.4169311523438,718.08251953125,545.4169311523438,742.843505859375,0.0,24.760986328125,545.4169311523438,730.4630126953125,0,0,0,0.0,0,0,0,0,0,,,0,0,0,,,,,,9999.0,162,24,14,0,,,0.0,0.0
cl01,5,vertical-rule-detector,VLINE,0.9,452.4479064941406,420.8895263671875,452.4479064941406,718.08251953125,0.0,297.1929931640625,452.4479064941406,569.4860229492188,0,0,0,0.0,0,0,0,0,0,,,0,0,0,,,,,,9999.0,162,31,29,0,,,0.0,0.0
cl01,5,vertical-rule-detector,VLINE,0.9,359.47918701171875,420.8895263671875,359.47918701171875,718.08251953125,0.0,297.1929931640625,359.47918701171875,569.4860229492188,0,0,0,0.0,0,0,0,0,0,,,0,0,0,,,,,,9999.0,162,31,29,0,,,0.0,0.0
cl01,5,vertical-rule-detector,VLINE,0.9,266.5104064941406,420.8895263671875,266.5104064941406,718.08251953125,0.0,297.1929931640625,266.5104064941406,569.4860229492188,0,0,0,0.0,0,0,0,0,0,,,0,0,0,,,,,,9999.0,162,31,29,0,,,0.0,0.0
cl01,5,vertical-rule-detector,VLINE,0.9,173.5417022705078,420.8895263671875,173.5417022705078,718.08251953125,0.0,297.1929931640625,173.5417022705078,569.4860229492188,0,0,0,0.0,0,0,0,0,0,,,0,0,0,,,,,,9999.0,162,31,29,0,,,0.0,0.0
cl01,5,vertical-rule-detector,VLINE,0.9,99.16670227050781,420.8895263671875,99.16670227050781,718.08251953125,0.0,297.1929931640625,99.16670227050781,569.4860229492188,0,0,0,0.0,0,0,0,0,0,,,0,0,0,,,,,,9999.0,162,31,29,0,,,0.0,0.0
cl01,5,vertical-rule-detector,VLINE,0.9,173.5417022705078,718.08251953125,173.5417022705078,742.843505859375,0.0,24.760986328125,173.5417022705078,730.4630126953125,0,0,0,0.0,0,0,0,0,0,,,0,0,0,,,,,,9999.0,162,24,14,0,,,0.0,0.0
cl01,5,vertical-rule-detector,VLINE,0.9,266.5104064941406,718.08251953125,266.5104064941406,742.843505859375,0.0,24.760986328125,266.5104064941406,730.4630126953125,0,0,0,0.0,0,0,0,0,0,,,0,0,0,,,,,,9999.0,162,24,14,0,,,0.0,0.0
cl01,5,vertical-rule-detector,VLINE,0.9,359.47918701171875,718.08251953125,359.47918701171875,742.843505859375,0.0,24.760986328125,359.47918701171875,730.4630126953125,0,0,0,0.0,0,0,0,0,0,,,0,0,0,,,,,,9999.0,162,24,14,0,,,0.0,0.0
cl01,5,vertical-rule-detector,VLINE,0.9,452.4479064941406,718.08251953125,452.4479064941406,742.843505859375,0.0,24.760986328125,452.4479064941406,730.4630126953125,0,0,0,0.0,0,0,0,0,0,,,0,0,0,,,,,,9999.0,162,24,14,0,,,0.0,0.0
cl01,5,vertical-rule-detector,VLINE,0.9,545.4169311523438,718.08251953125,545.4169311523438,742.843505859375,0.0,24.760986328125,545.4169311523438,730.4630126953125,0,0,0,0.0,0,0,0,0,0,,,0,0,0,,,,,,9999.0,162,24,14,0,,,0.0,0.0
cl01,5,vertical-rule-detector,VLINE,0.9,452.4479064941406,420.8895263671875,452.4479064941406,718.08251953125,0.0,297.1929931640625,452.4479064941406,569.4860229492188,0,0,0,0.0,0,0,0,0,0,,,0,0,0,,,,,,9999.0,162,31,29,0,,,0.0,0.0
cl01,5,vertical-rule-detector,VLINE,0.9,359.47918701171875,420.8895263671875,359.47918701171875,718.08251953125,0.0,297.1929931640625,359.47918701171875,569.4860229492188,0,0,0,0.0,0,0,0,0,0,,,0,0,0,,,,,,9999.0,162,31,29,0,,,0.0,0.0
cl01,5,vertical-rule-detector,VLINE,0.9,266.5104064941406,420.8895263671875,266.5104064941406,718.08251953125,0.0,297.1929931640625,266.5104064941406,569.4860229492188,0,0,0,0.0,0,0,0,0,0,,,0,0,0,,,,,,9999.0,162,31,29,0,,,0.0,0.0
cl01,5,vertical-rule-detector,VLINE,0.9,173.5417022705078,420.8895263671875,173.5417022705078,718.08251953125,0.0,297.1929931640625,173.5417022705078,569.4860229492188,0,0,0,0.0,0,0,0,0,0,,,0,0,0,,,,,,9999.0,162,31,29,0,,,0.0,0.0
cl01,5,vertical-rule-detector,VLINE,0.9,99.16670227050781,420.8895263671875,99.16670227050781,718.08251953125,0.0,297.1929931640625,99.16670227050781,569.4860229492188,0,0,0,0.0,0,0,0,0,0,,,0,0,0,,,,,,9999.0,162,31,29,0,,,0.0,0.0
cl01,5,vertical-rule-detector,VLINE,0.9,452.4479064941406,420.8895263671875,452.4479064941406,718.08251953125,0.0,297.1929931640625,452.4479064941406,569.4860229492188,0,0,0,0.0,0,0,0,0,0,,,0,0,0,,,,,,9999.0,162,31,29,0,,,0.0,0.0
cl01,5,vertical-rule-detector,VLINE,0.9,359.47918701171875,420.8895263671875,359.47918701171875,718.08251953125,0.0,297.1929931640625,359.47918701171875,569.4860229492188,0,0,0,0.0,0,0,0,0,0,,,0,0,0,,,,,,9999.0,162,31,29,0,,,0.0,0.0
cl01,5,vertical-rule-detector,VLINE,0.9,266.5104064941406,420.8895263671875,266.5104064941406,718.08251953125,0.0,297.1929931640625,266.5104064941406,569.4860229492188,0,0,0,0.0,0,0,0,0,0,,,0,0,0,,,,,,9999.0,162,31,29,0,,,0.0,0.0
cl01,5,vertical-rule-detector,VLINE,0.9,173.5417022705078,420.8895263671875,173.5417022705078,718.08251953125,0.0,297.1929931640625,173.5417022705078,569.4860229492188,0,0,0,0.0,0,0,0,0,0,,,0,0,0,,,,,,9999.0,162,31,29,0,,,0.0,0.0
cl01,5,vertical-rule-detector,VLINE,0.9,99.16670227050781,420.8895263671875,99.16670227050781,718.08251953125,0.0,297.1929931640625,99.16670227050781,569.4860229492188,0,0,0,0.0,0,0,0,0,0,,,0,0,0,,,,,,9999.0,162,31,29,0,,,0.0,0.0
cl01,5,vertical-rule-detector,VLINE,0.9,452.4479064941406,420.8895263671875,452.4479064941406,718.08251953125,0.0,297.1929931640625,452.4479064941406,569.4860229492188,0,0,0,0.0,0,0,0,0,0,,,0,0,0,,,,,,9999.0,162,31,29,0,,,0.0,0.0
cl01,5,vertical-rule-detector,VLINE,0.9,359.47918701171875,420.8895263671875,359.47918701171875,718.08251953125,0.0,297.1929931640625,359.47918701171875,569.4860229492188,0,0,0,0.0,0,0,0,0,0,,,0,0,0,,,,,,9999.0,162,31,29,0,,,0.0,0.0
cl01,5,vertical-rule-detector,VLINE,0.9,266.5104064941406,420.8895263671875,266.5104064941406,718.08251953125,0.0,297.1929931640625,266.5104064941406,569.4860229492188,0,0,0,0.0,0,0,0,0,0,,,0,0,0,,,,,,9999.0,162,31,29,0,,,0.0,0.0
cl01,5,vertical-rule-detector,VLINE,0.9,173.5417022705078,420.8895263671875,173.5417022705078,718.08251953125,0.0,297.1929931640625,173.5417022705078,569.4860229492188,0,0,0,0.0,0,0,0,0,0,,,0,0,0,,,,,,9999.0,162,31,29,0,,,0.0,0.0
cl01,5,vertical-rule-detector,VLINE,0.9,99.16670227050781,420.8895263671875,99.16670227050781,718.08251953125,0.0,297.1929931640625,99.16670227050781,569.4860229492188,0,0,0,0.0,0,0,0,0,0,,,0,0,0,,,,,,9999.0,162,31,29,0,,,0.0,0.0
cl01,5,vertical-rule-detector,VLINE,0.9,452.4479064941406,420.8895263671875,452.4479064941406,718.08251953125,0.0,297.1929931640625,452.4479064941406,569.4860229492188,0,0,0,0.0,0,0,0,0,0,,,0,0,0,,,,,,9999.0,162,31,29,0,,,0.0,0.0
cl01,5,vertical-rule-detector,VLINE,0.9,359.47918701171875,420.8895263671875,359.47918701171875,718.08251953125,0.0,297.1929931640625,359.47918701171875,569.4860229492188,0,0,0,0.0,0,0,0,0,0,,,0,0,0,,,,,,9999.0,162,31,29,0,,,0.0,0.0
cl01,5,vertical-rule-detector,VLINE,0.9,266.5104064941406,420.8895263671875,266.5104064941406,718.08251953125,0.0,297.1929931640625,266.5104064941406,569.4860229492188,0,0,0,0.0,0,0,0,0,0,,,0,0,0,,,,,,9999.0,162,31,29,0,,,0.0,0.0
cl01,5,vertical-rule-detector,VLINE,0.9,173.5417022705078,420.8895263671875,173.5417022705078,718.08251953125,0.0,297.1929931640625,173.5417022705078,569.4860229492188,0,0,0,0.0,0,0,0,0,0,,,0,0,0,,,,,,9999.0,162,31,29,0,,,0.0,0.0
cl01,5,vertical-rule-detector,VLINE,0.9,99.16670227050781,420.8895263671875,99.16670227050781,718.08251953125,0.0,297.1929931640625,99.16670227050781,569.4860229492188,0,0,0,0.0,0,0,0,0,0,,,0,0,0,,,,,,9999.0,162,31,29,0,,,0.0,0.0
cl01,5,vertical-rule-detector,VLINE,0.9,452.4479064941406,420.8895263671875,452.4479064941406,718.08251953125,0.0,297.1929931640625,452.4479064941406,569.4860229492188,0,0,0,0.0,0,0,0,0,0,,,0,0,0,,,,,,9999.0,162,31,29,0,,,0.0,0.0
cl01,5,vertical-rule-detector,VLINE,0.9,359.47918701171875,420.8895263671875,359.47918701171875,718.08251953125,0.0,297.1929931640625,359.47918701171875,569.4860229492188,0,0,0,0.0,0,0,0,0,0,,,0,0,0,,,,,,9999.0,162,31,29,0,,,0.0,0.0
cl01,5,vertical-rule-detector,VLINE,0.9,266.5104064941406,420.8895263671875,266.5104064941406,718.08251953125,0.0,297.1929931640625,266.5104064941406,569.4860229492188,0,0,0,0.0,0,0,0,0,0,,,0,0,0,,,,,,9999.0,162,31,29,0,,,0.0,0.0
cl01,5,vertical-rule-detector,VLINE,0.9,173.5417022705078,420.8895263671875,173.5417022705078,718.08251953125,0.0,297.1929931640625,173.5417022705078,569.4860229492188,0,0,0,0.0,0,0,0,0,0,,,0,0,0,,,,,,9999.0,162,31,29,0,,,0.0,0.0
cl01,5,vertical-rule-detector,VLINE,0.9,99.16670227050781,420.8895263671875,99.16670227050781,718.08251953125,0.0,297.1929931640625,99.16670227050781,569.4860229492188,0,0,0,0.0,0,0,0,0,0,,,0,0,0,,,,,,9999.0,162,31,29,0,,,0.0,0.0
cl01,5,vertical-rule-detector,VLINE,0.9,111.5625,222.8531036376953,111.5625,247.61410522460938,0.0,24.761001586914062,111.5625,235.23360443115234,0,0,0,0.0,0,0,0,0,0,,,0,0,0,,,,,,9999.0,162,2,0,0,,,0.0,0.0
cl01,5,vertical-rule-detector,VLINE,0.9,334.6875,49.52289962768555,334.6875,74.28389739990234,0.0,24.760997772216797,334.6875,61.903398513793945,0,0,0,0.0,0,0,0,0,0,,,0,0,0,,,,,,9999.0,162,5,1,0,,,0.0,0.0
cl01,5,vertical-rule-detector,VLINE,0.9,111.5625,49.52289962768555,111.5625,74.28389739990234,0.0,24.760997772216797,111.5625,61.903398513793945,0,0,0,0.0,0,0,0,0,0,,,0,0,0,,,,,,9999.0,162,5,1,0,,,0.0,0.0
cl01,5,table-detector,TABLE,0.9,49.58320999145508,643.798095703125,545.4161987304688,643.798095703125,495.8329887390137,0.0,297.4997043609619,643.798095703125,0,0,0,0.0,0,0,0,0,0,,,0,0,0,,,0,0,,74.45,162,1,0,0,,,0.0,0.0
cl01,5,table-detector,TABLE,0.9,49.58320999145508,619.03662109375,545.4161987304688,619.03662109375,495.8329887390137,0.0,297.4997043609619,619.03662109375,0,0,0,0.0,0,0,0,0,0,,,0,0,0,,,0,0,,99.15,162,1,0,0,,,0.0,0.0
cl01,5,table-detector,TABLE,0.9,49.58320999145508,594.2750854492188,545.4161987304688,594.2750854492188,495.8329887390137,0.0,297.4997043609619,594.2750854492188,0,0,0,0.0,0,0,0,0,0,,,0,0,0,,,1,0,,123.87,162,1,0,0,,,0.0,0.0
cl01,5,table-detector,TABLE,0.9,49.58320999145508,569.513671875,545.4161987304688,569.513671875,495.8329887390137,0.0,297.4997043609619,569.513671875,0,0,0,0.0,0,0,0,0,0,,,0,0,0,,,1,0,,148.6,162,32,0,0,,,0.0,0.0
cl01,5,table-detector,TABLE,0.9,49.58320999145508,544.752197265625,545.4161987304688,544.752197265625,495.8329887390137,0.0,297.4997043609619,544.752197265625,0,0,0,0.0,0,0,0,0,0,,,0,0,0,,,2,0,,173.34,162,1,0,0,,,0.0,0.0
cl01,5,table-detector,TABLE,0.9,49.58320999145508,519.99072265625,545.4161987304688,519.99072265625,495.8329887390137,0.0,297.4997043609619,519.99072265625,0,0,0,0.0,0,0,0,0,0,,,0,0,0,,,2,0,,150.63,162,1,0,0,,,0.0,0.0
cl01,5,table-detector,TABLE,0.9,49.58320999145508,495.22930908203125,545.4161987304688,495.22930908203125,495.8329887390137,0.0,297.4997043609619,495.22930908203125,0,0,0,0.0,0,0,0,0,0,,,0,0,0,,,3,0,,126.25,162,1,0,0,,,0.0,0.0
cl01,5,table-detector,TABLE,0.9,49.58320999145508,470.4678039550781,545.4161987304688,470.4678039550781,495.8329887390137,0.0,297.4997043609619,470.4678039550781,0,0,0,0.0,0,0,0,0,0,,,0,0,0,,,3,0,,102.06,162,1,0,0,,,0.0,0.0
cl01,6,vertical-rule-detector,VLINE,0.9,173.5417022705078,718.08251953125,173.5417022705078,742.843505859375,0.0,24.760986328125,173.5417022705078,730.4630126953125,0,0,0,0.0,0,0,0,0,0,,,0,0,0,,,,,,9999.0,150,13,9,0,,,0.0,0.0
cl01,6,vertical-rule-detector,VLINE,0.9,266.5104064941406,718.08251953125,266.5104064941406,742.843505859375,0.0,24.760986328125,266.5104064941406,730.4630126953125,0,0,0,0.0,0,0,0,0,0,,,0,0,0,,,,,,9999.0,150,13,9,0,,,0.0,0.0
cl01,6,vertical-rule-detector,VLINE,0.9,359.47918701171875,718.08251953125,359.47918701171875,742.843505859375,0.0,24.760986328125,359.47918701171875,730.4630126953125,0,0,0,0.0,0,0,0,0,0,,,0,0,0,,,,,,9999.0,150,13,9,0,,,0.0,0.0
cl01,6,vertical-rule-detector,VLINE,0.9,452.4479064941406,718.08251953125,452.4479064941406,742.843505859375,0.0,24.760986328125,452.4479064941406,730.4630126953125,0,0,0,0.0,0,0,0,0,0,,,0,0,0,,,,,,9999.0,150,13,9,0,,,0.0,0.0
cl01,6,vertical-rule-detector,VLINE,0.9,545.4169311523438,718.08251953125,545.4169311523438,742.843505859375,0.0,24.760986328125,545.4169311523438,730.4630126953125,0,0,0,0.0,0,0,0,0,0,,,0,0,0,,,,,,9999.0,150,13,9,0,,,0.0,0.0
cl01,6,vertical-rule-detector,VLINE,0.9,452.4479064941406,420.8895263671875,452.4479064941406,718.08251953125,0.0,297.1929931640625,452.4479064941406,569.4860229492188,0,0,0,0.0,0,0,0,0,0,,,0,0,0,,,,,,9999.0,150,31,29,0,,,0.0,0.0
cl01,6,vertical-rule-detector,VLINE,0.9,359.47918701171875,420.8895263671875,359.47918701171875,718.08251953125,0.0,297.1929931640625,359.47918701171875,569.4860229492188,0,0,0,0.0,0,0,0,0,0,,,0,0,0,,,,,,9999.0,150,31,29,0,,,0.0,0.0
cl01,6,vertical-rule-detector,VLINE,0.9,266.5104064941406,420.8895263671875,266.5104064941406,718.08251953125,0.0,297.1929931640625,266.5104064941406,569.4860229492188,0,0,0,0.0,0,0,0,0,0,,,0,0,0,,,,,,9999.0,150,31,29,0,,,0.0,0.0
cl01,6,vertical-rule-detector,VLINE,0.9,173.5417022705078,420.8895263671875,173.5417022705078,718.08251953125,0.0,297.1929931640625,173.5417022705078,569.4860229492188,0,0,0,0.0,0,0,0,0,0,,,0,0,0,,,,,,9999.0,150,31,29,0,,,0.0,0.0
cl01,6,vertical-rule-detector,VLINE,0.9,99.16670227050781,420.8895263671875,99.16670227050781,718.08251953125,0.0,297.1929931640625,99.16670227050781,569.4860229492188,0,0,0,0.0,0,0,0,0,0,,,0,0,0,,,,,,9999.0,150,31,29,0,,,0.0,0.0
cl01,6,vertical-rule-detector,VLINE,0.9,173.5417022705078,718.08251953125,173.5417022705078,742.843505859375,0.0,24.760986328125,173.5417022705078,730.4630126953125,0,0,0,0.0,0,0,0,0,0,,,0,0,0,,,,,,9999.0,150,13,9,0,,,0.0,0.0
cl01,6,vertical-rule-detector,VLINE,0.9,266.5104064941406,718.08251953125,266.5104064941406,742.843505859375,0.0,24.760986328125,266.5104064941406,730.4630126953125,0,0,0,0.0,0,0,0,0,0,,,0,0,0,,,,,,9999.0,150,13,9,0,,,0.0,0.0
cl01,6,vertical-rule-detector,VLINE,0.9,359.47918701171875,718.08251953125,359.47918701171875,742.843505859375,0.0,24.760986328125,359.47918701171875,730.4630126953125,0,0,0,0.0,0,0,0,0,0,,,0,0,0,,,,,,9999.0,150,13,9,0,,,0.0,0.0
cl01,6,vertical-rule-detector,VLINE,0.9,452.4479064941406,718.08251953125,452.4479064941406,742.843505859375,0.0,24.760986328125,452.4479064941406,730.4630126953125,0,0,0,0.0,0,0,0,0,0,,,0,0,0,,,,,,9999.0,150,13,9,0,,,0.0,0.0
cl01,6,vertical-rule-detector,VLINE,0.9,545.4169311523438,718.08251953125,545.4169311523438,742.843505859375,0.0,24.760986328125,545.4169311523438,730.4630126953125,0,0,0,0.0,0,0,0,0,0,,,0,0,0,,,,,,9999.0,150,13,9,0,,,0.0,0.0
cl01,6,vertical-rule-detector,VLINE,0.9,452.4479064941406,420.8895263671875,452.4479064941406,718.08251953125,0.0,297.1929931640625,452.4479064941406,569.4860229492188,0,0,0,0.0,0,0,0,0,0,,,0,0,0,,,,,,9999.0,150,31,29,0,,,0.0,0.0
cl01,6,vertical-rule-detector,VLINE,0.9,359.47918701171875,420.8895263671875,359.47918701171875,718.08251953125,0.0,297.1929931640625,359.47918701171875,569.4860229492188,0,0,0,0.0,0,0,0,0,0,,,0,0,0,,,,,,9999.0,150,31,29,0,,,0.0,0.0
cl01,6,vertical-rule-detector,VLINE,0.9,266.5104064941406,420.8895263671875,266.5104064941406,718.08251953125,0.0,297.1929931640625,266.5104064941406,569.4860229492188,0,0,0,0.0,0,0,0,0,0,,,0,0,0,,,,,,9999.0,150,31,29,0,,,0.0,0.0
cl01,6,vertical-rule-detector,VLINE,0.9,173.5417022705078,420.8895263671875,173.5417022705078,718.08251953125,0.0,297.1929931640625,173.5417022705078,569.4860229492188,0,0,0,0.0,0,0,0,0,0,,,0,0,0,,,,,,9999.0,150,31,29,0,,,0.0,0.0
cl01,6,vertical-rule-detector,VLINE,0.9,99.16670227050781,420.8895263671875,99.16670227050781,718.08251953125,0.0,297.1929931640625,99.16670227050781,569.4860229492188,0,0,0,0.0,0,0,0,0,0,,,0,0,0,,,,,,9999.0,150,31,29,0,,,0.0,0.0
cl01,6,vertical-rule-detector,VLINE,0.9,452.4479064941406,420.8895263671875,452.4479064941406,718.08251953125,0.0,297.1929931640625,452.4479064941406,569.4860229492188,0,0,0,0.0,0,0,0,0,0,,,0,0,0,,,,,,9999.0,150,31,29,0,,,0.0,0.0
cl01,6,vertical-rule-detector,VLINE,0.9,359.47918701171875,420.8895263671875,359.47918701171875,718.08251953125,0.0,297.1929931640625,359.47918701171875,569.4860229492188,0,0,0,0.0,0,0,0,0,0,,,0,0,0,,,,,,9999.0,150,31,29,0,,,0.0,0.0
cl01,6,vertical-rule-detector,VLINE,0.9,266.5104064941406,420.8895263671875,266.5104064941406,718.08251953125,0.0,297.1929931640625,266.5104064941406,569.4860229492188,0,0,0,0.0,0,0,0,0,0,,,0,0,0,,,,,,9999.0,150,31,29,0,,,0.0,0.0
cl01,6,vertical-rule-detector,VLINE,0.9,173.5417022705078,420.8895263671875,173.5417022705078,718.08251953125,0.0,297.1929931640625,173.5417022705078,569.4860229492188,0,0,0,0.0,0,0,0,0,0,,,0,0,0,,,,,,9999.0,150,31,29,0,,,0.0,0.0
cl01,6,vertical-rule-detector,VLINE,0.9,99.16670227050781,420.8895263671875,99.16670227050781,718.08251953125,0.0,297.1929931640625,99.16670227050781,569.4860229492188,0,0,0,0.0,0,0,0,0,0,,,0,0,0,,,,,,9999.0,150,31,29,0,,,0.0,0.0
cl01,6,vertical-rule-detector,VLINE,0.9,452.4479064941406,420.8895263671875,452.4479064941406,718.08251953125,0.0,297.1929931640625,452.4479064941406,569.4860229492188,0,0,0,0.0,0,0,0,0,0,,,0,0,0,,,,,,9999.0,150,31,29,0,,,0.0,0.0
cl01,6,vertical-rule-detector,VLINE,0.9,359.47918701171875,420.8895263671875,359.47918701171875,718.08251953125,0.0,297.1929931640625,359.47918701171875,569.4860229492188,0,0,0,0.0,0,0,0,0,0,,,0,0,0,,,,,,9999.0,150,31,29,0,,,0.0,0.0
cl01,6,vertical-rule-detector,VLINE,0.9,266.5104064941406,420.8895263671875,266.5104064941406,718.08251953125,0.0,297.1929931640625,266.5104064941406,569.4860229492188,0,0,0,0.0,0,0,0,0,0,,,0,0,0,,,,,,9999.0,150,31,29,0,,,0.0,0.0
cl01,6,vertical-rule-detector,VLINE,0.9,173.5417022705078,420.8895263671875,173.5417022705078,718.08251953125,0.0,297.1929931640625,173.5417022705078,569.4860229492188,0,0,0,0.0,0,0,0,0,0,,,0,0,0,,,,,,9999.0,150,31,29,0,,,0.0,0.0
cl01,6,vertical-rule-detector,VLINE,0.9,99.16670227050781,420.8895263671875,99.16670227050781,718.08251953125,0.0,297.1929931640625,99.16670227050781,569.4860229492188,0,0,0,0.0,0,0,0,0,0,,,0,0,0,,,,,,9999.0,150,31,29,0,,,0.0,0.0
cl01,6,vertical-rule-detector,VLINE,0.9,452.4479064941406,420.8895263671875,452.4479064941406,718.08251953125,0.0,297.1929931640625,452.4479064941406,569.4860229492188,0,0,0,0.0,0,0,0,0,0,,,0,0,0,,,,,,9999.0,150,31,29,0,,,0.0,0.0
cl01,6,vertical-rule-detector,VLINE,0.9,359.47918701171875,420.8895263671875,359.47918701171875,718.08251953125,0.0,297.1929931640625,359.47918701171875,569.4860229492188,0,0,0,0.0,0,0,0,0,0,,,0,0,0,,,,,,9999.0,150,31,29,0,,,0.0,0.0
cl01,6,vertical-rule-detector,VLINE,0.9,266.5104064941406,420.8895263671875,266.5104064941406,718.08251953125,0.0,297.1929931640625,266.5104064941406,569.4860229492188,0,0,0,0.0,0,0,0,0,0,,,0,0,0,,,,,,9999.0,150,31,29,0,,,0.0,0.0
cl01,6,vertical-rule-detector,VLINE,0.9,173.5417022705078,420.8895263671875,173.5417022705078,718.08251953125,0.0,297.1929931640625,173.5417022705078,569.4860229492188,0,0,0,0.0,0,0,0,0,0,,,0,0,0,,,,,,9999.0,150,31,29,0,,,0.0,0.0
cl01,6,vertical-rule-detector,VLINE,0.9,99.16670227050781,420.8895263671875,99.16670227050781,718.08251953125,0.0,297.1929931640625,99.16670227050781,569.4860229492188,0,0,0,0.0,0,0,0,0,0,,,0,0,0,,,,,,9999.0,150,31,29,0,,,0.0,0.0
cl01,6,vertical-rule-detector,VLINE,0.9,452.4479064941406,420.8895263671875,452.4479064941406,718.08251953125,0.0,297.1929931640625,452.4479064941406,569.4860229492188,0,0,0,0.0,0,0,0,0,0,,,0,0,0,,,,,,9999.0,150,31,29,0,,,0.0,0.0
cl01,6,vertical-rule-detector,VLINE,0.9,359.47918701171875,420.8895263671875,359.47918701171875,718.08251953125,0.0,297.1929931640625,359.47918701171875,569.4860229492188,0,0,0,0.0,0,0,0,0,0,,,0,0,0,,,,,,9999.0,150,31,29,0,,,0.0,0.0
cl01,6,vertical-rule-detector,VLINE,0.9,266.5104064941406,420.8895263671875,266.5104064941406,718.08251953125,0.0,297.1929931640625,266.5104064941406,569.4860229492188,0,0,0,0.0,0,0,0,0,0,,,0,0,0,,,,,,9999.0,150,31,29,0,,,0.0,0.0
cl01,6,vertical-rule-detector,VLINE,0.9,173.5417022705078,420.8895263671875,173.5417022705078,718.08251953125,0.0,297.1929931640625,173.5417022705078,569.4860229492188,0,0,0,0.0,0,0,0,0,0,,,0,0,0,,,,,,9999.0,150,31,29,0,,,0.0,0.0
cl01,6,vertical-rule-detector,VLINE,0.9,99.16670227050781,420.8895263671875,99.16670227050781,718.08251953125,0.0,297.1929931640625,99.16670227050781,569.4860229492188,0,0,0,0.0,0,0,0,0,0,,,0,0,0,,,,,,9999.0,150,31,29,0,,,0.0,0.0
cl01,6,vertical-rule-detector,VLINE,0.9,111.5625,222.8531036376953,111.5625,247.61410522460938,0.0,24.761001586914062,111.5625,235.23360443115234,0,0,0,0.0,0,0,0,0,0,,,0,0,0,,,,,,9999.0,150,2,0,0,,,0.0,0.0
cl01,6,vertical-rule-detector,VLINE,0.9,334.6875,49.52289962768555,334.6875,74.28389739990234,0.0,24.760997772216797,334.6875,61.903398513793945,0,0,0,0.0,0,0,0,0,0,,,0,0,0,,,,,,9999.0,150,5,1,0,,,0.0,0.0
cl01,6,vertical-rule-detector,VLINE,0.9,111.5625,49.52289962768555,111.5625,74.28389739990234,0.0,24.760997772216797,111.5625,61.903398513793945,0,0,0,0.0,0,0,0,0,0,,,0,0,0,,,,,,9999.0,150,5,1,0,,,0.0,0.0
cl01,6,table-detector,TABLE,0.9,49.58320999145508,668.5595092773438,545.4161987304688,668.5595092773438,495.8329887390137,0.0,297.4997043609619,668.5595092773438,0,0,0,0.0,0,0,0,0,0,,,0,0,0,,,0,0,,49.83,150,1,0,0,,,0.0,0.0
cl01,6,table-detector,TABLE,0.9,49.58320999145508,643.798095703125,545.4161987304688,643.798095703125,495.8329887390137,0.0,297.4997043609619,643.798095703125,0,0,0,0.0,0,0,0,0,0,,,0,0,0,,,0,0,,74.45,150,1,0,0,,,0.0,0.0
cl01,6,table-detector,TABLE,0.9,49.58320999145508,619.03662109375,545.4161987304688,619.03662109375,495.8329887390137,0.0,297.4997043609619,619.03662109375,0,0,0,0.0,0,0,0,0,0,,,0,0,0,,,1,0,,99.15,150,1,0,0,,,0.0,0.0
cl01,6,table-detector,TABLE,0.9,49.58320999145508,594.2750854492188,545.4161987304688,594.2750854492188,495.8329887390137,0.0,297.4997043609619,594.2750854492188,0,0,0,0.0,0,0,0,0,0,,,0,0,0,,,1,0,,123.87,150,1,0,0,,,0.0,0.0
cl01,6,table-detector,TABLE,0.9,49.58320999145508,569.513671875,545.4161987304688,569.513671875,495.8329887390137,0.0,297.4997043609619,569.513671875,0,0,0,0.0,0,0,0,0,0,,,0,0,0,,,2,0,,148.6,150,32,0,0,,,0.0,0.0
cl01,6,table-detector,TABLE,0.9,49.58320999145508,544.752197265625,545.4161987304688,544.752197265625,495.8329887390137,0.0,297.4997043609619,544.752197265625,0,0,0,0.0,0,0,0,0,0,,,0,0,0,,,2,0,,173.35,150,1,0,0,,,0.0,0.0
cl01,6,table-detector,TABLE,0.9,49.58320999145508,519.99072265625,545.4161987304688,519.99072265625,495.8329887390137,0.0,297.4997043609619,519.99072265625,0,0,0,0.0,0,0,0,0,0,,,0,0,0,,,3,0,,150.63,150,1,0,0,,,0.0,0.0
cl01,6,table-detector,TABLE,0.9,49.58320999145508,495.22930908203125,545.4161987304688,495.22930908203125,495.8329887390137,0.0,297.4997043609619,495.22930908203125,0,0,0,0.0,0,0,0,0,0,,,0,0,0,,,3,0,,126.25,150,1,0,0,,,0.0,0.0
cl01,6,table-detector,TABLE,0.9,49.58320999145508,470.4678039550781,545.4161987304688,470.4678039550781,495.8329887390137,0.0,297.4997043609619,470.4678039550781,0,0,0,0.0,0,0,0,0,0,,,0,0,0,,,4,0,,102.06,150,1,0,0,,,0.0,0.0
cl01,6,table-detector,TABLE,0.9,49.58320999145508,445.706298828125,545.4161987304688,445.706298828125,495.8329887390137,0.0,297.4997043609619,445.706298828125,0,0,0,0.0,0,0,0,0,0,,,0,0,0,,,4,0,,78.22,150,1,0,0,,,0.0,0.0
cl01,7,vertical-rule-detector,VLINE,0.9,214.86109924316406,49.52288818359375,214.86109924316406,742.8438720703125,0.0,693.3209838867188,214.86109924316406,396.1833801269531,0,0,0,0.0,0,0,0,0,0,,,0,0,0,,,,,,9999.0,67,19,17,0,,,0.0,0.0
cl01,7,vertical-rule-detector,VLINE,0.9,380.1388854980469,49.52288818359375,380.1388854980469,742.8438720703125,0.0,693.3209838867188,380.1388854980469,396.1833801269531,0,0,0,0.0,0,0,0,0,0,,,0,0,0,,,,,,9999.0,67,19,17,0,,,0.0,0.0
cl01,7,vertical-rule-detector,VLINE,0.9,214.86109924316406,49.52288818359375,214.86109924316406,742.8438720703125,0.0,693.3209838867188,214.86109924316406,396.1833801269531,0,0,0,0.0,0,0,0,0,0,,,0,0,0,,,,,,9999.0,67,19,17,0,,,0.0,0.0
cl01,7,vertical-rule-detector,VLINE,0.9,380.1388854980469,49.52288818359375,380.1388854980469,742.8438720703125,0.0,693.3209838867188,380.1388854980469,396.1833801269531,0,0,0,0.0,0,0,0,0,0,,,0,0,0,,,,,,9999.0,67,19,17,0,,,0.0,0.0
cl01,7,vertical-rule-detector,VLINE,0.9,214.86109924316406,49.52288818359375,214.86109924316406,742.8438720703125,0.0,693.3209838867188,214.86109924316406,396.1833801269531,0,0,0,0.0,0,0,0,0,0,,,0,0,0,,,,,,9999.0,67,19,17,0,,,0.0,0.0
cl01,7,vertical-rule-detector,VLINE,0.9,380.1388854980469,49.52288818359375,380.1388854980469,742.8438720703125,0.0,693.3209838867188,380.1388854980469,396.1833801269531,0,0,0,0.0,0,0,0,0,0,,,0,0,0,,,,,,9999.0,67,19,17,0,,,0.0,0.0
cl01,7,label-detector,LABEL,0.9,56.22710037231445,715.77392578125,201.72903442382812,720.7929258346558,145.50193405151367,5.019000053405762,128.9780673980713,718.2834258079529,1,10,47,0.0,0,0,1,0,1,7.0,,0,0,0,,,,,,9.13,67,4,1,0,,,0.0,0.0
cl01,7,label-detector,LABEL,0.9,221.5063018798828,711.57373046875,347.2829895019531,716.5927305221558,125.77668762207031,5.019000053405762,284.39464569091797,714.0832304954529,1,5,39,0.2,0,0,1,0,0,7.0,,0,0,0,,,,,,19.81,67,2,2,0,,,0.0,0.0
cl01,7,label-detector,LABEL,0.9,56.22710037231445,707.3739013671875,203.93544006347656,712.3929014205933,147.7083396911621,5.019000053405762,130.0812702178955,709.8834013938904,1,8,45,0.1176,0,0,1,0,0,7.0,,0,0,0,,,,,,14.66,67,1,1,0,,,0.0,0.0
cl01,7,vertical-rule-detector,VLINE,0.9,214.86109924316406,49.52288818359375,214.86109924316406,742.8438720703125,0.0,693.3209838867188,214.86109924316406,396.1833801269531,0,0,0,0.0,0,0,0,0,0,,,0,0,0,,,,,,9999.0,67,19,17,0,,,0.0,0.0
cl01,7,vertical-rule-detector,VLINE,0.9,380.1388854980469,49.52288818359375,380.1388854980469,742.8438720703125,0.0,693.3209838867188,380.1388854980469,396.1833801269531,0,0,0,0.0,0,0,0,0,0,,,0,0,0,,,,,,9999.0,67,19,17,0,,,0.0,0.0
cl01,7,vertical-rule-detector,VLINE,0.9,214.86109924316406,49.52288818359375,214.86109924316406,742.8438720703125,0.0,693.3209838867188,214.86109924316406,396.1833801269531,0,0,0,0.0,0,0,0,0,0,,,0,0,0,,,,,,9999.0,67,19,17,0,,,0.0,0.0
cl01,7,vertical-rule-detector,VLINE,0.9,380.1388854980469,49.52288818359375,380.1388854980469,742.8438720703125,0.0,693.3209838867188,380.1388854980469,396.1833801269531,0,0,0,0.0,0,0,0,0,0,,,0,0,0,,,,,,9999.0,67,19,17,0,,,0.0,0.0
cl01,7,vertical-rule-detector,VLINE,0.9,214.86109924316406,49.52288818359375,214.86109924316406,742.8438720703125,0.0,693.3209838867188,214.86109924316406,396.1833801269531,0,0,0,0.0,0,0,0,0,0,,,0,0,0,,,,,,9999.0,67,19,17,0,,,0.0,0.0
cl01,7,vertical-rule-detector,VLINE,0.9,380.1388854980469,49.52288818359375,380.1388854980469,742.8438720703125,0.0,693.3209838867188,380.1388854980469,396.1833801269531,0,0,0,0.0,0,0,0,0,0,,,0,0,0,,,,,,9999.0,67,19,17,0,,,0.0,0.0
cl01,7,vertical-rule-detector,VLINE,0.9,214.86109924316406,49.52288818359375,214.86109924316406,742.8438720703125,0.0,693.3209838867188,214.86109924316406,396.1833801269531,0,0,0,0.0,0,0,0,0,0,,,0,0,0,,,,,,9999.0,67,19,17,0,,,0.0,0.0
cl01,7,vertical-rule-detector,VLINE,0.9,380.1388854980469,49.52288818359375,380.1388854980469,742.8438720703125,0.0,693.3209838867188,380.1388854980469,396.1833801269531,0,0,0,0.0,0,0,0,0,0,,,0,0,0,,,,,,9999.0,67,19,17,0,,,0.0,0.0
cl01,7,vertical-rule-detector,VLINE,0.9,214.86109924316406,49.52288818359375,214.86109924316406,742.8438720703125,0.0,693.3209838867188,214.86109924316406,396.1833801269531,0,0,0,0.0,0,0,0,0,0,,,0,0,0,,,,,,9999.0,67,19,17,0,,,0.0,0.0
cl01,7,vertical-rule-detector,VLINE,0.9,380.1388854980469,49.52288818359375,380.1388854980469,742.8438720703125,0.0,693.3209838867188,380.1388854980469,396.1833801269531,0,0,0,0.0,0,0,0,0,0,,,0,0,0,,,,,,9999.0,67,19,17,0,,,0.0,0.0
cl01,7,vertical-rule-detector,VLINE,0.9,214.86109924316406,49.52288818359375,214.86109924316406,742.8438720703125,0.0,693.3209838867188,214.86109924316406,396.1833801269531,0,0,0,0.0,0,0,0,0,0,,,0,0,0,,,,,,9999.0,67,19,17,0,,,0.0,0.0
cl01,7,vertical-rule-detector,VLINE,0.9,380.1388854980469,49.52288818359375,380.1388854980469,742.8438720703125,0.0,693.3209838867188,380.1388854980469,396.1833801269531,0,0,0,0.0,0,0,0,0,0,,,0,0,0,,,,,,9999.0,67,19,17,0,,,0.0,0.0
cl01,7,table-detector,TABLE,0.9,49.58330154418945,643.798095703125,545.4163208007812,643.798095703125,495.8330192565918,0.0,297.49981117248535,643.798095703125,0,0,0,0.0,0,0,0,0,0,,,0,0,0,,,0,0,,71.5,67,1,0,0,,,0.0,0.0
cl01,7,table-detector,TABLE,0.9,49.58330154418945,594.2750854492188,545.4163208007812,594.2750854492188,495.8330192565918,0.0,297.49981117248535,594.2750854492188,0,0,0,0.0,0,0,0,0,0,,,0,0,0,,,0,0,,120.52,67,1,0,0,,,0.0,0.0
cl01,7,table-detector,TABLE,0.9,49.58330154418945,544.752197265625,545.4163208007812,544.752197265625,495.8330192565918,0.0,297.49981117248535,544.752197265625,0,0,0,0.0,0,0,0,0,0,,,0,0,0,,,1,0,,169.84,67,1,0,0,,,0.0,0.0
cl01,7,table-detector,TABLE,0.9,49.58330154418945,495.22930908203125,545.4163208007812,495.22930908203125,495.8330192565918,0.0,297.49981117248535,495.22930908203125,0,0,0,0.0,0,0,0,0,0,,,0,0,0,,,1,0,,219.25,67,1,0,0,,,0.0,0.0
cl01,7,table-detector,TABLE,0.9,49.58330154418945,445.706298828125,545.4163208007812,445.706298828125,495.8330192565918,0.0,297.49981117248535,445.706298828125,0,0,0,0.0,0,0,0,0,0,,,0,0,0,,,2,0,,268.7,67,1,0,0,,,0.0,0.0
cl01,7,table-detector,TABLE,0.9,49.58330154418945,396.18341064453125,545.4163208007812,396.18341064453125,495.8330192565918,0.0,297.49981117248535,396.18341064453125,0,0,0,0.0,0,0,0,0,0,,,0,0,0,,,2,0,,318.17,67,20,0,0,,,0.0,0.0
cl01,7,table-detector,TABLE,0.9,49.58330154418945,346.6604919433594,545.4163208007812,346.6604919433594,495.8330192565918,0.0,297.49981117248535,346.6604919433594,0,0,0,0.0,0,0,0,0,0,,,0,0,0,,,3,0,,311.54,67,1,0,0,,,0.0,0.0
cl01,7,table-detector,TABLE,0.9,49.58330154418945,297.13751220703125,545.4163208007812,297.13751220703125,495.8330192565918,0.0,297.49981117248535,297.13751220703125,0,0,0,0.0,0,0,0,0,0,,,0,0,0,,,3,0,,262.01,67,1,0,0,,,0.0,0.0
cl01,7,table-detector,TABLE,0.9,49.58330154418945,247.61459350585938,545.4163208007812,247.61459350585938,495.8330192565918,0.0,297.49981117248535,247.61459350585938,0,0,0,0.0,0,0,0,0,0,,,0,0,0,,,4,0,,212.49,67,1,0,0,,,0.0,0.0
cl01,7,table-detector,TABLE,0.9,49.58330154418945,198.09170532226562,545.4163208007812,198.09170532226562,495.8330192565918,0.0,297.49981117248535,198.09170532226562,0,0,0,0.0,0,0,0,0,0,,,0,0,0,,,4,0,,162.97,67,1,0,0,,,0.0,0.0
cl01,7,table-detector,TABLE,0.9,49.58330154418945,148.5688018798828,545.4163208007812,148.5688018798828,495.8330192565918,0.0,297.49981117248535,148.5688018798828,0,0,0,0.0,0,0,0,0,0,,,0,0,0,,,5,0,,113.44,67,1,0,0,,,0.0,0.0
cl01,7,table-detector,TABLE,0.9,49.58330154418945,99.04580688476562,545.4163208007812,99.04580688476562,495.8330192565918,0.0,297.49981117248535,99.04580688476562,0,0,0,0.0,0,0,0,0,0,,,0,0,0,,,5,0,,63.92,67,1,0,0,,,0.0,0.0
cl01,8,label-detector,LABEL,0.9,304.1440124511719,121.54638671875,411.3705749511719,125.86638689041138,107.2265625,4.320000171661377,357.7572937011719,123.70638680458069,1,5,31,1.0,0,1,0,0,0,6.0,,0,0,0,,,,,,64.87,30,2,1,1,LABEL,IS THE HEALING STILL CONTINUED?,0.6538,0.6538
cl01,3,underline-detector,UNDERLINE,0.8837349700927735,136.430908203125,413.61468505859375,183.1779022216797,425.61468505859375,46.74699401855469,12.0,159.80440521240234,419.61468505859375,0,0,0,0.0,0,0,0,0,0,,,0,0,0,,,,,,10.99,181,2,1,0,,,0.0,0.0
cl01,3,underline-detector,UNDERLINE,0.8837349700927735,136.430908203125,403.6236877441406,183.1779022216797,415.6236877441406,46.74699401855469,12.0,159.80440521240234,409.6236877441406,0,0,0,0.0,0,0,0,0,0,,,0,0,0,,,,,,1.0,181,9,1,1,OPTION,ARE YOU PREGNANT [NOT SURE],0.8005,0.9557
cl01,4,table-detector,TABLE,0.8520000000000001,59.5078010559082,690.7222290039062,73.29180145263672,696.4582290649414,13.784000396728516,5.736000061035156,66.39980125427246,693.5902290344238,0,0,0,0.0,0,0,0,0,0,,,0,0,0,,,1,1,,0.0,432,6,0,0,,,0.0,0.0
cl01,4,table-detector,TABLE,0.8520000000000001,59.5078010559082,443.1221923828125,75.51580047607422,448.85819244384766,16.007999420166016,5.736000061035156,67.51180076599121,445.9901924133301,0,0,0,0.0,0,0,0,0,0,,,0,0,0,,,11,1,,0.0,432,6,0,0,,,0.0,0.0
cl01,4,table-detector,TABLE,0.8520000000000001,59.504600524902344,715.4813842773438,79.0645980834961,721.2173843383789,19.55999755859375,5.736000061035156,69.28459930419922,718.3493843078613,0,0,0,0.0,0,0,0,0,0,,,0,0,0,,,0,1,,0.0,432,6,0,0,,,0.0,0.0
cl01,4,table-detector,TABLE,0.8520000000000001,59.5078010559082,665.9622192382812,79.95579528808594,671.6982192993164,20.447994232177734,5.736000061035156,69.73179817199707,668.8302192687988,0,0,0,0.0,0,0,0,0,0,,,0,0,0,,,2,1,,0.0,432,11,4,0,,,0.0,0.0
cl01,4,table-detector,TABLE,0.8520000000000001,59.5078010559082,393.6022033691406,82.61979675292969,399.3382034301758,23.111995697021484,5.736000061035156,71.06379890441895,396.4702033996582,0,0,0,0.0,0,0,0,0,0,,,0,0,0,,,13,1,,0.0,432,144,0,0,,,0.0,0.0
cl01,4,table-detector,TABLE,0.8520000000000001,59.5078010559082,467.8822021484375,82.62779235839844,473.61820220947266,23.119991302490234,5.736000061035156,71.06779670715332,470.7502021789551,0,0,0,0.0,0,0,0,0,0,,,0,0,0,,,10,1,,0.0,432,6,0,0,,,0.0,0.0
cl01,4,table-detector,TABLE,0.8520000000000001,59.5078010559082,294.5419921875,89.29979705810547,300.27799224853516,29.791996002197266,5.736000061035156,74.40379905700684,297.4099922180176,0,0,0,0.0,0,0,0,0,0,,,0,0,0,,,17,1,,0.0,432,6,0,0,,,0.0,0.0
cl01,4,table-detector,TABLE,0.8520000000000001,59.5078010559082,170.74200439453125,91.08379364013672,176.4780044555664,31.575992584228516,5.736000061035156,75.29579734802246,173.61000442504883,0,0,0,0.0,0,0,0,0,0,,,0,0,0,,,22,1,,0.0,432,6,0,0,,,0.0,0.0
cl01,4,table-detector,TABLE,0.8520000000000001,59.5078010559082,121.22198486328125,93.73979949951172,126.9579849243164,34.231998443603516,5.736000061035156,76.62380027770996,124.08998489379883,0,0,0,0.0,0,0,0,0,0,,,0,0,0,,,24,1,,0.0,432,6,0,0,,,0.0,0.0
cl01,4,table-detector,TABLE,0.8520000000000001,59.5078010559082,418.3622131347656,93.74778747558594,424.0982131958008,34.239986419677734,5.736000061035156,76.62779426574707,421.2302131652832,0,0,0,0.0,0,0,0,0,0,,,0,0,0,,,12,1,,0.0,432,6,0,0,,,0.0,0.0
cl01,4,table-detector,TABLE,0.8520000000000001,59.5078010559082,220.261962890625,94.19579315185547,225.99796295166016,34.687992095947266,5.736000061035156,76.85179710388184,223.12996292114258,0,0,0,0.0,0,0,0,0,0,,,0,0,0,,,20,1,,0.0,432,6,0,0,,,0.0,0.0
cl01,4,table-detector,TABLE,0.8520000000000001,59.5078010559082,269.781982421875,94.62779235839844,275.51798248291016,35.119991302490234,5.736000061035156,77.06779670715332,272.6499824523926,0,0,0,0.0,0,0,0,0,0,,,0,0,0,,,18,1,,0.0,432,6,0,0,,,0.0,0.0
cl01,4,table-detector,TABLE,0.8520000000000001,59.5078010559082,145.98199462890625,96.41178894042969,151.7179946899414,36.903987884521484,5.736000061035156,77.95979499816895,148.84999465942383,0,0,0,0.0,0,0,0,0,0,,,0,0,0,,,23,1,,0.0,432,6,0,0,,,0.0,0.0
cl01,4,table-detector,TABLE,0.8520000000000001,59.5078010559082,368.8421936035156,98.63579559326172,374.5781936645508,39.127994537353516,5.736000061035156,79.07179832458496,371.7101936340332,0,0,0,0.0,0,0,0,0,0,,,0,0,0,,,14,1,,0.0,432,6,0,0,,,0.0,0.0
cl01,4,table-detector,TABLE,0.8520000000000001,59.5078010559082,641.2022094726562,99.07579040527344,646.9382095336914,39.567989349365234,5.736000061035156,79.29179573059082,644.0702095031738,0,0,0,0.0,0,0,0,0,0,,,0,0,0,,,3,1,,0.0,432,6,0,0,,,0.0,0.0
cl01,4,table-detector,TABLE,0.8520000000000001,59.5078010559082,492.6422119140625,99.07579803466797,498.37821197509766,39.567996978759766,5.736000061035156,79.29179954528809,495.5102119445801,0,0,0,0.0,0,0,0,0,0,,,0,0,0,,,9,1,,0.0,432,6,0,0,,,0.0,0.0
cl01,4,table-detector,TABLE,0.8520000000000001,59.5078010559082,195.50201416015625,99.52378845214844,201.2380142211914,40.015987396240234,5.736000061035156,79.51579475402832,198.37001419067383,0,0,0,0.0,0,0,0,0,0,,,0,0,0,,,21,1,,0.0,432,6,0,0,,,0.0,0.0
cl01,4,table-detector,TABLE,0.8520000000000001,59.5078010559082,517.4022216796875,99.96379089355469,523.1382217407227,40.455989837646484,5.736000061035156,79.73579597473145,520.2702217102051,0,0,0,0.0,0,0,0,0,0,,,0,0,0,,,8,1,,0.0,432,6,0,0,,,0.0,0.0
cl01,4,table-detector,TABLE,0.8520000000000001,59.5078010559082,344.06201171875,100.7157974243164,349.79801177978516,41.2079963684082,5.736000061035156,80.1117992401123,346.9300117492676,0,0,0,0.0,0,0,0,0,0,,,0,0,0,,,15,1,,0.0,432,6,0,0,,,0.0,0.0
cl01,4,table-detector,TABLE,0.8520000000000001,59.5078010559082,591.6821899414062,104.41979217529297,597.4181900024414,44.911991119384766,5.736000061035156,81.96379661560059,594.5501899719238,0,0,0,0.0,0,0,0,0,0,,,0,0,0,,,5,1,,0.0,432,6,0,0,,,0.0,0.0
cl01,4,table-detector,TABLE,0.8520000000000001,59.5078010559082,616.4421997070312,105.30778503417969,622.1781997680664,45.799983978271484,5.736000061035156,82.40779304504395,619.3101997375488,0,0,0,0.0,0,0,0,0,0,,,0,0,0,,,4,1,,0.0,432,6,0,0,,,0.0,0.0
cl01,4,table-detector,TABLE,0.8520000000000001,59.5078010559082,319.302001953125,106.04939270019531,325.03800201416016,46.54159164428711,5.736000061035156,82.77859687805176,322.1700019836426,0,0,0,0.0,0,0,0,0,0,,,0,0,0,,,16,1,,0.0,432,10,3,0,,,0.0,0.0
cl01,0,label-detector,LABEL,0.85,263.8057861328125,32.37921142578125,332.18707275390625,37.87173128128052,68.38128662109375,5.492519855499268,297.9964294433594,35.125471353530884,1,2,13,1.0,0,0,0,0,0,7.0,,0,0,0,,,,,,9999.0,2,0,0,0,,,0.0,0.0
cl01,1,label-detector,LABEL,0.85,56.22710037231445,740.58251953125,106.01329040527344,744.9025197029114,49.786190032958984,4.320000171661377,81.12019538879395,742.7425196170807,1,2,14,1.0,0,0,0,0,0,6.0,,0,0,0,,,,,,37.42,155,1,1,1,LABEL,PATIENT'S NAME,0.615,0.615
cl01,1,label-detector,LABEL,0.85,316.53961181640625,740.58251953125,377.2176513671875,744.9025197029114,60.67803955078125,4.320000171661377,346.8786315917969,742.7425196170807,1,4,16,1.0,0,0,0,0,1,6.0,,0,0,0,,,,,,37.92,155,1,1,1,LABEL,ADDRESS LINE 1 & 2,0.6243,0.6243
cl01,1,label-detector,LABEL,0.85,56.22710037231445,715.82080078125,69.2291030883789,720.1408009529114,13.002002716064453,4.320000171661377,62.72810173034668,717.9808008670807,1,1,3,1.0,0,0,0,0,0,6.0,,0,0,0,,,,,,22.69,155,4,2,1,LABEL,AGE,0.5103,0.5103
cl01,1,label-detector,LABEL,0.85,110.88279724121094,715.82080078125,136.55079650878906,720.1408009529114,25.667999267578125,4.320000171661377,123.716796875,717.9808008670807,1,1,6,1.0,0,0,0,0,0,6.0,,0,0,0,,,,,,13.09,155,4,2,1,LABEL,GENDER,0.5954,0.5954
cl01,1,label-detector,LABEL,0.85,165.53909301757812,715.82080078125,216.7677001953125,720.1408009529114,51.228607177734375,4.320000171661377,191.1533966064453,717.9808008670807,1,2,14,1.0,0,0,0,0,0,6.0,,0,0,0,,,,,,13.87,155,4,2,1,LABEL,MARITAL STATUS,0.6231,0.6231
cl01,1,label-detector,LABEL,0.85,169.9149932861328,703.5687866210938,192.25299072265625,707.8887867927551,22.337997436523438,4.320000171661377,181.08399200439453,705.7287867069244,1,1,6,1.0,0,0,0,0,0,6.0,,0,0,0,,,,,,0.0,155,21,3,1,OPTION,MARITAL STATUS [SINGLE],0.3073,0.3073
cl01,1,label-detector,LABEL,0.85,206.85940551757812,703.5687866210938,234.85540771484375,707.8887867927551,27.996002197265625,4.320000171661377,220.85740661621094,705.7287867069244,1,1,7,1.0,0,0,0,0,0,6.0,,0,0,0,,,,,,0.0,155,21,3,1,OPTION,MARITAL STATUS [MARRIED],0.3341,0.3341
cl01,1,label-detector,LABEL,0.85,249.56739807128906,703.5687866210938,274.5694274902344,707.8887867927551,25.002029418945312,4.320000171661377,262.0684127807617,705.7287867069244,1,1,6,1.0,0,0,0,0,0,6.0,,0,0,0,,,,,,0.0,155,21,3,1,OPTION,MARITAL STATUS [OTHERS],0.3158,0.3158
cl01,1,label-detector,LABEL,0.85,56.22710037231445,691.05908203125,74.89309692382812,695.3790822029114,18.665996551513672,4.320000171661377,65.56009864807129,693.2190821170807,1,1,5,1.0,0,0,0,0,0,6.0,,0,0,0,,,,,,20.06,155,5,0,1,LABEL,EMAIL,0.5675,0.5675
cl01,1,label-detector,LABEL,0.85,56.22710037231445,666.2982788085938,127.33970642089844,670.6182789802551,71.11260604858398,4.320000171661377,91.78340339660645,668.4582788944244,1,3,18,1.0,0,0,0,0,0,6.0,,0,0,0,,,,,,38.26,155,2,1,1,LABEL,CONTACT / WHATSAPP,0.6379,0.6459
cl01,1,label-detector,LABEL,0.85,316.53961181640625,666.2982788085938,330.2076110839844,670.6182789802551,13.667999267578125,4.320000171661377,323.3736114501953,668.4582788944244,1,1,4,1.0,0,0,0,0,0,6.0,,0,0,0,,,,,,27.82,155,2,1,1,LABEL,CITY,0.5344,0.5344
cl01,1,label-detector,LABEL,0.85,56.22710037231445,641.53662109375,95.6771011352539,645.8566212654114,39.45000076293945,4.320000171661377,75.95210075378418,643.6966211795807,1,1,10,1.0,0,0,0,0,0,6.0,,0,0,0,,,,,,61.88,155,4,2,1,LABEL,OCCUPATION,0.6178,0.6178
cl01,1,label-detector,LABEL,0.85,316.53961181640625,641.53662109375,335.31842041015625,645.8566212654114,18.77880859375,4.320000171661377,325.92901611328125,643.6966211795807,1,1,5,1.0,0,0,0,0,0,6.0,,0,0,0,,,,,,46.05,155,4,2,1,LABEL,STATE,0.5634,0.5634
cl01,1,label-detector,LABEL,0.85,465.28961181640625,641.53662109375,506.8582458496094,645.8566212654114,41.568634033203125,4.320000171661377,486.0739288330078,643.6966211795807,1,3,13,1.0,0,0,0,0,0,6.0,,0,0,0,,,,,,21.02,155,4,2,1,LABEL,ZIP / PINCODE,0.6249,0.6249
cl01,1,label-detector,LABEL,0.85,56.22710037231445,542.49072265625,157.4626922607422,546.8107228279114,101.23559188842773,4.320000171661377,106.84489631652832,544.6507227420807,1,4,29,1.0,0,0,0,0,0,6.0,,0,0,0,,,,,,100.6,155,2,1,1,LABEL,MEDICAL CONDITION / DIAGNOSIS,0.6384,0.6384
cl01,1,label-detector,LABEL,0.85,378.5190124511719,542.49072265625,412.7508239746094,546.8107228279114,34.2318115234375,4.320000171661377,395.6349182128906,544.6507227420807,1,1,8,1.0,0,0,0,0,0,6.0,,0,0,0,,,,,,34.57,155,2,1,1,LABEL,SYMPTOMS,0.5879,0.5879
cl01,1,label-detector,LABEL,0.85,378.5190124511719,507.82470703125,413.7528076171875,512.1447072029114,35.233795166015625,4.320000171661377,396.1359100341797,509.9847071170807,1,2,9,1.0,0,0,0,0,1,6.0,,0,0,0,,,,,,0.26,155,2,0,1,LABEL,SYMPTOMS #1,0.6145,0.6145
cl01,1,label-detector,LABEL,0.85,378.5190124511719,473.15869140625,413.7528076171875,477.4786915779114,35.233795166015625,4.320000171661377,396.1359100341797,475.3186914920807,1,2,9,1.0,0,0,0,0,1,6.0,,0,0,0,,,,,,0.26,155,3,0,1,LABEL,SYMPTOMS #2,0.6145,0.6145
cl01,1,label-detector,LABEL,0.85,378.5190124511719,438.4927062988281,413.7528076171875,442.8127064704895,35.233795166015625,4.320000171661377,396.1359100341797,440.6527063846588,1,2,9,1.0,0,0,0,0,1,6.0,,0,0,0,,,,,,0.26,155,2,0,1,LABEL,SYMPTOMS #3,0.6051,0.6051
cl01,1,label-detector,LABEL,0.85,378.5190124511719,403.8266906738281,413.7528076171875,408.1466908454895,35.233795166015625,4.320000171661377,396.1359100341797,405.9866907596588,1,2,9,1.0,0,0,0,0,1,6.0,,0,0,0,,,,,,34.77,155,1,0,1,LABEL,SYMPTOMS #4,0.6145,0.6145
cl01,1,label-detector,LABEL,0.85,63.37300109863281,208.21441650390625,148.38278198242188,212.53441667556763,85.00978088378906,4.320000171661377,105.87789154052734,210.37441658973694,1,4,24,1.0,0,0,0,0,0,6.0,,0,0,0,,,,,,31.05,155,4,2,1,LABEL,SIGNATURE OF THE PATIENT,0.632,0.632
cl01,1,label-detector,LABEL,0.85,209.0854034423828,208.21441650390625,224.9770050048828,212.53441667556763,15.8916015625,4.320000171661377,217.0312042236328,210.37441658973694,1,1,4,1.0,0,0,0,0,0,6.0,,0,0,0,,,,,,39.28,155,4,2,1,LABEL,DATE,0.5361,0.5361
cl01,1,label-detector,LABEL,0.85,323.68548583984375,208.21441650390625,391.3534851074219,212.53441667556763,67.66799926757812,4.320000171661377,357.5194854736328,210.37441658973694,1,4,18,1.0,0,0,0,0,0,6.0,,0,0,0,,,,,,54.04,155,4,2,1,LABEL,NAME OF THE HEALER,0.6264,0.6264
cl01,1,label-detector,LABEL,0.85,56.22710037231445,183.44921875,110.11970520019531,187.76921892166138,53.89260482788086,4.320000171661377,83.17340278625488,185.6092188358307,1,2,15,1.0,0,0,0,0,0,6.0,,0,0,0,,,,,,52.47,155,2,1,1,LABEL,HEALING DETAILS,0.6316,0.6316
cl01,1,label-detector,LABEL,0.85,452.9219055175781,183.44921875,515.5979614257812,187.76921892166138,62.676055908203125,4.320000171661377,484.2599334716797,185.6092188358307,1,4,18,1.0,0,0,0,0,0,6.0,,0,0,0,,,,,,12.9,155,2,1,1,LABEL,BASIC BOOK PG. NO.,0.64,0.64
cl01,1,label-detector,LABEL,0.85,452.9219055175781,138.05322265625,530.4876708984375,142.37322282791138,77.56576538085938,4.320000171661377,491.7047882080078,140.2132227420807,1,4,21,1.0,0,0,0,0,0,6.0,,0,0,0,,,,,,7.38,155,0,0,1,LABEL,ADVANCED BOOK PG. NO.,0.6388,0.6388
cl01,1,label-detector,LABEL,0.85,452.9219055175781,92.65771484375,531.16748046875,96.97771501541138,78.24557495117188,4.320000171661377,492.04469299316406,94.81771492958069,1,3,21,1.0,0,0,0,0,0,6.0,,0,0,0,,,,,,7.19,155,0,0,1,LABEL,PSYCHOTHERAPY PG. NO.,0.6365,0.6365
cl01,1,label-detector,LABEL,0.85,263.8057861328125,32.37921142578125,332.1998291015625,37.87173128128052,68.39404296875,5.492519855499268,298.0028076171875,35.125471353530884,1,2,13,1.0,0,0,0,0,0,7.0,,0,0,0,,,,,,88.21,155,0,0,0,,,0.0,0.0
cl01,2,label-detector,LABEL,0.85,56.088401794433594,740.63720703125,190.88319396972656,744.9572072029114,134.79479217529297,4.320000171661377,123.48579788208008,742.7972071170807,1,6,38,1.0,0,0,0,0,0,6.0,,0,0,0,,,,,,52.19,52,2,1,1,LABEL,"PERTINENT LAB, XRAY AND OTHER FINDINGS",0.656,0.656
cl01,2,label-detector,LABEL,0.85,316.4013977050781,740.63720703125,428.7453918457031,744.9572072029114,112.343994140625,4.320000171661377,372.5733947753906,742.7972071170807,1,4,30,1.0,0,0,0,0,0,6.0,,0,0,0,,,,,,14.32,52,2,1,1,LABEL,ANY OTHER RELEVANT INFORMATION,0.6526,0.6526
cl01,2,label-detector,LABEL,0.85,56.088401794433594,493.02288818359375,219.4515838623047,497.3428883552551,163.3631820678711,4.320000171661377,137.76999282836914,495.18288826942444,1,7,45,1.0,0,0,0,0,0,6.0,,0,0,0,,,,,,26.69,52,2,1,1,LABEL,ARE YOU CURRENTLY PRACTISING OR RECEIVING ANY COMPLEMENTARY OR ALTERNATIVE MODALITIES?,0.6607,0.6607
cl01,2,label-detector,LABEL,0.85,316.4013977050781,493.02288818359375,467.9872741699219,497.3428883552551,151.58587646484375,4.320000171661377,392.1943359375,495.18288826942444,1,7,41,1.0,0,0,0,0,0,6.0,,0,0,0,,,,,,12.9,52,2,1,1,LABEL,HAVE YOU RECENTLY BEEN DIAGNOSED WITH ANY INFECTIOUS ILLNESS?,0.6576,0.6576
cl01,2,label-detector,LABEL,0.85,71.39939880371094,465.6694030761719,83.4053955078125,469.98940324783325,12.005996704101562,4.320000171661377,77.40239715576172,467.82940316200256,1,1,3,1.0,0,0,0,0,0,6.0,,0,0,0,,,,,,0.0,52,10,3,0,,,0.0,0.0
cl01,2,label-detector,LABEL,0.85,112.18379211425781,465.6694030761719,121.18379211425781,469.98940324783325,9.0,4.320000171661377,116.68379211425781,467.82940316200256,1,1,2,1.0,0,0,0,0,0,6.0,,0,0,0,,,,,,0.0,52,10,3,0,,,0.0,0.0
cl01,2,label-detector,LABEL,0.85,331.7134094238281,465.6689147949219,343.7194519042969,469.98891496658325,12.00604248046875,4.320000171661377,337.7164306640625,467.82891488075256,1,1,3,1.0,0,0,0,0,0,6.0,,0,0,0,,,,,,0.0,52,10,3,0,,,0.0,0.0
cl01,2,label-detector,LABEL,0.85,372.49786376953125,465.6689147949219,381.49786376953125,469.98891496658325,9.0,4.320000171661377,376.99786376953125,467.82891488075256,1,1,2,1.0,0,0,0,0,0,6.0,,0,0,0,,,,,,0.0,52,10,3,0,,,0.0,0.0
cl01,2,label-detector,LABEL,0.85,263.8057861328125,32.37921142578125,332.18707275390625,37.87173128128052,68.38128662109375,5.492519855499268,297.9964294433594,35.125471353530884,1,2,13,1.0,0,0,0,0,0,7.0,,0,0,0,,,,,,63.98,52,0,0,0,,,0.0,0.0
cl01,3,label-detector,LABEL,0.85,55.99760055541992,715.8765258789062,141.01100158691406,720.1965260505676,85.01340103149414,4.320000171661377,98.50430107116699,718.0365259647369,1,3,22,1.0,0,0,0,0,0,6.0,,0,0,0,,,,,,13.38,181,2,0,1,LABEL,OVERALL GENERAL HEALTH,0.6292,0.6292
cl01,3,label-detector,LABEL,0.85,63.37300109863281,703.60107421875,81.70899963378906,707.9210743904114,18.33599853515625,4.320000171661377,72.54100036621094,705.7610743045807,1,1,4,1.0,0,0,0,0,0,6.0,,0,0,0,,,,,,0.0,181,9,2,0,,,0.0,0.0
cl01,3,label-detector,LABEL,0.85,102.98539733886719,703.60107421875,120.6553955078125,707.9210743904114,17.669998168945312,4.320000171661377,111.82039642333984,705.7610743045807,1,1,4,1.0,0,0,0,0,0,6.0,,0,0,0,,,,,,0.0,181,9,2,0,,,0.0,0.0
cl01,3,label-detector,LABEL,0.85,144.12989807128906,703.60107421875,179.79989624023438,707.9210743904114,35.66999816894531,4.320000171661377,161.96489715576172,705.7610743045807,1,1,9,1.0,0,0,0,0,0,6.0,,0,0,0,,,,,,0.0,181,9,2,0,,,0.0,0.0
cl01,3,label-detector,LABEL,0.85,55.99760055541992,666.35302734375,69.66560363769531,670.6730275154114,13.66800308227539,4.320000171661377,62.83160209655762,668.5130274295807,1,1,4,1.0,0,0,0,0,0,6.0,,0,0,0,,,,,,21.91,181,3,0,1,LABEL,DIET,0.5103,0.5103
cl01,3,label-detector,LABEL,0.85,65.25879669189453,654.07861328125,104.15019226074219,658.3986134529114,38.891395568847656,4.320000171661377,84.70449447631836,656.2386133670807,1,1,10,1.0,0,0,0,0,0,6.0,,0,0,0,,,,,,0.01,181,10,2,1,OPTION,DIET [VEGETARIAN],0.3022,0.3022
cl01,3,label-detector,LABEL,0.85,125.04279327392578,654.07861328125,179.265380859375,658.3986134529114,54.22258758544922,4.320000171661377,152.1540870666504,656.2386133670807,1,1,14,1.0,0,0,0,0,0,6.0,,0,0,0,,,,,,0.01,181,10,2,1,OPTION,DIET [NON-VEGETARIAN],0.343,0.343
cl01,3,label-detector,LABEL,0.85,197.79879760742188,654.07861328125,219.13479614257812,658.3986134529114,21.33599853515625,4.320000171661377,208.466796875,656.2386133670807,1,1,5,1.0,0,0,0,0,0,6.0,,0,0,0,,,,,,0.0,181,10,2,0,,,0.0,0.0
cl01,3,label-detector,LABEL,0.85,55.99760055541992,616.8306274414062,86.339599609375,621.1506276130676,30.341999053955078,4.320000171661377,71.16860008239746,618.9906275272369,1,1,8,1.0,0,0,0,0,0,6.0,,0,0,0,,,,,,12.36,181,1,0,1,LABEL,EXERCISE,0.5989,0.5989
cl01,3,label-detector,LABEL,0.85,66.53710174560547,604.55517578125,78.54309844970703,608.8751759529114,12.005996704101562,4.320000171661377,72.54010009765625,606.7151758670807,1,1,3,1.0,0,0,0,0,0,6.0,,0,0,0,,,,,,0.0,181,7,2,0,,,0.0,0.0
cl01,3,label-detector,LABEL,0.85,107.32029724121094,604.55517578125,116.32029724121094,608.8751759529114,9.0,4.320000171661377,111.82029724121094,606.7151758670807,1,1,2,1.0,0,0,0,0,0,6.0,,0,0,0,,,,,,0.0,181,7,2,0,,,0.0,0.0
cl01,3,label-detector,LABEL,0.85,55.99760055541992,567.30712890625,103.33760070800781,571.6271290779114,47.34000015258789,4.320000171661377,79.66760063171387,569.4671289920807,1,1,12,1.0,0,0,0,0,0,6.0,,0,0,0,,,,,,0.22,181,2,0,1,LABEL,HYPERTENSION,0.6181,0.6181
cl01,3,label-detector,LABEL,0.85,66.53710174560547,555.03271484375,78.54309844970703,559.3527150154114,12.005996704101562,4.320000171661377,72.54010009765625,557.1927149295807,1,1,3,1.0,0,0,0,0,0,6.0,,0,0,0,,,,,,0.0,181,27,1,0,,,0.0,0.0
cl01,3,label-detector,LABEL,0.85,107.31909942626953,555.03271484375,116.31909942626953,559.3527150154114,9.0,4.320000171661377,111.81909942626953,557.1927149295807,1,1,2,1.0,0,0,0,0,0,6.0,,0,0,0,,,,,,0.0,181,27,1,0,,,0.0,0.0
cl01,3,label-detector,LABEL,0.85,55.99760055541992,517.7847290039062,242.3431854248047,522.1047291755676,186.34558486938477,4.320000171661377,149.1703929901123,519.9447290897369,1,5,52,1.0,0,0,0,0,0,6.0,,0,0,0,,,,,,0.0,181,2,0,1,LABEL,"GASTROINTESTINAL (ABDOMINAL PAIN, VOMITING, DIARRHEA)",0.6447,0.6447
cl01,3,label-detector,LABEL,0.85,66.53710174560547,505.5093078613281,78.54309844970703,509.8293080329895,12.005996704101562,4.320000171661377,72.54010009765625,507.6693079471588,1,1,3,1.0,0,0,0,0,0,6.0,,0,0,0,,,,,,0.0,181,28,1,0,,,0.0,0.0
cl01,3,label-detector,LABEL,0.85,107.31909942626953,505.5093078613281,116.31909942626953,509.8293080329895,9.0,4.320000171661377,111.81909942626953,507.6693079471588,1,1,2,1.0,0,0,0,0,0,6.0,,0,0,0,,,,,,0.0,181,28,1,0,,,0.0,0.0
cl01,3,label-detector,LABEL,0.85,55.99760055541992,468.2611999511719,239.5885772705078,472.58120012283325,183.5909767150879,4.320000171661377,147.79308891296387,470.42120003700256,1,6,52,1.0,0,0,0,0,0,6.0,,0,0,0,,,,,,0.19,181,2,0,1,LABEL,"STRESS, DEPRESSION, ANXIETY OR PSYCHIATRIC CONDITION",0.6518,0.6518
cl01,3,label-detector,LABEL,0.85,66.53710174560547,455.9867858886719,78.54309844970703,460.30678606033325,12.005996704101562,4.320000171661377,72.54010009765625,458.14678597450256,1,1,3,1.0,0,0,0,0,0,6.0,,0,0,0,,,,,,0.0,181,27,1,0,,,0.0,0.0
cl01,3,label-detector,LABEL,0.85,107.31909942626953,455.9867858886719,116.31909942626953,460.30678606033325,9.0,4.320000171661377,111.81909942626953,458.14678597450256,1,1,2,1.0,0,0,0,0,0,6.0,,0,0,0,,,,,,0.0,181,27,1,0,,,0.0,0.0
cl01,3,label-detector,LABEL,0.85,55.99760055541992,418.7388000488281,118.56319427490234,423.0588002204895,62.56559371948242,4.320000171661377,87.28039741516113,420.8988001346588,1,3,16,1.0,0,0,0,0,0,6.0,,0,0,0,,,,,,19.19,181,2,0,1,LABEL,ARE YOU PREGNANT,0.6303,0.6303
cl01,3,label-detector,LABEL,0.85,66.53710174560547,406.4634094238281,78.54309844970703,410.7834095954895,12.005996704101562,4.320000171661377,72.54010009765625,408.6234095096588,1,1,3,1.0,0,0,0,0,0,6.0,,0,0,0,,,,,,0.0,181,9,2,0,,,0.0,0.0
cl01,3,label-detector,LABEL,0.85,107.31909942626953,406.4634094238281,116.31909942626953,410.7834095954895,9.0,4.320000171661377,111.81909942626953,408.6234095096588,1,1,2,1.0,0,0,0,0,0,6.0,,0,0,0,,,,,,0.0,181,9,2,0,,,0.0,0.0
cl01,3,label-detector,LABEL,0.85,144.30369567871094,406.4634094238281,175.30569458007812,410.7834095954895,31.001998901367188,4.320000171661377,159.80469512939453,408.6234095096588,1,2,8,1.0,0,0,0,0,0,6.0,,0,0,0,,,,,,0.0,181,9,2,0,,,0.0,0.0
cl01,3,label-detector,LABEL,0.85,56.13529968261719,369.2153015136719,81.79730224609375,373.53530168533325,25.662002563476562,4.320000171661377,68.96630096435547,371.37530159950256,1,1,6,1.0,0,0,0,0,0,6.0,,0,0,0,,,,,,19.32,181,0,0,1,LABEL,CANCER,0.5841,0.5841
cl01,3,label-detector,LABEL,0.85,71.44629669189453,351.8617858886719,83.4522933959961,356.18178606033325,12.005996704101562,4.320000171661377,77.44929504394531,354.02178597450256,1,1,3,1.0,0,0,0,0,0,6.0,,0,0,0,,,,,,0.0,181,5,1,0,,,0.0,0.0
cl01,3,label-detector,LABEL,0.85,112.23049926757812,351.8617858886719,121.23049926757812,356.18178606033325,9.0,4.320000171661377,116.73049926757812,354.02178597450256,1,1,2,1.0,0,0,0,0,0,6.0,,0,0,0,,,,,,0.0,181,5,1,0,,,0.0,0.0
cl01,3,label-detector,LABEL,0.85,56.13529968261719,270.16943359375,228.9580841064453,274.4894337654114,172.82278442382812,4.320000171661377,142.54669189453125,272.3294336795807,1,9,49,1.0,0,0,0,0,0,6.0,,0,0,0,,,,,,12.9,181,0,0,1,LABEL,"IF YES TO ANY LOCATION ABOVE, PLEASE EXPLAIN MORE",0.6486,0.6486
cl01,3,label-detector,LABEL,0.85,56.13529968261719,146.30712890625,233.37770080566406,150.62712907791138,177.24240112304688,4.320000171661377,144.75650024414062,148.4671289920807,1,6,48,1.0,0,0,0,0,0,6.0,,0,0,0,,,,,,12.9,181,0,0,1,LABEL,ADDITIONAL NOTES (ANY RELEVANT MEDICAL CONDITIONS),0.6448,0.6448
cl01,3,label-detector,LABEL,0.85,263.8057861328125,32.37921142578125,332.1998291015625,37.87173128128052,68.39404296875,5.492519855499268,298.0028076171875,35.125471353530884,1,2,13,1.0,0,0,0,0,0,7.0,,0,0,0,,,,,,63.95,181,0,0,0,,,0.0,0.0
cl01,4,label-detector,LABEL,0.85,155.3936004638672,752.95068359375,221.52259826660156,757.2706837654114,66.12899780273438,4.320000171661377,188.45809936523438,755.1106836795807,1,3,18,1.0,0,0,0,0,0,6.0,,0,0,0,,,,,,42.81,432,3,1,0,,,0.0,0.0
cl01,4,label-detector,LABEL,0.85,353.72711181640625,752.95068359375,430.7388916015625,757.2706837654114,77.01177978515625,4.320000171661377,392.2330017089844,755.1106836795807,1,3,22,1.0,0,0,0,0,0,6.0,,0,0,0,,,,,,41.89,432,3,1,0,,,0.0,0.0
cl01,4,label-detector,LABEL,0.85,42.54439926147461,681.1383666992188,42.54439926147461,734.7841725349426,0.0,53.64580583572388,42.54439926147461,707.9612696170807,1,2,13,1.0,0,0,0,0,0,6.0,,0,0,0,,,,,,0.0,432,11,2,0,,,0.0,0.0
cl01,4,label-detector,LABEL,0.85,42.54439926147461,681.1383666992188,42.54439926147461,734.7841725349426,0.0,53.64580583572388,42.54439926147461,707.9612696170807,1,2,13,1.0,0,0,0,0,0,6.0,,0,0,0,,,,,,0.0,432,11,2,0,,,0.0,0.0
cl01,4,label-detector,LABEL,0.85,42.54439926147461,681.1383666992188,42.54439926147461,734.7841725349426,0.0,53.64580583572388,42.54439926147461,707.9612696170807,1,2,13,1.0,0,0,0,0,0,6.0,,0,0,0,,,,,,0.0,432,11,2,0,,,0.0,0.0
cl01,4,label-detector,LABEL,0.85,42.54439926147461,336.1441955566406,42.54439926147461,388.1221852302551,0.0,51.9779896736145,42.54439926147461,362.1331903934479,1,2,13,1.0,0,0,0,0,0,6.0,,0,0,0,,,,,,0.0,432,12,2,0,,,0.0,0.0
cl01,4,label-detector,LABEL,0.85,42.54439926147461,336.1441955566406,42.54439926147461,388.1221852302551,0.0,51.9779896736145,42.54439926147461,362.1331903934479,1,2,13,1.0,0,0,0,0,0,6.0,,0,0,0,,,,,,0.0,432,12,2,0,,,0.0,0.0
cl01,4,label-detector,LABEL,0.85,42.54439926147461,336.1441955566406,42.54439926147461,388.1221852302551,0.0,51.9779896736145,42.54439926147461,362.1331903934479,1,2,13,1.0,0,0,0,0,0,6.0,,0,0,0,,,,,,0.0,432,12,2,0,,,0.0,0.0
cl01,4,label-detector,LABEL,0.85,42.54439926147461,37.0982666015625,42.54439926147461,115.74626970291138,0.0,78.64800310134888,42.54439926147461,76.42226815223694,1,3,19,1.0,0,0,0,0,0,6.0,,0,0,0,,,,,,0.0,432,7,1,0,,,0.0,0.0
cl01,4,label-detector,LABEL,0.85,42.54439926147461,37.0982666015625,42.54439926147461,115.74626970291138,0.0,78.64800310134888,42.54439926147461,76.42226815223694,1,3,19,1.0,0,0,0,0,0,6.0,,0,0,0,,,,,,0.0,432,7,1,0,,,0.0,0.0
cl01,4,label-detector,LABEL,0.85,263.8057861328125,32.37921142578125,332.18707275390625,37.87173128128052,68.38128662109375,5.492519855499268,297.9964294433594,35.125471353530884,1,2,13,1.0,0,0,0,0,0,7.0,,0,0,0,,,,,,8.03,432,0,0,0,,,0.0,0.0
cl01,5,label-detector,LABEL,0.85,180.1855010986328,740.58251953125,229.74729919433594,744.9025197029114,49.561798095703125,4.320000171661377,204.96640014648438,742.7425196170807,1,2,12,1.0,0,0,0,0,0,6.0,,0,0,0,,,,,,16.25,162,3,3,1,LABEL,SYMPTOM IMPROVEMENT symptomName#1,0.6157,0.6157
cl01,5,label-detector,LABEL,0.85,273.154296875,740.58251953125,322.7160949707031,744.9025197029114,49.561798095703125,4.320000171661377,297.93519592285156,742.7425196170807,1,2,12,1.0,0,0,0,0,0,6.0,,0,0,0,,,,,,16.25,162,3,3,1,LABEL,SYMPTOM IMPROVEMENT symptomName#2,0.6168,0.6168
cl01,5,label-detector,LABEL,0.85,366.12298583984375,740.58251953125,415.6847839355469,744.9025197029114,49.561798095703125,4.320000171661377,390.9038848876953,742.7425196170807,1,2,12,1.0,0,0,0,0,0,6.0,,0,0,0,,,,,,16.25,162,3,3,1,LABEL,SYMPTOM IMPROVEMENT symptomName#3,0.6157,0.6157
cl01,5,label-detector,LABEL,0.85,459.09228515625,740.58251953125,508.6540832519531,744.9025197029114,49.561798095703125,4.320000171661377,483.87318420410156,742.7425196170807,1,2,12,1.0,0,0,0,0,0,6.0,,0,0,0,,,,,,16.25,162,3,3,1,LABEL,SYMPTOM IMPROVEMENT symptomName#4,0.6157,0.6157
cl01,5,label-detector,LABEL,0.85,56.227500915527344,715.82080078125,95.5634994506836,720.1408009529114,39.33599853515625,4.320000171661377,75.89550018310547,717.9808008670807,1,2,11,1.0,0,0,0,0,0,6.0,,0,0,0,,,,,,13.04,162,9,5,0,,,0.0,0.0
cl01,5,label-detector,LABEL,0.85,105.81050109863281,715.82080078125,150.368896484375,720.1408009529114,44.55839538574219,4.320000171661377,128.0896987915039,717.9808008670807,1,2,12,1.0,0,0,0,0,0,6.0,,0,0,0,,,,,,18.08,162,9,5,0,,,0.0,0.0
cl01,5,label-detector,LABEL,0.85,180.1855010986328,715.82080078125,216.19149780273438,720.1408009529114,36.00599670410156,4.320000171661377,198.1884994506836,717.9808008670807,1,2,10,1.0,0,0,0,0,1,6.0,,0,0,0,,,,,,29.12,162,9,5,0,,,0.0,0.0
cl01,5,label-detector,LABEL,0.85,273.154296875,715.82080078125,309.1602783203125,720.1408009529114,36.0059814453125,4.320000171661377,291.15728759765625,717.9808008670807,1,2,10,1.0,0,0,0,0,1,6.0,,0,0,0,,,,,,19.71,162,9,5,0,,,0.0,0.0
cl01,5,label-detector,LABEL,0.85,366.1235046386719,715.82080078125,402.1294860839844,720.1408009529114,36.0059814453125,4.320000171661377,384.1264953613281,717.9808008670807,1,2,10,1.0,0,0,0,0,1,6.0,,0,0,0,,,,,,24.12,162,9,5,0,,,0.0,0.0
cl01,5,label-detector,LABEL,0.85,459.09228515625,715.82080078125,495.0982666015625,720.1408009529114,36.0059814453125,4.320000171661377,477.09527587890625,717.9808008670807,1,2,10,1.0,0,0,0,0,1,6.0,,0,0,0,,,,,,24.12,162,9,5,0,,,0.0,0.0
cl01,5,label-detector,LABEL,0.85,56.227500915527344,369.1606140136719,148.01368713378906,373.48061418533325,91.78618621826172,4.320000171661377,102.1205940246582,371.32061409950256,1,3,26,1.0,0,0,0,0,0,6.0,,0,0,0,,,,,,64.92,162,2,1,1,LABEL,PATIENT'S INTERIM FEEDBACK 1,0.6387,0.6387
cl01,5,label-detector,LABEL,0.85,279.3525085449219,369.1606140136719,364.02630615234375,373.48061418533325,84.67379760742188,4.320000171661377,321.6894073486328,371.32061409950256,1,3,24,1.0,0,0,0,0,0,6.0,,0,0,0,,,,,,73.37,162,2,1,1,LABEL,PATIENT'S FINAL FEEDBACK,0.6495,0.6495
cl01,5,label-detector,LABEL,0.85,56.227500915527344,245.35302734375,95.5634994506836,249.67302751541138,39.33599853515625,4.320000171661377,75.89550018310547,247.5130274295807,1,2,11,1.0,0,0,0,0,0,6.0,,0,0,0,,,,,,7.69,162,2,1,1,LABEL,PATIENT'S INTERIM FEEDBACK 1 - HEALING NO.,0.6161,0.6161
cl01,5,label-detector,LABEL,0.85,118.20649719238281,245.35302734375,134.0980987548828,249.67302751541138,15.8916015625,4.320000171661377,126.15229797363281,247.5130274295807,1,1,4,1.0,0,0,0,0,0,6.0,,0,0,0,,,,,,42.85,162,2,1,1,LABEL,PATIENT'S INTERIM FEEDBACK 1 - DATE,0.5337,0.5337
cl01,5,label-detector,LABEL,0.85,56.227500915527344,195.830078125,148.01368713378906,200.15007829666138,91.78618621826172,4.320000171661377,102.1205940246582,197.9900782108307,1,3,26,1.0,0,0,0,0,0,6.0,,0,0,0,,,,,,12.9,162,1,0,1,LABEL,PATIENT'S INTERIM FEEDBACK 2,0.6387,0.6387
cl01,5,label-detector,LABEL,0.85,56.227500915527344,72.02288818359375,95.5634994506836,76.34288835525513,39.33599853515625,4.320000171661377,75.89550018310547,74.18288826942444,1,2,11,1.0,0,0,0,0,0,6.0,,0,0,0,,,,,,7.69,162,4,3,1,LABEL,PATIENT'S INTERIM FEEDBACK 2 - HEALING NO.,0.6066,0.6066
cl01,5,label-detector,LABEL,0.85,118.20649719238281,72.02288818359375,134.0980987548828,76.34288835525513,15.8916015625,4.320000171661377,126.15229797363281,74.18288826942444,1,1,4,1.0,0,0,0,0,0,6.0,,0,0,0,,,,,,42.85,162,4,3,1,LABEL,PATIENT'S INTERIM FEEDBACK 2 - DATE,0.5255,0.5255
cl01,5,label-detector,LABEL,0.85,279.3525085449219,72.02288818359375,318.6885070800781,76.34288835525513,39.33599853515625,4.320000171661377,299.0205078125,74.18288826942444,1,2,11,1.0,0,0,0,0,0,6.0,,0,0,0,,,,,,7.69,162,4,3,1,LABEL,PATIENT'S FINAL FEEDBACK - HEALING NO.,0.6066,0.6066
cl01,5,label-detector,LABEL,0.85,341.3315124511719,72.02288818359375,357.2231140136719,76.34288835525513,15.8916015625,4.320000171661377,349.2773132324219,74.18288826942444,1,1,4,1.0,0,0,0,0,0,6.0,,0,0,0,,,,,,24.96,162,4,3,1,LABEL,PATIENT'S FINAL FEEDBACK - DATE,0.5255,0.5255
cl01,5,label-detector,LABEL,0.85,263.8057861328125,32.37921142578125,332.1998291015625,37.87173128128052,68.39404296875,5.492519855499268,298.0028076171875,35.125471353530884,1,2,13,1.0,0,0,0,0,0,7.0,,0,0,0,,,,,,28.35,162,0,0,0,,,0.0,0.0
cl01,6,label-detector,LABEL,0.85,180.18600463867188,740.58349609375,229.747802734375,744.9034962654114,49.561798095703125,4.320000171661377,204.96690368652344,742.7434961795807,1,2,12,1.0,0,0,0,0,0,6.0,,0,0,0,,,,,,16.25,150,3,3,1,LABEL,SYMPTOM IMPROVEMENT symptomName#1,0.6157,0.6157
cl01,6,label-detector,LABEL,0.85,273.15478515625,740.58349609375,322.7165832519531,744.9034962654114,49.561798095703125,4.320000171661377,297.93568420410156,742.7434961795807,1,2,12,1.0,0,0,0,0,0,6.0,,0,0,0,,,,,,16.25,150,3,3,1,LABEL,SYMPTOM IMPROVEMENT symptomName#2,0.6168,0.6168
cl01,6,label-detector,LABEL,0.85,366.1235046386719,740.58349609375,415.685302734375,744.9034962654114,49.561798095703125,4.320000171661377,390.90440368652344,742.7434961795807,1,2,12,1.0,0,0,0,0,0,6.0,,0,0,0,,,,,,16.25,150,3,3,1,LABEL,SYMPTOM IMPROVEMENT symptomName#3,0.6157,0.6157
cl01,6,label-detector,LABEL,0.85,459.09228515625,740.58349609375,508.6540832519531,744.9034962654114,49.561798095703125,4.320000171661377,483.87318420410156,742.7434961795807,1,2,12,1.0,0,0,0,0,0,6.0,,0,0,0,,,,,,16.25,150,3,3,1,LABEL,SYMPTOM IMPROVEMENT symptomName#4,0.6157,0.6157
cl01,6,label-detector,LABEL,0.85,56.227500915527344,715.82177734375,95.5634994506836,720.1417775154114,39.33599853515625,4.320000171661377,75.89550018310547,717.9817774295807,1,2,11,1.0,0,0,0,0,0,6.0,,0,0,0,,,,,,13.04,150,5,5,0,,,0.0,0.0
cl01,6,label-detector,LABEL,0.85,105.81099700927734,715.82177734375,150.369384765625,720.1417775154114,44.558387756347656,4.320000171661377,128.09019088745117,717.9817774295807,1,2,12,1.0,0,0,0,0,0,6.0,,0,0,0,,,,,,18.08,150,5,5,0,,,0.0,0.0
cl01,6,label-detector,LABEL,0.85,180.18600463867188,715.82177734375,216.19200134277344,720.1417775154114,36.00599670410156,4.320000171661377,198.18900299072266,717.9817774295807,1,2,10,1.0,0,0,0,0,1,6.0,,0,0,0,,,,,,29.12,150,5,5,0,,,0.0,0.0
cl01,6,label-detector,LABEL,0.85,273.15478515625,715.82177734375,309.1607666015625,720.1417775154114,36.0059814453125,4.320000171661377,291.15777587890625,717.9817774295807,1,2,10,1.0,0,0,0,0,1,6.0,,0,0,0,,,,,,19.71,150,5,5,0,,,0.0,0.0
cl01,6,label-detector,LABEL,0.85,366.1235046386719,715.82177734375,402.1294860839844,720.1417775154114,36.0059814453125,4.320000171661377,384.1264953613281,717.9817774295807,1,2,10,1.0,0,0,0,0,1,6.0,,0,0,0,,,,,,29.12,150,5,5,0,,,0.0,0.0
cl01,6,label-detector,LABEL,0.85,459.09228515625,715.82177734375,495.0982666015625,720.1417775154114,36.0059814453125,4.320000171661377,477.09527587890625,717.9817774295807,1,2,10,1.0,0,0,0,0,1,6.0,,0,0,0,,,,,,25.69,150,5,5,0,,,0.0,0.0
cl01,6,label-detector,LABEL,0.85,56.227500915527344,369.1606140136719,148.01368713378906,373.48061418533325,91.78618621826172,4.320000171661377,102.1205940246582,371.32061409950256,1,3,26,1.0,0,0,0,0,0,6.0,,0,0,0,,,,,,64.92,150,2,1,1,LABEL,PATIENT'S INTERIM FEEDBACK 1,0.6387,0.6387
cl01,6,label-detector,LABEL,0.85,279.3525085449219,369.1606140136719,364.02630615234375,373.48061418533325,84.67379760742188,4.320000171661377,321.6894073486328,371.32061409950256,1,3,24,1.0,0,0,0,0,0,6.0,,0,0,0,,,,,,78.22,150,2,1,1,LABEL,PATIENT'S FINAL FEEDBACK,0.6495,0.6495
cl01,6,label-detector,LABEL,0.85,56.227500915527344,245.35400390625,95.5634994506836,249.67400407791138,39.33599853515625,4.320000171661377,75.89550018310547,247.5140039920807,1,2,11,1.0,0,0,0,0,0,6.0,,0,0,0,,,,,,7.69,150,2,1,0,,,0.0,0.0
cl01,6,label-detector,LABEL,0.85,118.20649719238281,245.35400390625,134.0980987548828,249.67400407791138,15.8916015625,4.320000171661377,126.15229797363281,247.5140039920807,1,1,4,1.0,0,0,0,0,0,6.0,,0,0,0,,,,,,42.85,150,2,1,0,,,0.0,0.0
cl01,6,label-detector,LABEL,0.85,56.227500915527344,195.83111572265625,148.01368713378906,200.15111589431763,91.78618621826172,4.320000171661377,102.1205940246582,197.99111580848694,1,3,26,1.0,0,0,0,0,0,6.0,,0,0,0,,,,,,12.9,150,1,0,1,LABEL,PATIENT'S INTERIM FEEDBACK 2,0.6387,0.6387
cl01,6,label-detector,LABEL,0.85,56.227500915527344,72.02392578125,95.5634994506836,76.34392595291138,39.33599853515625,4.320000171661377,75.89550018310547,74.18392586708069,1,2,11,1.0,0,0,0,0,0,6.0,,0,0,0,,,,,,7.69,150,4,3,0,,,0.0,0.0
cl01,6,label-detector,LABEL,0.85,118.20649719238281,72.02392578125,134.0980987548828,76.34392595291138,15.8916015625,4.320000171661377,126.15229797363281,74.18392586708069,1,1,4,1.0,0,0,0,0,0,6.0,,0,0,0,,,,,,42.85,150,4,3,0,,,0.0,0.0
cl01,6,label-detector,LABEL,0.85,279.3525085449219,72.02392578125,318.6885070800781,76.34392595291138,39.33599853515625,4.320000171661377,299.0205078125,74.18392586708069,1,2,11,1.0,0,0,0,0,0,6.0,,0,0,0,,,,,,7.69,150,4,3,0,,,0.0,0.0
cl01,6,label-detector,LABEL,0.85,341.3315124511719,72.02392578125,357.2231140136719,76.34392595291138,15.8916015625,4.320000171661377,349.2773132324219,74.18392586708069,1,1,4,1.0,0,0,0,0,0,6.0,,0,0,0,,,,,,42.85,150,4,3,0,,,0.0,0.0
cl01,6,label-detector,LABEL,0.85,263.8057861328125,32.37921142578125,332.18707275390625,37.87173128128052,68.38128662109375,5.492519855499268,297.9964294433594,35.125471353530884,1,2,13,1.0,0,0,0,0,0,7.0,,0,0,0,,,,,,28.35,150,0,0,0,,,0.0,0.0
cl01,7,label-detector,LABEL,0.85,56.22800064086914,740.58349609375,190.34597778320312,744.9034962654114,134.11797714233398,4.320000171661377,123.28698921203613,742.7434961795807,1,7,37,1.0,0,0,0,0,0,6.0,,0,0,0,,,,,,18.57,67,2,2,0,,,0.0,0.0
cl01,7,label-detector,LABEL,0.85,221.50540161132812,740.58349609375,358.6294860839844,744.9034962654114,137.12408447265625,4.320000171661377,290.06744384765625,742.7434961795807,1,5,37,1.0,0,0,0,0,0,6.0,,0,0,0,,,,,,17.5,67,2,2,0,,,0.0,0.0
cl01,7,label-detector,LABEL,0.85,386.78271484375,740.58349609375,526.2450561523438,744.9034962654114,139.46234130859375,4.320000171661377,456.5138854980469,742.7434961795807,1,5,38,1.0,0,0,0,0,0,6.0,,0,0,0,,,,,,14.54,67,2,2,0,,,0.0,0.0
cl01,7,label-detector,LABEL,0.85,56.22800064086914,733.3834838867188,198.45980834960938,737.7034840583801,142.23180770874023,4.320000171661377,127.34390449523926,735.5434839725494,1,7,40,1.0,0,0,0,0,0,6.0,,0,0,0,,,,,,10.98,67,6,2,0,,,0.0,0.0
cl01,7,label-detector,LABEL,0.85,221.50540161132812,733.3834838867188,296.7388000488281,737.7034840583801,75.2333984375,4.320000171661377,259.1221008300781,735.5434839725494,1,4,21,1.0,0,0,0,0,0,6.0,,0,0,0,,,,,,43.37,67,6,2,0,,,0.0,0.0
cl01,7,label-detector,LABEL,0.85,386.78271484375,733.3834838867188,462.01611328125,737.7034840583801,75.2333984375,4.320000171661377,424.3994140625,735.5434839725494,1,4,21,1.0,0,0,0,0,0,6.0,,0,0,0,,,,,,39.65,67,6,2,0,,,0.0,0.0
cl01,7,label-detector,LABEL,0.85,263.8057861328125,32.37921142578125,332.1998291015625,37.87173128128052,68.39404296875,5.492519855499268,298.0028076171875,35.125471353530884,1,2,13,1.0,0,0,0,0,0,7.0,,0,0,0,,,,,,63.92,67,0,0,0,,,0.0,0.0
cl01,8,label-detector,LABEL,0.85,56.22710037231445,790.1060180664062,161.56790161132812,794.4260182380676,105.34080123901367,4.320000171661377,108.89750099182129,792.2660181522369,1,3,28,1.0,0,0,0,0,0,6.0,,0,0,0,,,,,,12.9,30,0,0,1,LABEL,HEALER'S ADDITIONAL COMMENTS,0.6405,0.6405
cl01,8,label-detector,LABEL,0.85,56.22710037231445,121.54638671875,130.5767059326172,125.86638689041138,74.34960556030273,4.320000171661377,93.40190315246582,123.70638680458069,1,4,21,1.0,0,0,0,0,0,6.0,,0,0,0,,,,,,68.85,30,2,1,1,LABEL,TOTAL NO. OF HEALINGS,0.6393,0.6393
cl01,8,label-detector,LABEL,0.85,474.9775085449219,109.294921875,486.9835510253906,113.61492204666138,12.00604248046875,4.320000171661377,480.98052978515625,111.45492196083069,1,1,3,1.0,0,0,0,0,0,6.0,,0,0,0,,,,,,0.01,30,10,1,0,,,0.0,0.0
cl01,8,label-detector,LABEL,0.85,515.76171875,109.294921875,524.76171875,113.61492204666138,9.0,4.320000171661377,520.26171875,111.45492196083069,1,1,2,1.0,0,0,0,0,0,6.0,,0,0,0,,,,,,0.01,30,10,1,0,,,0.0,0.0
cl01,8,label-detector,LABEL,0.85,56.22710037231445,47.26220703125,118.1176986694336,51.58220720291138,61.89059829711914,4.320000171661377,87.17239952087402,49.42220711708069,1,3,17,1.0,0,0,0,0,0,6.0,,0,0,0,,,,,,37.29,30,4,2,1,LABEL,LAST HEALING DATE,0.627,0.627
cl01,8,label-detector,LABEL,0.85,230.04440307617188,47.26220703125,298.2691955566406,51.58220720291138,68.22479248046875,4.320000171661377,264.15679931640625,49.42220711708069,1,3,18,1.0,0,0,0,0,0,6.0,,0,0,0,,,,,,34.17,30,4,2,1,LABEL,LAST FEEDBACK DATE,0.6289,0.6289
cl01,8,label-detector,LABEL,0.85,403.3100891113281,47.26220703125,488.2059020996094,51.58220720291138,84.89581298828125,4.320000171661377,445.75799560546875,49.42220711708069,1,4,23,1.0,0,0,0,0,0,6.0,,0,0,0,,,,,,26.01,30,4,2,1,LABEL,SIGNATURE OF THE HEALER,0.6347,0.6347
cl01,8,label-detector,LABEL,0.85,263.8057861328125,32.37921142578125,332.18707275390625,37.87173128128052,68.38128662109375,5.492519855499268,297.9964294433594,35.125471353530884,1,2,13,1.0,0,0,0,0,0,7.0,,0,0,0,,,,,,16.76,30,3,0,0,,,0.0,0.0
cl01,2,rectangle-detector,RECTANGLE,0.8393727965274099,49.5359992980957,148.62399291992188,198.1949920654297,198.14698791503906,148.65899276733398,49.52299499511719,123.8654956817627,173.38549041748047,0,0,0,0.0,0,0,0,0,0,,,0,0,0,,,,,,59.11,52,3,2,1,VALUE,MEDICATION AND SUPPLEMENTS #1,0.7649,1.0
cl01,2,rectangle-detector,RECTANGLE,0.8393727965274099,222.98699951171875,148.62399291992188,371.73699951171875,198.14698791503906,148.75,49.52299499511719,297.36199951171875,173.38549041748047,0,0,0,0.0,0,0,0,0,0,,,0,0,0,,,,,,138.26,52,3,2,1,VALUE,MEDICATION AND SUPPLEMENTS #2,0.7644,1.0
cl01,2,rectangle-detector,RECTANGLE,0.8393727965274099,396.52899169921875,148.62399291992188,545.2789916992188,198.14698791503906,148.75,49.52299499511719,470.90399169921875,173.38549041748047,0,0,0,0.0,0,0,0,0,0,,,0,0,0,,,,,,221.39,52,3,2,1,VALUE,MEDICATION AND SUPPLEMENTS #3,0.765,1.0
cl01,2,rectangle-detector,RECTANGLE,0.8393727965274099,49.5359992980957,74.33999633789062,198.1949920654297,123.86299133300781,148.65899276733398,49.52299499511719,123.8654956817627,99.10149383544922,0,0,0,0.0,0,0,0,0,0,,,0,0,0,,,,,,130.43,52,2,2,1,VALUE,MEDICATION AND SUPPLEMENTS #4,0.7649,1.0
cl01,2,rectangle-detector,RECTANGLE,0.8393727965274099,222.98699951171875,74.33999633789062,371.73699951171875,123.86299133300781,148.75,49.52299499511719,297.36199951171875,99.10149383544922,0,0,0,0.0,0,0,0,0,0,,,0,0,0,,,,,,63.98,52,2,2,1,VALUE,MEDICATION AND SUPPLEMENTS #5,0.7644,1.0
cl01,2,rectangle-detector,RECTANGLE,0.8393727965274099,396.52899169921875,74.33999633789062,545.2789916992188,123.86299133300781,148.75,49.52299499511719,470.90399169921875,99.10149383544922,0,0,0,0.0,0,0,0,0,0,,,0,0,0,,,,,,184.36,52,2,2,1,VALUE,MEDICATION AND SUPPLEMENTS #6,0.765,1.0
cl01,1,underline-detector,UNDERLINE,0.821050033569336,203.75408935546875,710.7198486328125,237.96409606933594,722.7198486328125,34.21000671386719,12.0,220.85909271240234,716.7198486328125,0,0,0,0.0,0,0,0,0,0,,,0,0,0,,,,,,10.99,155,4,1,0,,,0.0,0.0
cl01,1,underline-detector,UNDERLINE,0.821050033569336,203.75408935546875,700.7288208007812,237.96409606933594,712.7288208007812,34.21000671386719,12.0,220.85909271240234,706.7288208007812,0,0,0,0.0,0,0,0,0,0,,,0,0,0,,,,,,1.0,155,21,1,1,OPTION,MARITAL STATUS [MARRIED],0.7907,0.9423
cl01,2,underline-detector,UNDERLINE,0.8210499954223633,99.5790023803711,472.82000732421875,133.78900146484375,484.82000732421875,34.209999084472656,12.0,116.68400192260742,478.82000732421875,0,0,0,0.0,0,0,0,0,0,,,0,0,0,,,,,,10.99,52,5,1,0,,,0.0,0.0
cl01,2,underline-detector,UNDERLINE,0.8210499954223633,99.5790023803711,462.8290100097656,133.78900146484375,474.8290100097656,34.209999084472656,12.0,116.68400192260742,468.8290100097656,0,0,0,0.0,0,0,0,0,0,,,0,0,0,,,,,,1.0,52,10,1,1,OPTION,ARE YOU CURRENTLY PRACTISING OR RECEIVING ANY COMPLEMENTARY OR ALTERNATIVE MODALITIES? [NO],0.7907,0.9423
cl01,3,underline-detector,UNDERLINE,0.8210499954223633,94.71660614013672,710.75244140625,128.92660522460938,722.75244140625,34.209999084472656,12.0,111.82160568237305,716.75244140625,0,0,0,0.0,0,0,0,0,0,,,0,0,0,,,,,,10.99,181,2,1,0,,,0.0,0.0
cl01,3,underline-detector,UNDERLINE,0.8210499954223633,94.71660614013672,700.7614135742188,128.92660522460938,712.7614135742188,34.209999084472656,12.0,111.82160568237305,706.7614135742188,0,0,0,0.0,0,0,0,0,0,,,0,0,0,,,,,,1.0,181,9,1,1,OPTION,OVERALL GENERAL HEALTH [POOR],0.7948,0.945
cl01,3,underline-detector,UNDERLINE,0.8210499954223633,94.71660614013672,611.70654296875,128.92660522460938,623.70654296875,34.209999084472656,12.0,111.82160568237305,617.70654296875,0,0,0,0.0,0,0,0,0,0,,,0,0,0,,,,,,10.99,181,1,0,0,,,0.0,0.0
cl01,3,underline-detector,UNDERLINE,0.8210499954223633,94.71660614013672,601.7155151367188,128.92660522460938,613.7155151367188,34.209999084472656,12.0,111.82160568237305,607.7155151367188,0,0,0,0.0,0,0,0,0,0,,,0,0,0,,,,,,1.0,181,7,0,1,OPTION,EXERCISE [NO],0.7926,0.9436
cl01,3,underline-detector,UNDERLINE,0.8210499954223633,94.71660614013672,562.1836547851562,128.92660522460938,574.1836547851562,34.209999084472656,12.0,111.82160568237305,568.1836547851562,0,0,0,0.0,0,0,0,0,0,,,0,0,0,,,,,,10.99,181,4,0,0,,,0.0,0.0
cl01,3,underline-detector,UNDERLINE,0.8210499954223633,94.71660614013672,552.192626953125,128.92660522460938,564.192626953125,34.209999084472656,12.0,111.82160568237305,558.192626953125,0,0,0,0.0,0,0,0,0,0,,,0,0,0,,,,,,1.0,181,27,0,1,OPTION,HYPERTENSION [NO],0.7948,0.945
cl01,3,underline-detector,UNDERLINE,0.8210499954223633,94.71660614013672,512.6605834960938,128.92660522460938,524.6605834960938,34.209999084472656,12.0,111.82160568237305,518.6605834960938,0,0,0,0.0,0,0,0,0,0,,,0,0,0,,,,,,10.99,181,4,0,0,,,0.0,0.0
cl01,3,underline-detector,UNDERLINE,0.8210499954223633,94.71660614013672,502.6695861816406,128.92660522460938,514.6695861816406,34.209999084472656,12.0,111.82160568237305,508.6695861816406,0,0,0,0.0,0,0,0,0,0,,,0,0,0,,,,,,1.0,181,28,0,1,OPTION,"GASTROINTESTINAL (ABDOMINAL PAIN, VOMITING, DIARRHEA) [NO]",0.7948,0.945
cl01,3,underline-detector,UNDERLINE,0.8210499954223633,94.71660614013672,463.1376953125,128.92660522460938,475.1376953125,34.209999084472656,12.0,111.82160568237305,469.1376953125,0,0,0,0.0,0,0,0,0,0,,,0,0,0,,,,,,10.99,181,4,0,0,,,0.0,0.0
cl01,3,underline-detector,UNDERLINE,0.8210499954223633,94.71660614013672,453.1466979980469,128.92660522460938,465.1466979980469,34.209999084472656,12.0,111.82160568237305,459.1466979980469,0,0,0,0.0,0,0,0,0,0,,,0,0,0,,,,,,1.0,181,27,0,1,OPTION,"STRESS, DEPRESSION, ANXIETY OR PSYCHIATRIC CONDITION [NO]",0.7882,0.9406
cl01,3,underline-detector,UNDERLINE,0.8210499954223633,94.71660614013672,413.61468505859375,128.92660522460938,425.61468505859375,34.209999084472656,12.0,111.82160568237305,419.61468505859375,0,0,0,0.0,0,0,0,0,0,,,0,0,0,,,,,,10.99,181,2,1,0,,,0.0,0.0
cl01,3,underline-detector,UNDERLINE,0.8210499954223633,94.71660614013672,403.6236877441406,128.92660522460938,415.6236877441406,34.209999084472656,12.0,111.82160568237305,409.6236877441406,0,0,0,0.0,0,0,0,0,0,,,0,0,0,,,,,,1.0,181,9,1,1,OPTION,ARE YOU PREGNANT [NO],0.7914,0.9428
cl01,3,underline-detector,UNDERLINE,0.8210499954223633,99.6259994506836,359.0129089355469,133.83599853515625,371.0129089355469,34.209999084472656,12.0,116.73099899291992,365.0129089355469,0,0,0,0.0,0,0,0,0,0,,,0,0,0,,,,,,10.99,181,0,0,0,,,0.0,0.0
cl01,3,underline-detector,UNDERLINE,0.8210499954223633,99.6259994506836,349.02191162109375,133.83599853515625,361.02191162109375,34.209999084472656,12.0,116.73099899291992,355.02191162109375,0,0,0,0.0,0,0,0,0,0,,,0,0,0,,,,,,1.0,181,5,0,1,OPTION,CANCER [NO],0.7917,0.943
cl01,2,underline-detector,UNDERLINE,0.8210499572753907,359.89141845703125,472.82000732421875,394.1014099121094,484.82000732421875,34.209991455078125,12.0,376.9964141845703,478.82000732421875,0,0,0,0.0,0,0,0,0,0,,,0,0,0,,,,,,10.99,52,5,1,0,,,0.0,0.0
cl01,2,underline-detector,UNDERLINE,0.8210499572753907,359.89141845703125,462.8290100097656,394.1014099121094,474.8290100097656,34.209991455078125,12.0,376.9964141845703,468.8290100097656,0,0,0,0.0,0,0,0,0,0,,,0,0,0,,,,,,1.0,52,10,1,0,,,0.0,0.0
cl01,8,underline-detector,UNDERLINE,0.8210499572753907,503.1571350097656,116.44490051269531,537.3671264648438,128.4449005126953,34.209991455078125,12.0,520.2621307373047,122.44490051269531,0,0,0,0.0,0,0,0,0,0,,,0,0,0,,,,,,10.99,30,2,0,0,,,0.0,0.0
cl01,8,underline-detector,UNDERLINE,0.8210499572753907,503.1571350097656,106.45390319824219,537.3671264648438,118.45390319824219,34.209991455078125,12.0,520.2621307373047,112.45390319824219,0,0,0,0.0,0,0,0,0,0,,,0,0,0,,,,,,1.0,30,10,0,1,OPTION,IS THE HEALING STILL CONTINUED? [NO],0.7872,0.945
cl01,1,underline-detector,UNDERLINE,0.8110499572753906,245.96401977539062,710.7198486328125,278.17401123046875,722.7198486328125,32.209991455078125,12.0,262.0690155029297,716.7198486328125,0,0,0,0.0,0,0,0,0,0,,,0,0,0,,,,,,10.99,155,4,1,0,,,0.0,0.0
cl01,1,underline-detector,UNDERLINE,0.8110499572753906,245.96401977539062,700.7288208007812,278.17401123046875,712.7288208007812,32.209991455078125,12.0,262.0690155029297,706.7288208007812,0,0,0,0.0,0,0,0,0,0,,,0,0,0,,,,,,1.0,155,21,1,1,OPTION,MARITAL STATUS [OTHERS],0.7884,0.9391
cl01,3,underline-detector,UNDERLINE,0.8069799804687501,192.7696990966797,661.2294311523438,224.1656951904297,673.2294311523438,31.39599609375,12.0,208.4676971435547,667.2294311523438,0,0,0,0.0,0,0,0,0,0,,,0,0,0,,,,,,10.99,181,3,2,0,,,0.0,0.0
cl01,3,underline-detector,UNDERLINE,0.8069799804687501,192.7696990966797,651.2384033203125,224.1656951904297,663.2384033203125,31.39599609375,12.0,208.4676971435547,657.2384033203125,0,0,0,0.0,0,0,0,0,0,,,0,0,0,,,,,,1.0,181,10,2,1,OPTION,DIET [VEGAN],0.7858,0.9364
cl01,1,image-placeholder-detector,IMAGE_PLACEHOLDER,0.7996331130039414,371.875,371.4219970703125,545.4169921875,544.7520141601562,173.5419921875,173.33001708984375,458.64599609375,458.0870056152344,0,0,0,0.0,0,0,0,0,0,,,0,0,0,,,,,,64.84,155,4,1,1,VALUE,SYMPTOMS #1,0.0909,1.0
cl01,2,image-placeholder-detector,IMAGE_PLACEHOLDER,0.7829466502192142,309.75799560546875,520.0460205078125,545.2789916992188,742.8990478515625,235.52099609375,222.85302734375,427.51849365234375,631.4725341796875,0,0,0,0.0,0,0,0,0,0,,,0,0,0,,,,,,124.15,52,1,1,1,VALUE,ANY OTHER RELEVANT INFORMATION,0.8932,1.0
cl01,2,image-placeholder-detector,IMAGE_PLACEHOLDER,0.7829466399486857,49.44499969482422,520.0460205078125,284.96600341796875,742.8990478515625,235.52100372314453,222.85302734375,167.20550155639648,631.4725341796875,0,0,0,0.0,0,0,0,0,0,,,0,0,0,,,,,,119.6,52,1,1,1,VALUE,"PERTINENT LAB, XRAY AND OTHER FINDINGS",0.8932,1.0
cl01,2,image-placeholder-detector,IMAGE_PLACEHOLDER,0.7829466068018022,309.75799560546875,272.4309997558594,545.2789916992188,495.28399658203125,235.52099609375,222.85299682617188,427.51849365234375,383.8574981689453,0,0,0,0.0,0,0,0,0,0,,,0,0,0,,,,,,98.0,52,1,1,1,VALUE,"If yes, explain here (infectious illness)",0.7063,1.0
cl01,2,image-placeholder-detector,IMAGE_PLACEHOLDER,0.7829465965312723,49.44499969482422,272.4309997558594,284.96600341796875,495.28399658203125,235.52100372314453,222.85299682617188,167.20550155639648,383.8574981689453,0,0,0,0.0,0,0,0,0,0,,,0,0,0,,,,,,98.0,52,1,1,1,VALUE,"If yes, explain here (modalities)",0.7063,1.0
cl01,3,table-detector,TABLE,0.7666666666666666,54.013999938964844,467.2919921875,241.25201416015625,473.7539978027344,187.2380142211914,6.462005615234375,147.63300704956055,470.5229949951172,0,0,0,0.0,0,0,0,0,0,,,0,0,0,,,2,5,,0.19,181,2,0,0,,,0.0,0.0
cl01,3,table-detector,TABLE,0.7666666666666666,55.99760055541992,517.7847290039062,242.3431854248047,522.1047291755676,186.34558486938477,4.320000171661377,149.1703929901123,519.9447290897369,0,0,0,0.0,0,0,0,0,0,,,0,0,0,,,1,5,,0.0,181,2,0,0,,,0.0,0.0
cl01,5,table-detector,TABLE,0.7666666666666666,206.33799743652344,766.8187255859375,388.9210510253906,773.271725654602,182.5830535888672,6.453000068664551,297.62952423095703,770.0452256202698,0,0,0,0.0,0,0,0,0,0,,,0,0,0,,,2,1,,27.3,162,0,0,0,,,0.0,0.0
cl01,5,table-detector,TABLE,0.7666666666666666,177.8350067138672,777.6187133789062,417.43316650390625,784.0717134475708,239.59815979003906,6.453000068664551,297.6340866088867,780.8452134132385,0,0,0,0.0,0,0,0,0,0,,,0,0,0,,,1,1,,19.0,162,1,1,0,,,0.0,0.0
cl01,5,table-detector,TABLE,0.7666666666666666,279.35211181640625,102.875,533.27685546875,108.61100006103516,253.92474365234375,5.736000061035156,406.3144836425781,105.74300003051758,0,0,0,0.0,0,0,0,0,0,,,0,0,0,,,0,1,,65.19,162,0,0,0,,,0.0,0.0
cl01,5,table-detector,TABLE,0.7666666666666666,279.35211181640625,93.2750244140625,535.33447265625,99.01102447509766,255.98236083984375,5.736000061035156,407.3432922363281,96.14302444458008,0,0,0,0.0,0,0,0,0,0,,,0,0,0,,,1,1,,62.08,162,1,1,0,,,0.0,0.0
cl01,6,table-detector,TABLE,0.7666666666666666,206.33799743652344,766.819580078125,388.9210510253906,773.2725801467896,182.5830535888672,6.453000068664551,297.62952423095703,770.0460801124573,0,0,0,0.0,0,0,0,0,0,,,0,0,0,,,2,1,,27.3,150,0,0,0,,,0.0,0.0
cl01,6,table-detector,TABLE,0.7666666666666666,177.8350067138672,777.61962890625,417.43316650390625,784.0726289749146,239.59815979003906,6.453000068664551,297.6340866088867,780.8461289405823,0,0,0,0.0,0,0,0,0,0,,,0,0,0,,,1,1,,19.0,150,1,1,0,,,0.0,0.0
cl01,5,image-placeholder-detector,IMAGE_PLACEHOLDER,0.7541554761915399,272.7090148925781,49.52299880981445,545.4169921875,371.4219970703125,272.7079772949219,321.89899826049805,409.06300354003906,210.47249794006348,0,0,0,0.0,0,0,0,0,0,,,0,0,0,,,,,,148.83,162,0,0,1,VALUE,PATIENT'S FINAL FEEDBACK,0.8466,1.0
cl01,6,image-placeholder-detector,IMAGE_PLACEHOLDER,0.7541554761915399,272.7090148925781,49.52299880981445,545.4169921875,371.4219970703125,272.7079772949219,321.89899826049805,409.06300354003906,210.47249794006348,0,0,0,0.0,0,0,0,0,0,,,0,0,0,,,,,,148.83,150,0,0,1,VALUE,PATIENT'S FINAL FEEDBACK,0.8466,1.0
cl01,1,checkbox-detector,CHECKBOX,0.75,113.07049560546875,699.6007080078125,125.27249908447266,711.802734375,12.202003479003906,12.2020263671875,119.1714973449707,705.7017211914062,0,0,0,0.0,0,0,0,0,0,,22,0,0,0,,,,,,13.09,155,21,4,1,OPTION,GENDER [M],0.9951,0.9977
cl01,1,checkbox-detector,CHECKBOX,0.75,137.8621063232422,699.6007080078125,150.06410217285156,711.802734375,12.201995849609375,12.2020263671875,143.96310424804688,705.7017211914062,0,0,0,0.0,0,0,0,0,0,,9,0,0,0,,,,,,23.68,155,21,4,1,OPTION,GENDER [F],0.9937,0.997
cl01,1,checkbox-detector,CHECKBOX,0.75,165.41030883789062,700.7288208007812,196.75430297851562,710.7198486328125,31.343994140625,9.99102783203125,181.08230590820312,705.7243347167969,0,0,0,0.0,0,0,0,0,0,,10,0,0,0,,,,,,0.0,155,21,4,1,OPTION,MARITAL STATUS [SINGLE],0.9934,0.9953
cl01,1,checkbox-detector,CHECKBOX,0.75,202.75408935546875,700.7288208007812,238.96409606933594,710.7198486328125,36.21000671386719,9.99102783203125,220.85909271240234,705.7243347167969,0,0,0,0.0,0,0,0,0,0,,8,0,0,0,,,,,,0.0,155,21,4,1,OPTION,MARITAL STATUS [MARRIED],0.9929,0.9961
cl01,1,checkbox-detector,CHECKBOX,0.75,244.96401977539062,700.7288208007812,279.17401123046875,710.7198486328125,34.209991455078125,9.99102783203125,262.0690155029297,705.7243347167969,0,0,0,0.0,0,0,0,0,0,,8,0,0,0,,,,,,0.0,155,21,4,1,OPTION,MARITAL STATUS [OTHERS],0.9933,0.9964
cl01,1,checkbox-detector,CHECKBOX,0.75,49.582801818847656,309.1965026855469,58.24980163574219,317.8634948730469,8.666999816894531,8.6669921875,53.91630172729492,313.5299987792969,0,0,0,0.0,0,0,0,0,0,,17,0,0,0,,,,,,43.75,155,0,0,1,VALUE,Not meant to replace conventional medicine,0.9877,0.9958
cl01,1,checkbox-detector,CHECKBOX,0.75,49.582801818847656,288.9057922363281,58.24980163574219,297.57281494140625,8.666999816894531,8.667022705078125,53.91630172729492,293.2393035888672,0,0,0,0.0,0,0,0,0,0,,17,0,0,0,,,,,,56.03,155,0,0,1,VALUE,Release from liabilities,0.9885,0.9962
cl01,1,checkbox-detector,CHECKBOX,0.75,49.582801818847656,257.5212097167969,58.24980163574219,266.1882019042969,8.666999816894531,8.6669921875,53.91630172729492,261.8547058105469,0,0,0,0.0,0,0,0,0,0,,17,0,0,0,,,,,,69.12,155,0,0,1,VALUE,Consent to use testimonial,0.9885,0.9962
cl01,1,table-detector,TABLE,0.75,371.45770263671875,437.52301025390625,545.4166870117188,513.3170166015625,173.958984375,75.79400634765625,458.43719482421875,475.4200134277344,0,0,0,0.0,0,0,0,0,0,,,0,0,1,5,2,,,,62.3,155,4,2,1,VALUE,SYMPTOMS #1,0.2075,1.0
cl01,2,checkbox-detector,CHECKBOX,0.75,61.730491638183594,462.8290100097656,93.07449340820312,472.82000732421875,31.34400177001953,9.990997314453125,77.40249252319336,467.8245086669922,0,0,0,0.0,0,0,0,0,0,,8,0,0,0,,,,,,0.0,52,10,3,1,OPTION,ARE YOU CURRENTLY PRACTISING OR RECEIVING ANY COMPLEMENTARY OR ALTERNATIVE MODALITIES? [YES],0.9933,0.9953
cl01,2,checkbox-detector,CHECKBOX,0.75,98.5790023803711,462.8290100097656,134.78900146484375,472.82000732421875,36.209999084472656,9.990997314453125,116.68400192260742,467.8245086669922,0,0,0,0.0,0,0,0,0,0,,10,0,0,0,,,,,,0.0,52,10,3,1,OPTION,ARE YOU CURRENTLY PRACTISING OR RECEIVING ANY COMPLEMENTARY OR ALTERNATIVE MODALITIES? [NO],0.9942,0.9968
cl01,2,checkbox-detector,CHECKBOX,0.75,322.0429992675781,462.8290100097656,353.3869934082031,472.82000732421875,31.343994140625,9.990997314453125,337.7149963378906,467.8245086669922,0,0,0,0.0,0,0,0,0,0,,8,0,0,0,,,,,,0.0,52,10,3,0,,,0.0,0.0
cl01,2,checkbox-detector,CHECKBOX,0.75,358.89141845703125,462.8290100097656,395.1014099121094,472.82000732421875,36.209991455078125,9.990997314453125,376.9964141845703,467.8245086669922,0,0,0,0.0,0,0,0,0,0,,10,0,0,0,,,,,,0.0,52,10,3,0,,,0.0,0.0
cl01,3,checkbox-detector,CHECKBOX,0.75,56.86809539794922,700.7614135742188,88.21209716796875,710.75244140625,31.34400177001953,9.99102783203125,72.54009628295898,705.7569274902344,0,0,0,0.0,0,0,0,0,0,,10,0,0,0,,,,,,0.0,181,9,2,1,OPTION,OVERALL GENERAL HEALTH [GOOD],0.99,0.9952
cl01,3,checkbox-detector,CHECKBOX,0.75,93.71660614013672,700.7614135742188,129.92660522460938,710.75244140625,36.209999084472656,9.99102783203125,111.82160568237305,705.7569274902344,0,0,0,0.0,0,0,0,0,0,,8,0,0,0,,,,,,0.0,181,9,2,1,OPTION,OVERALL GENERAL HEALTH [POOR],0.9902,0.9948
cl01,3,checkbox-detector,CHECKBOX,0.75,135.4311981201172,700.7614135742188,188.5001983642578,710.75244140625,53.069000244140625,9.99102783203125,161.9656982421875,705.7569274902344,0,0,0,0.0,0,0,0,0,0,,8,0,0,0,,,,,,0.0,181,9,2,1,OPTION,OVERALL GENERAL HEALTH [EXCELLENT],0.9908,0.9947
cl01,3,checkbox-detector,CHECKBOX,0.75,56.86809539794922,651.2384033203125,112.54609680175781,661.2294311523438,55.678001403808594,9.99102783203125,84.70709609985352,656.2339172363281,0,0,0,0.0,0,0,0,0,0,,10,0,0,0,,,,,,0.01,181,10,2,1,OPTION,DIET [VEGETARIAN],0.9919,0.9962
cl01,3,checkbox-detector,CHECKBOX,0.75,118.05039978027344,651.2384033203125,186.26539611816406,661.2294311523438,68.21499633789062,9.99102783203125,152.15789794921875,656.2339172363281,0,0,0,0.0,0,0,0,0,0,,8,0,0,0,,,,,,0.01,181,10,2,1,OPTION,DIET [NON-VEGETARIAN],0.992,0.9949
cl01,3,checkbox-detector,CHECKBOX,0.75,191.7696990966797,651.2384033203125,225.1656951904297,661.2294311523438,33.39599609375,9.99102783203125,208.4676971435547,656.2339172363281,0,0,0,0.0,0,0,0,0,0,,8,0,0,0,,,,,,0.0,181,10,2,1,OPTION,DIET [VEGAN],0.9913,0.9951
cl01,3,checkbox-detector,CHECKBOX,0.75,56.86809539794922,601.7155151367188,88.21209716796875,611.70654296875,31.34400177001953,9.99102783203125,72.54009628295898,606.7110290527344,0,0,0,0.0,0,0,0,0,0,,10,0,0,0,,,,,,0.0,181,7,1,1,OPTION,EXERCISE [YES],0.9964,0.9984
cl01,3,checkbox-detector,CHECKBOX,0.75,93.71660614013672,601.7155151367188,129.92660522460938,611.70654296875,36.209999084472656,9.99102783203125,111.82160568237305,606.7110290527344,0,0,0,0.0,0,0,0,0,0,,8,0,0,0,,,,,,0.0,181,7,1,1,OPTION,EXERCISE [NO],0.9966,0.998
cl01,3,checkbox-detector,CHECKBOX,0.75,56.86809539794922,552.192626953125,88.21209716796875,562.1836547851562,31.34400177001953,9.99102783203125,72.54009628295898,557.1881408691406,0,0,0,0.0,0,0,0,0,0,,8,0,0,0,,,,,,0.0,181,27,1,1,OPTION,HYPERTENSION [YES],0.9962,0.9984
cl01,3,checkbox-detector,CHECKBOX,0.75,93.71660614013672,552.192626953125,129.92660522460938,562.1836547851562,36.209999084472656,9.99102783203125,111.82160568237305,557.1881408691406,0,0,0,0.0,0,0,0,0,0,,10,0,0,0,,,,,,0.01,181,27,1,1,OPTION,HYPERTENSION [NO],0.9964,0.9979
cl01,3,checkbox-detector,CHECKBOX,0.75,56.86809539794922,502.6695861816406,88.21209716796875,512.6605834960938,31.34400177001953,9.990997314453125,72.54009628295898,507.6650848388672,0,0,0,0.0,0,0,0,0,0,,10,0,0,0,,,,,,0.0,181,28,1,1,OPTION,"GASTROINTESTINAL (ABDOMINAL PAIN, VOMITING, DIARRHEA) [YES]",0.9916,0.9961
cl01,3,checkbox-detector,CHECKBOX,0.75,93.71660614013672,502.6695861816406,129.92660522460938,512.6605834960938,36.209999084472656,9.990997314453125,111.82160568237305,507.6650848388672,0,0,0,0.0,0,0,0,0,0,,8,0,0,0,,,,,,0.0,181,28,1,1,OPTION,"GASTROINTESTINAL (ABDOMINAL PAIN, VOMITING, DIARRHEA) [NO]",0.9919,0.9956
cl01,3,checkbox-detector,CHECKBOX,0.75,56.86809539794922,453.1466979980469,88.21209716796875,463.1376953125,31.34400177001953,9.990997314453125,72.54009628295898,458.14219665527344,0,0,0,0.0,0,0,0,0,0,,10,0,0,0,,,,,,0.0,181,27,1,1,OPTION,"STRESS, DEPRESSION, ANXIETY OR PSYCHIATRIC CONDITION [YES]",0.9902,0.9953
cl01,3,checkbox-detector,CHECKBOX,0.75,93.71660614013672,453.1466979980469,129.92660522460938,463.1376953125,36.209999084472656,9.990997314453125,111.82160568237305,458.14219665527344,0,0,0,0.0,0,0,0,0,0,,8,0,0,0,,,,,,0.01,181,27,1,1,OPTION,"STRESS, DEPRESSION, ANXIETY OR PSYCHIATRIC CONDITION [NO]",0.9904,0.9949
cl01,3,checkbox-detector,CHECKBOX,0.75,56.86809539794922,403.6236877441406,88.21209716796875,413.61468505859375,31.34400177001953,9.990997314453125,72.54009628295898,408.6191864013672,0,0,0,0.0,0,0,0,0,0,,8,0,0,0,,,,,,0.0,181,9,2,1,OPTION,ARE YOU PREGNANT [YES],0.9948,0.9976
cl01,3,checkbox-detector,CHECKBOX,0.75,93.71660614013672,403.6236877441406,129.92660522460938,413.61468505859375,36.209999084472656,9.990997314453125,111.82160568237305,408.6191864013672,0,0,0,0.0,0,0,0,0,0,,10,0,0,0,,,,,,0.0,181,9,2,1,OPTION,ARE YOU PREGNANT [NO],0.995,0.9972
cl01,3,checkbox-detector,CHECKBOX,0.75,135.430908203125,403.6236877441406,184.1779022216797,413.61468505859375,48.74699401855469,9.990997314453125,159.80440521240234,408.6191864013672,0,0,0,0.0,0,0,0,0,0,,8,0,0,0,,,,,,0.0,181,9,2,1,OPTION,ARE YOU PREGNANT [NOT SURE],0.9951,0.9965
cl01,3,checkbox-detector,CHECKBOX,0.75,61.77759552001953,349.02191162109375,93.12159729003906,359.0129089355469,31.34400177001953,9.990997314453125,77.4495964050293,354.0174102783203,0,0,0,0.0,0,0,0,0,0,,8,0,0,0,,,,,,0.0,181,5,1,1,OPTION,CANCER [YES],0.9951,0.9978
cl01,3,checkbox-detector,CHECKBOX,0.75,98.6259994506836,349.02191162109375,134.83599853515625,359.0129089355469,36.209999084472656,9.990997314453125,116.73099899291992,354.0174102783203,0,0,0,0.0,0,0,0,0,0,,10,0,0,0,,,,,,0.0,181,5,1,1,OPTION,CANCER [NO],0.9948,0.9971
cl01,3,table-detector,TABLE,0.75,49.44599914550781,445.760986328125,545.2789916992188,572.7990112304688,495.83299255371094,127.03802490234375,297.3624954223633,509.2799987792969,0,0,0,0.0,0,0,0,0,0,,,0,0,1,3,7,,,,114.25,181,22,15,1,OPTION,"GASTROINTESTINAL (ABDOMINAL PAIN, VOMITING, DIARRHEA) [NO]",0.0057,1.0
cl01,4,table-detector,TABLE,0.75,42.54439926147461,37.0982666015625,545.4163208007812,734.7841725349426,502.87192153930664,697.6859059333801,293.98036003112793,385.94121956825256,0,0,0,0.0,0,0,0,0,0,,,0,0,1,25,4,,,,215.38,432,87,1,1,GRID,SCANNING RESULTS,0.9448,1.0
cl01,5,table-detector,TABLE,0.75,177.8350067138672,766.8187255859375,417.43316650390625,801.0193948745728,239.59815979003906,34.200669288635254,297.6340866088867,783.9190602302551,0,0,0,0.0,0,0,0,0,0,,,0,0,1,3,2,,,,16.52,162,1,1,0,,,0.0,0.0
cl01,5,table-detector,TABLE,0.75,49.58320999145508,470.4678039550781,545.4161987304688,643.798095703125,495.8329887390137,173.33029174804688,297.4997043609619,557.1329498291016,0,0,0,0.0,0,0,0,0,0,,,0,0,1,4,1,,,,160.97,162,0,0,1,GRID,SYMPTOM IMPROVEMENT,0.5832,0.5832
cl01,5,table-detector,TABLE,0.75,279.35211181640625,83.67498779296875,535.33447265625,108.61100006103516,255.98236083984375,24.936012268066406,407.3432922363281,96.14299392700195,0,0,0,0.0,0,0,0,0,0,,,0,0,1,3,2,,,,62.08,162,1,1,0,,,0.0,0.0
cl01,6,table-detector,TABLE,0.75,177.8350067138672,766.819580078125,417.43316650390625,801.0203714370728,239.59815979003906,34.200791358947754,297.6340866088867,783.9199757575989,0,0,0,0.0,0,0,0,0,0,,,0,0,1,3,2,,,,16.52,150,1,1,0,,,0.0,0.0
cl01,6,table-detector,TABLE,0.75,49.58320999145508,445.706298828125,545.4161987304688,668.5595092773438,495.8329887390137,222.85321044921875,297.4997043609619,557.1329040527344,0,0,0,0.0,0,0,0,0,0,,,0,0,1,5,1,,,,160.97,150,4,0,1,GRID,SYMPTOM IMPROVEMENT,0.7498,0.7498
cl01,7,table-detector,TABLE,0.75,49.58330154418945,99.04580688476562,545.4163208007812,643.798095703125,495.8330192565918,544.7522888183594,297.49981117248535,371.4219512939453,0,0,0,0.0,0,0,0,0,0,,,0,0,1,6,1,,,,336.3,67,0,0,1,GRID,PROTOCOL TABLE,0.7857,0.7857
cl01,8,checkbox-detector,CHECKBOX,0.75,465.30859375,106.45390319824219,496.652587890625,116.44490051269531,31.343994140625,9.990997314453125,480.9805908203125,111.44940185546875,0,0,0,0.0,0,0,0,0,0,,8,0,0,0,,,,,,0.01,30,10,1,1,OPTION,IS THE HEALING STILL CONTINUED? [YES],0.989,0.9997
cl01,8,checkbox-detector,CHECKBOX,0.75,502.1571350097656,106.45390319824219,538.3671264648438,116.44490051269531,36.209991455078125,9.990997314453125,520.2621307373047,111.44940185546875,0,0,0,0.0,0,0,0,0,0,,10,0,0,0,,,,,,0.01,30,10,1,1,OPTION,IS THE HEALING STILL CONTINUED? [NO],0.9888,0.9991
cl01,3,rectangle-detector,RECTANGLE,0.7409492104740466,49.49300003051758,297.1929931640625,545.4169921875,371.47698974609375,495.9239921569824,74.28399658203125,297.4549961090088,334.3349914550781,0,0,0,0.0,0,0,0,0,0,,,0,0,0,,,,,,156.42,181,1,0,1,VALUE,"CANCER - if yes, specify location",0.4458,1.0
cl01,1,table-detector,TABLE,0.74,371.45770263671875,510.0860900878906,545.4166870117188,510.0860900878906,173.958984375,0.0,458.43719482421875,510.0860900878906,0,0,0,0.0,0,0,0,0,0,,,0,0,0,,,0,1,,47.4,155,3,1,0,,,0.0,0.0
cl01,1,table-detector,TABLE,0.74,371.45770263671875,475.4200134277344,545.4166870117188,475.4200134277344,173.958984375,0.0,458.43719482421875,475.4200134277344,0,0,0,0.0,0,0,0,0,0,,,0,0,0,,,2,1,,62.3,155,4,2,0,,,0.0,0.0
cl01,1,table-detector,TABLE,0.74,371.45770263671875,440.7539978027344,545.4166870117188,440.7539978027344,173.958984375,0.0,458.43719482421875,440.7539978027344,0,0,0,0.0,0,0,0,0,0,,,0,0,0,,,4,1,,62.3,155,3,1,0,,,0.0,0.0
cl01,8,image-placeholder-detector,IMAGE_PLACEHOLDER,0.7310505949216559,49.58399963378906,148.56900024414062,545.4169921875,792.366943359375,495.83299255371094,643.7979431152344,297.50049591064453,470.4679718017578,0,0,0,0.0,0,0,0,0,0,,,0,0,0,,,,,,351.96,30,0,0,1,VALUE,HEALER'S ADDITIONAL COMMENTS,0.9569,1.0
cl01,1,image-placeholder-detector,IMAGE_PLACEHOLDER,0.7183848812411194,446.27899169921875,49.52299880981445,545.4169921875,185.71099853515625,99.13800048828125,136.1879997253418,495.8479919433594,117.61699867248535,0,0,0,0.0,0,0,0,0,0,,,0,0,0,,,,,,22.97,155,1,1,1,VALUE,PSYCHOTHERAPY PG. NO.,0.2389,1.0
cl01,7,image-placeholder-detector,IMAGE_PLACEHOLDER,0.7145469495865966,49.58300018310547,49.52299880981445,545.416015625,742.843994140625,495.83301544189453,693.3209953308105,297.49950790405273,396.1834964752197,0,0,0,0.0,0,0,0,0,0,,,0,0,0,,,,,,318.17,67,20,0,1,GRID,PROTOCOL TABLE,0.9998,1.0
cl01,1,whitespace-detector,WHITESPACE,0.7,158.89500427246094,691.05908203125,285.089111328125,695.3790822029114,126.19410705566406,4.320000171661377,221.99205780029297,693.2190821170807,0,0,0,0.0,0,0,0,0,0,,,0,0,0,,,,,,12.56,155,5,4,0,,,0.0,0.0
cl01,1,whitespace-detector,WHITESPACE,0.7,127.33970642089844,666.2982788085938,285.089111328125,670.6182789802551,157.74940490722656,4.320000171661377,206.21440887451172,668.4582788944244,0,0,0,0.0,0,0,0,0,0,,,0,0,0,,,,,,40.04,155,2,0,0,,,0.0,0.0
cl01,1,whitespace-detector,WHITESPACE,0.7,127.20001220703125,652.0,285.089111328125,659.1399998664856,157.88909912109375,7.139999866485596,206.14456176757812,655.5699999332428,0,0,0,0.0,0,0,0,0,0,,,0,0,0,,,,,,52.27,155,11,2,0,,,0.0,0.0
cl01,1,whitespace-detector,WHITESPACE,0.7,95.6771011352539,641.53662109375,285.089111328125,645.8566212654114,189.4120101928711,4.320000171661377,190.38310623168945,643.6966211795807,0,0,0,0.0,0,0,0,0,0,,,0,0,0,,,,,,62.73,155,4,1,0,,,0.0,0.0
cl01,1,whitespace-detector,WHITESPACE,0.7,335.31842041015625,641.53662109375,458.64581298828125,645.8566212654114,123.327392578125,4.320000171661377,396.98211669921875,643.6966211795807,0,0,0,0.0,0,0,0,0,0,,,0,0,0,,,,,,50.65,155,4,1,0,,,0.0,0.0
cl01,1,whitespace-detector,WHITESPACE,0.7,156.489990234375,619.037109375,285.089111328125,633.1399998664856,128.59912109375,14.102890491485596,220.78955078125,626.0885546207428,0,0,0,0.0,0,0,0,0,0,,,0,0,0,,,,,,79.64,155,13,4,1,VALUE,OCCUPATION,0.3372,0.3713
cl01,1,whitespace-detector,WHITESPACE,0.7,157.4626922607422,542.49072265625,371.875,546.8107228279114,214.4123077392578,4.320000171661377,264.6688461303711,544.6507227420807,0,0,0,0.0,0,0,0,0,0,,,0,0,0,,,,,,116.46,155,2,0,0,,,0.0,0.0
cl01,1,whitespace-detector,WHITESPACE,0.7,157.2899932861328,521.41162109375,371.875,536.433611869812,214.5850067138672,15.021990776062012,264.5824966430664,528.922616481781,0,0,0,0.0,0,0,0,0,0,,,0,0,0,,,,,,130.03,155,3,2,0,,,0.0,0.0
cl01,1,whitespace-detector,WHITESPACE,0.7,228.3070526123047,397.39788818359375,371.45770263671875,408.1466908454895,143.15065002441406,10.748802661895752,299.8823776245117,402.7722895145416,0,0,0,0.0,0,0,0,0,0,,,0,0,0,,,,,,96.31,155,1,0,0,,,0.0,0.0
cl01,1,whitespace-detector,WHITESPACE,0.7,235.86705017089844,387.79791259765625,371.875,393.5339126586914,136.00794982910156,5.736000061035156,303.8710250854492,390.6659126281738,0,0,0,0.0,0,0,0,0,0,,,0,0,0,,,,,,93.53,155,1,1,0,,,0.0,0.0
cl01,1,whitespace-detector,WHITESPACE,0.7,249.64306640625,378.1979064941406,371.875,383.9339065551758,122.23193359375,5.736000061035156,310.759033203125,381.0659065246582,0,0,0,0.0,0,0,0,0,0,,,0,0,0,,,,,,88.94,155,1,0,0,,,0.0,0.0
cl01,1,whitespace-detector,WHITESPACE,0.7,110.11970520019531,183.44921875,446.27899169921875,187.76921892166138,336.15928649902344,4.320000171661377,278.19934844970703,185.6092188358307,0,0,0,0.0,0,0,0,0,0,,,0,0,0,,,,,,65.99,155,2,0,0,,,0.0,0.0
cl01,1,whitespace-detector,WHITESPACE,0.7,102.04000091552734,165.0,446.27899169921875,175.1399998664856,344.2389907836914,10.139999866485596,274.15949630737305,170.0699999332428,0,0,0,0.0,0,0,0,0,0,,,0,0,0,,,,,,69.91,155,2,1,0,,,0.0,0.0
cl01,1,whitespace-detector,WHITESPACE,0.7,319.92144775390625,55.49847412109375,446.27899169921875,61.234474182128906,126.3575439453125,5.736000061035156,383.1002197265625,58.36647415161133,0,0,0,0.0,0,0,0,0,0,,,0,0,0,,,,,,88.21,155,0,0,0,,,0.0,0.0
cl01,2,whitespace-detector,WHITESPACE,0.7,134.78900146484375,462.8290100097656,309.75799560546875,472.82000732421875,174.968994140625,9.990997314453125,222.27349853515625,467.8245086669922,0,0,0,0.0,0,0,0,0,0,,,0,0,0,,,,,,88.82,52,10,0,0,,,0.0,0.0
cl01,2,whitespace-detector,WHITESPACE,0.7,111.7503890991211,445.7608947753906,309.75799560546875,450.062894821167,198.00760650634766,4.302000045776367,210.75419235229492,447.9118947982788,0,0,0,0.0,0,0,0,0,0,,,0,0,0,,,,,,86.96,52,2,0,0,,,0.0,0.0
cl01,2,whitespace-detector,WHITESPACE,0.7,59.424400329589844,195.88568115234375,222.98699951171875,200.20568132400513,163.5625991821289,4.320000171661377,141.2056999206543,198.04568123817444,0,0,0,0.0,0,0,0,0,0,,,0,0,0,,,,,,30.02,52,1,1,0,,,0.0,0.0
cl01,2,whitespace-detector,WHITESPACE,0.7,232.87599182128906,195.88568115234375,396.52899169921875,200.20568132400513,163.6529998779297,4.320000171661377,314.7024917602539,198.04568123817444,0,0,0,0.0,0,0,0,0,0,,,0,0,0,,,,,,163.77,52,1,1,0,,,0.0,0.0
cl01,2,whitespace-detector,WHITESPACE,0.7,59.424400329589844,121.60107421875,222.98699951171875,125.92107439041138,163.5625991821289,4.320000171661377,141.2056999206543,123.76107430458069,0,0,0,0.0,0,0,0,0,0,,,0,0,0,,,,,,103.71,52,1,1,0,,,0.0,0.0
cl01,2,whitespace-detector,WHITESPACE,0.7,232.87599182128906,121.60107421875,396.52899169921875,125.92107439041138,163.6529998779297,4.320000171661377,314.7024917602539,123.76107430458069,0,0,0,0.0,0,0,0,0,0,,,0,0,0,,,,,,90.2,52,1,1,0,,,0.0,0.0
cl01,4,whitespace-detector,WHITESPACE,0.7,221.52259826660156,752.95068359375,347.08331298828125,757.2706837654114,125.56071472167969,4.320000171661377,284.3029556274414,755.1106836795807,0,0,0,0.0,0,0,0,0,0,,,0,0,0,,,,,,21.74,432,3,1,0,,,0.0,0.0
cl01,5,whitespace-detector,WHITESPACE,0.7,148.01368713378906,369.1606140136719,272.7090148925781,373.48061418533325,124.69532775878906,4.320000171661377,210.3613510131836,371.32061409950256,0,0,0,0.0,0,0,0,0,0,,,0,0,0,,,,,,108.24,162,2,0,0,,,0.0,0.0
cl01,5,whitespace-detector,WHITESPACE,0.7,134.0980987548828,245.35302734375,272.7090148925781,249.67302751541138,138.6109161376953,4.320000171661377,203.40355682373047,247.5130274295807,0,0,0,0.0,0,0,0,0,0,,,0,0,0,,,,,,77.25,162,2,0,0,,,0.0,0.0
cl01,5,whitespace-detector,WHITESPACE,0.7,148.01368713378906,195.830078125,272.7090148925781,200.15007829666138,124.69532775878906,4.320000171661377,210.3613510131836,197.9900782108307,0,0,0,0.0,0,0,0,0,0,,,0,0,0,,,,,,97.69,162,1,0,0,,,0.0,0.0
cl01,5,whitespace-detector,WHITESPACE,0.7,134.0980987548828,72.02288818359375,272.70849609375,76.34288835525513,138.6103973388672,4.320000171661377,203.4032974243164,74.18288826942444,0,0,0,0.0,0,0,0,0,0,,,0,0,0,,,,,,77.25,162,4,0,0,,,0.0,0.0
cl01,6,whitespace-detector,WHITESPACE,0.7,148.01368713378906,369.1606140136719,272.7090148925781,373.48061418533325,124.69532775878906,4.320000171661377,210.3613510131836,371.32061409950256,0,0,0,0.0,0,0,0,0,0,,,0,0,0,,,,,,108.24,150,2,0,0,,,0.0,0.0
cl01,6,whitespace-detector,WHITESPACE,0.7,134.0980987548828,245.35400390625,272.7090148925781,249.67400407791138,138.6109161376953,4.320000171661377,203.40355682373047,247.5140039920807,0,0,0,0.0,0,0,0,0,0,,,0,0,0,,,,,,77.25,150,2,0,0,,,0.0,0.0
cl01,6,whitespace-detector,WHITESPACE,0.7,148.01368713378906,195.83111572265625,272.7090148925781,200.15111589431763,124.69532775878906,4.320000171661377,210.3613510131836,197.99111580848694,0,0,0,0.0,0,0,0,0,0,,,0,0,0,,,,,,97.69,150,1,0,0,,,0.0,0.0
cl01,6,whitespace-detector,WHITESPACE,0.7,134.0980987548828,72.02392578125,272.70849609375,76.34392595291138,138.6103973388672,4.320000171661377,203.4032974243164,74.18392586708069,0,0,0,0.0,0,0,0,0,0,,,0,0,0,,,,,,77.25,150,4,0,0,,,0.0,0.0
cl01,7,whitespace-detector,WHITESPACE,0.7,214.86109924316406,594.2750854492188,380.1388854980469,643.798095703125,165.2777862548828,49.52301025390625,297.49999237060547,619.0365905761719,0,0,0,0.0,0,0,0,0,0,,,0,0,0,,,,,,95.95,67,0,0,0,,,0.0,0.0
cl01,7,whitespace-detector,WHITESPACE,0.7,214.86109924316406,495.22930908203125,380.1388854980469,544.752197265625,165.2777862548828,49.52288818359375,297.49999237060547,519.9907531738281,0,0,0,0.0,0,0,0,0,0,,,0,0,0,,,,,,194.53,67,0,0,0,,,0.0,0.0
cl01,7,whitespace-detector,WHITESPACE,0.7,214.86109924316406,396.18341064453125,380.1388854980469,445.706298828125,165.2777862548828,49.52288818359375,297.49999237060547,420.9448547363281,0,0,0,0.0,0,0,0,0,0,,,0,0,0,,,,,,293.43,67,0,0,0,,,0.0,0.0
cl01,7,whitespace-detector,WHITESPACE,0.7,214.86109924316406,297.13751220703125,380.1388854980469,346.6604919433594,165.2777862548828,49.522979736328125,297.49999237060547,321.8990020751953,0,0,0,0.0,0,0,0,0,0,,,0,0,0,,,,,,286.77,67,0,0,0,,,0.0,0.0
cl01,7,whitespace-detector,WHITESPACE,0.7,214.86109924316406,198.09170532226562,380.1388854980469,247.61459350585938,165.2777862548828,49.52288818359375,297.49999237060547,222.8531494140625,0,0,0,0.0,0,0,0,0,0,,,0,0,0,,,,,,187.73,67,0,0,0,,,0.0,0.0
cl01,7,whitespace-detector,WHITESPACE,0.7,214.86109924316406,99.04580688476562,380.1388854980469,148.5688018798828,165.2777862548828,49.52299499511719,297.49999237060547,123.80730438232422,0,0,0,0.0,0,0,0,0,0,,,0,0,0,,,,,,88.68,67,0,0,0,,,0.0,0.0
cl01,8,whitespace-detector,WHITESPACE,0.7,130.5767059326172,99.0459976196289,297.5,125.86638689041138,166.9232940673828,26.82038927078247,214.0383529663086,112.45619225502014,0,0,0,0.0,0,0,0,0,0,,,0,0,0,,,,,,80.53,30,10,3,1,VALUE,TOTAL NO. OF HEALINGS,0.3816,0.6435
cl01,5,image-placeholder-detector,IMAGE_PLACEHOLDER,0.6995133731240148,49.58399963378906,222.85299682617188,247.9169921875,371.4219970703125,198.33299255371094,148.56900024414062,148.75049591064453,297.1374969482422,0,0,0,0.0,0,0,0,0,0,,,0,0,0,,,,,,54.53,162,0,0,1,VALUE,PATIENT'S INTERIM FEEDBACK 1,0.7004,1.0
cl01,6,image-placeholder-detector,IMAGE_PLACEHOLDER,0.6995133731240148,49.58399963378906,222.85299682617188,247.9169921875,371.4219970703125,198.33299255371094,148.56900024414062,148.75049591064453,297.1374969482422,0,0,0,0.0,0,0,0,0,0,,,0,0,0,,,,,,54.53,150,0,0,1,VALUE,PATIENT'S INTERIM FEEDBACK 1,0.7004,1.0
cl01,5,image-placeholder-detector,IMAGE_PLACEHOLDER,0.6995133628410133,49.58399963378906,49.52299880981445,247.9169921875,198.0919952392578,198.33299255371094,148.56899642944336,148.75049591064453,123.80749702453613,0,0,0,0.0,0,0,0,0,0,,,0,0,0,,,,,,54.53,162,0,0,1,VALUE,PATIENT'S INTERIM FEEDBACK 2,0.7004,1.0
cl01,6,image-placeholder-detector,IMAGE_PLACEHOLDER,0.6995133628410133,49.58399963378906,49.52299880981445,247.9169921875,198.0919952392578,198.33299255371094,148.56899642944336,148.75049591064453,123.80749702453613,0,0,0,0.0,0,0,0,0,0,,,0,0,0,,,,,,54.53,150,0,0,1,VALUE,PATIENT'S INTERIM FEEDBACK 2,0.7004,1.0
cl01,2,whitespace-detector,WHITESPACE,0.6971870040893555,190.88319396972656,740.63720703125,309.75799560546875,744.9572072029114,118.87480163574219,4.320000171661377,250.32059478759766,742.7972071170807,0,0,0,0.0,0,0,0,0,0,,,0,0,0,,,,,,122.25,52,2,0,0,,,0.0,0.0
cl01,4,whitespace-detector,WHITESPACE,0.6866944885253907,430.7388916015625,752.95068359375,545.4166870117188,757.2706837654114,114.67779541015625,4.320000171661377,488.0777893066406,755.1106836795807,0,0,0,0.0,0,0,0,0,0,,,0,0,0,,,,,,18.94,432,3,1,0,,,0.0,0.0
cl01,1,whitespace-detector,WHITESPACE,0.6709977340698242,176.6900177001953,678.0,285.089111328125,685.1399998664856,108.39909362792969,7.139999866485596,230.88956451416016,681.5699999332428,0,0,0,0.0,0,0,0,0,0,,,0,0,0,,,,,,26.16,155,8,1,0,,,0.0,0.0
cl01,8,whitespace-detector,WHITESPACE,0.6632074928283691,118.1176986694336,47.26220703125,223.40069580078125,51.58220720291138,105.28299713134766,4.320000171661377,170.75919723510742,49.42220711708069,0,0,0,0.0,0,0,0,0,0,,,0,0,0,,,,,,83.59,30,4,1,0,,,0.0,0.0
cl01,2,whitespace-detector,WHITESPACE,0.6588409805297852,206.2216033935547,485.8229064941406,309.75799560546875,490.142906665802,103.53639221191406,4.320000171661377,257.9897994995117,487.9829065799713,0,0,0,0.0,0,0,0,0,0,,,0,0,0,,,,,,82.23,52,4,2,0,,,0.0,0.0
cl01,1,caption-band-detector,WHITESPACE,0.65,56.22710037231445,721.58251953125,312.53961181640625,738.58251953125,256.3125114440918,17.0,184.38335609436035,730.08251953125,0,0,0,0.0,0,0,0,0,0,,,0,0,0,,,,,PATIENT’S NAME,13.87,155,2,1,1,VALUE,PATIENT'S NAME,0.4966,0.9928
cl01,1,caption-band-detector,WHITESPACE,0.65,316.53961181640625,721.58251953125,540.4168090820312,738.58251953125,223.877197265625,17.0,428.47821044921875,730.08251953125,0,0,0,0.0,0,0,0,0,0,,,0,0,0,,,,,ADDRESS LINE 1 2,82.58,155,2,1,0,,,0.0,0.0
cl01,1,caption-band-detector,WHITESPACE,0.65,56.22710037231445,696.82080078125,106.88279724121094,713.82080078125,50.655696868896484,17.0,81.5549488067627,705.32080078125,0,0,0,0.0,0,0,0,0,0,,,0,0,0,,,,,AGE,20.06,155,22,2,1,VALUE,AGE,0.8338,0.9081
cl01,1,caption-band-detector,WHITESPACE,0.65,110.88279724121094,696.82080078125,161.53909301757812,713.82080078125,50.65629577636719,17.0,136.21094512939453,705.32080078125,0,0,0,0.0,0,0,0,0,0,,,0,0,0,,,,,GENDER,17.79,155,22,2,1,OPTION,GENDER [M],0.1728,1.0
cl01,1,caption-band-detector,WHITESPACE,0.65,165.53909301757812,696.82080078125,540.4168090820312,713.82080078125,374.8777160644531,17.0,352.9779510498047,705.32080078125,0,0,0,0.0,0,0,0,0,0,,,0,0,0,,,,,MARITAL STATUS,5.91,155,22,2,1,OPTION,MARITAL STATUS [MARRIED],0.0568,1.0
cl01,1,caption-band-detector,WHITESPACE,0.65,169.9149932861328,684.5687866210938,202.85940551757812,701.5687866210938,32.94441223144531,17.0,186.38719940185547,693.0687866210938,0,0,0,0.0,0,0,0,0,0,,,0,0,0,,,,,SINGLE,13.73,155,5,4,0,,,0.0,0.0
cl01,1,caption-band-detector,WHITESPACE,0.65,206.85940551757812,684.5687866210938,245.56739807128906,701.5687866210938,38.70799255371094,17.0,226.2134017944336,693.0687866210938,0,0,0,0.0,0,0,0,0,0,,,0,0,0,,,,,MARRIED,13.75,155,5,4,0,,,0.0,0.0
cl01,1,caption-band-detector,WHITESPACE,0.65,249.56739807128906,684.5687866210938,540.4168090820312,701.5687866210938,290.8494110107422,17.0,394.99210357666016,693.0687866210938,0,0,0,0.0,0,0,0,0,0,,,0,0,0,,,,,OTHERS,48.19,155,5,4,0,,,0.0,0.0
cl01,1,caption-band-detector,WHITESPACE,0.65,56.22710037231445,672.05908203125,540.4168090820312,689.05908203125,484.1897087097168,17.0,298.32195472717285,680.55908203125,0,0,0,0.0,0,0,0,0,0,,,0,0,0,,,,,EMAIL,27.82,155,10,1,1,VALUE,EMAIL,0.4233,0.9351
cl01,1,caption-band-detector,WHITESPACE,0.65,56.22710037231445,647.2982788085938,312.53961181640625,664.2982788085938,256.3125114440918,17.0,184.38335609436035,655.7982788085938,0,0,0,0.0,0,0,0,0,0,,,0,0,0,,,,,CONTACT / WHATSAPP,50.04,155,10,2,1,VALUE,CONTACT / WHATSAPP,0.7759,0.9328
cl01,1,caption-band-detector,WHITESPACE,0.65,316.53961181640625,647.2982788085938,540.4168090820312,664.2982788085938,223.877197265625,17.0,428.47821044921875,655.7982788085938,0,0,0,0.0,0,0,0,0,0,,,0,0,0,,,,,CITY,58.85,155,10,2,1,VALUE,CITY,0.5571,0.9283
cl01,1,caption-band-detector,WHITESPACE,0.65,56.22710037231445,622.53662109375,312.53961181640625,639.53662109375,256.3125114440918,17.0,184.38335609436035,631.03662109375,0,0,0,0.0,0,0,0,0,0,,,0,0,0,,,,,OCCUPATION,71.15,155,13,4,1,VALUE,OCCUPATION,0.7812,0.9364
cl01,1,caption-band-detector,WHITESPACE,0.65,316.53961181640625,622.53662109375,461.28961181640625,639.53662109375,144.75,17.0,388.91461181640625,631.03662109375,0,0,0,0.0,0,0,0,0,0,,,0,0,0,,,,,STATE,42.03,155,13,4,1,VALUE,STATE,0.8478,0.9319
cl01,1,caption-band-detector,WHITESPACE,0.65,465.28961181640625,622.53662109375,540.4168090820312,639.53662109375,75.127197265625,17.0,502.85321044921875,631.03662109375,0,0,0,0.0,0,0,0,0,0,,,0,0,0,,,,,ZIP / PINCODE,21.02,155,13,4,1,VALUE,ZIP / PINCODE,0.869,0.9204
cl01,1,caption-band-detector,WHITESPACE,0.65,56.22710037231445,523.49072265625,374.5190124511719,540.49072265625,318.2919120788574,17.0,215.37305641174316,531.99072265625,0,0,0,0.0,0,0,0,0,0,,,0,0,0,,,,,MEDICAL CONDITION / DIAGNOSIS,108.4,155,3,2,0,,,0.0,0.0
cl01,1,caption-band-detector,WHITESPACE,0.65,378.5190124511719,523.49072265625,540.4166870117188,540.49072265625,161.89767456054688,17.0,459.4678497314453,531.99072265625,0,0,0,0.0,0,0,0,0,0,,,0,0,0,,,,,SYMPTOMS,42.05,155,3,2,0,,,0.0,0.0
cl01,1,caption-band-detector,WHITESPACE,0.65,378.5190124511719,488.82470703125,540.4166870117188,505.82470703125,161.89767456054688,17.0,459.4678497314453,497.32470703125,0,0,0,0.0,0,0,0,0,0,,,0,0,0,,,,,SYMPTOM 1,55.71,155,2,0,1,VALUE,SYMPTOMS #1,0.8707,0.9337
cl01,1,caption-band-detector,WHITESPACE,0.65,378.5190124511719,454.15869140625,540.4166870117188,471.15869140625,161.89767456054688,17.0,459.4678497314453,462.65869140625,0,0,0,0.0,0,0,0,0,0,,,0,0,0,,,,,SYMPTOM 2,64.58,155,4,0,1,VALUE,SYMPTOMS #2,0.8672,0.9318
cl01,1,caption-band-detector,WHITESPACE,0.65,378.5190124511719,419.4927062988281,540.4166870117188,436.4927062988281,161.89767456054688,17.0,459.4678497314453,427.9927062988281,0,0,0,0.0,0,0,0,0,0,,,0,0,0,,,,,SYMPTOM 3,64.58,155,0,0,1,VALUE,SYMPTOMS #3,0.8638,0.9298
cl01,1,caption-band-detector,WHITESPACE,0.65,378.5190124511719,384.8266906738281,540.4166870117188,401.8266906738281,161.89767456054688,17.0,459.4678497314453,393.3266906738281,0,0,0,0.0,0,0,0,0,0,,,0,0,0,,,,,SYMPTOM 4,64.58,155,1,1,1,VALUE,SYMPTOMS #4,0.8705,0.9336
cl01,1,caption-band-detector,WHITESPACE,0.65,63.37300109863281,189.21441650390625,205.0854034423828,206.21441650390625,141.71240234375,17.0,134.2292022705078,197.71441650390625,0,0,0,0.0,0,0,0,0,0,,,0,0,0,,,,,SIGNATURE OF THE PATIENT,31.05,155,2,2,0,,,0.0,0.0
cl01,1,caption-band-detector,WHITESPACE,0.65,209.0854034423828,189.21441650390625,319.68548583984375,206.21441650390625,110.60008239746094,17.0,264.3854446411133,197.71441650390625,0,0,0,0.0,0,0,0,0,0,,,0,0,0,,,,,DATE,49.02,155,2,2,0,,,0.0,0.0
cl01,1,caption-band-detector,WHITESPACE,0.65,323.68548583984375,189.21441650390625,547.5626220703125,206.21441650390625,223.87713623046875,17.0,435.6240539550781,197.71441650390625,0,0,0,0.0,0,0,0,0,0,,,0,0,0,,,,,NAME OF THE HEALER,48.11,155,2,2,0,,,0.0,0.0
cl01,1,caption-band-detector,WHITESPACE,0.65,452.9219055175781,164.44921875,510.59796142578125,181.44921875,57.676055908203125,17.0,481.7599334716797,172.94921875,0,0,0,0.0,0,0,0,0,0,,,0,0,0,,,,,BASIC BOOK PG. NO.,12.9,155,2,1,0,,,0.0,0.0
cl01,1,caption-band-detector,WHITESPACE,0.65,452.9219055175781,119.05322265625,540.4166870117188,136.05322265625,87.49478149414062,17.0,496.66929626464844,127.55322265625,0,0,0,0.0,0,0,0,0,0,,,0,0,0,,,,,ADVANCED BOOK PG. NO.,13.6,155,0,0,1,VALUE,ADVANCED BOOK PG. NO.,0.4396,0.4514
cl01,1,caption-band-detector,WHITESPACE,0.65,452.9219055175781,73.65771484375,540.4166870117188,90.65771484375,87.49478149414062,17.0,496.66929626464844,82.15771484375,0,0,0,0.0,0,0,0,0,0,,,0,0,0,,,,,PSYCHOTHERAPY PG. NO.,13.48,155,0,0,1,VALUE,PSYCHOTHERAPY PG. NO.,0.424,0.4351
cl01,2,caption-band-detector,WHITESPACE,0.65,56.088401794433594,721.63720703125,312.4013977050781,738.63720703125,256.31299591064453,17.0,184.24489974975586,730.13720703125,0,0,0,0.0,0,0,0,0,0,,,0,0,0,,,,,"PERTINENT LAB, XRAY AND OTHER FINDINGS",62.06,52,1,1,0,,,0.0,0.0
cl01,2,caption-band-detector,WHITESPACE,0.65,316.4013977050781,721.63720703125,442.1368103027344,738.63720703125,125.73541259765625,17.0,379.26910400390625,730.13720703125,0,0,0,0.0,0,0,0,0,0,,,0,0,0,,,,,ANY OTHER RELEVANT INFORMATION,14.32,52,1,1,0,,,0.0,0.0
cl01,2,caption-band-detector,WHITESPACE,0.65,56.088401794433594,474.02288818359375,312.4013977050781,491.02288818359375,256.31299591064453,17.0,184.24489974975586,482.52288818359375,0,0,0,0.0,0,0,0,0,0,,,0,0,0,,,,,ARE YOU CURRENTLY PRACTISING OR RECEIVING ANY,48.17,52,6,2,0,,,0.0,0.0
cl01,2,caption-band-detector,WHITESPACE,0.65,316.4013977050781,474.02288818359375,462.9872741699219,491.02288818359375,146.58587646484375,17.0,389.6943359375,482.52288818359375,0,0,0,0.0,0,0,0,0,0,,,0,0,0,,,,,HAVE YOU RECENTLY BEEN DIAGNOSED WITH ANY,12.9,52,6,2,0,,,0.0,0.0
cl01,2,caption-band-detector,WHITESPACE,0.65,56.088401794433594,466.8229064941406,312.4013977050781,483.8229064941406,256.31299591064453,17.0,184.24489974975586,475.3229064941406,0,0,0,0.0,0,0,0,0,0,,,0,0,0,,,,,COMPLEMENTARY OR ALTERNATIVE MODALITIES?,50.54,52,3,1,1,OPTION,ARE YOU CURRENTLY PRACTISING OR RECEIVING ANY COMPLEMENTARY OR ALTERNATIVE MODALITIES? [NO],0.0481,0.5977
cl01,2,caption-band-detector,WHITESPACE,0.65,316.4013977050781,466.8229064941406,462.9872741699219,483.8229064941406,146.58587646484375,17.0,389.6943359375,475.3229064941406,0,0,0,0.0,0,0,0,0,0,,,0,0,0,,,,,INFECTIOUS ILLNESS?,14.74,52,3,1,0,,,0.0,0.0
cl01,2,caption-band-detector,WHITESPACE,0.65,71.39939880371094,446.6694030761719,108.18379211425781,463.6694030761719,36.784393310546875,17.0,89.79159545898438,455.1694030761719,0,0,0,0.0,0,0,0,0,0,,,0,0,0,,,,,YES,7.87,52,3,3,0,,,0.0,0.0
cl01,2,caption-band-detector,WHITESPACE,0.65,112.18379211425781,446.6694030761719,327.7134094238281,463.6694030761719,215.5296173095703,17.0,219.94860076904297,455.1694030761719,0,0,0,0.0,0,0,0,0,0,,,0,0,0,,,,,NO,91.4,52,3,3,0,,,0.0,0.0
cl01,2,caption-band-detector,WHITESPACE,0.65,331.7134094238281,446.6689147949219,368.49786376953125,463.6689147949219,36.784454345703125,17.0,350.1056365966797,455.1689147949219,0,0,0,0.0,0,0,0,0,0,,,0,0,0,,,,,YES,7.87,52,3,3,0,,,0.0,0.0
cl01,2,caption-band-detector,WHITESPACE,0.65,372.49786376953125,446.6689147949219,462.9872741699219,463.6689147949219,90.48941040039062,17.0,417.74256896972656,455.1689147949219,0,0,0,0.0,0,0,0,0,0,,,0,0,0,,,,,NO,42.67,52,3,3,0,,,0.0,0.0
cl01,3,caption-band-detector,WHITESPACE,0.65,55.99760055541992,696.8765258789062,540.2789916992188,713.8765258789062,484.2813911437988,17.0,298.13829612731934,705.3765258789062,0,0,0,0.0,0,0,0,0,0,,,0,0,0,,,,,OVERALL GENERAL HEALTH,102.25,181,9,0,1,OPTION,OVERALL GENERAL HEALTH [EXCELLENT],0.0645,1.0
cl01,3,caption-band-detector,WHITESPACE,0.65,63.37300109863281,684.60107421875,98.98539733886719,701.60107421875,35.612396240234375,17.0,81.17919921875,693.10107421875,0,0,0,0.0,0,0,0,0,0,,,0,0,0,,,,,GOOD,15.33,181,2,2,0,,,0.0,0.0
cl01,3,caption-band-detector,WHITESPACE,0.65,102.98539733886719,684.60107421875,140.12989807128906,701.60107421875,37.144500732421875,17.0,121.55764770507812,693.10107421875,0,0,0,0.0,0,0,0,0,0,,,0,0,0,,,,,POOR,15.97,181,2,2,0,,,0.0,0.0
cl01,3,caption-band-detector,WHITESPACE,0.65,144.12989807128906,684.60107421875,540.2789916992188,701.60107421875,396.1490936279297,17.0,342.2044448852539,693.10107421875,0,0,0,0.0,0,0,0,0,0,,,0,0,0,,,,,EXCELLENT,136.54,181,2,2,0,,,0.0,0.0
cl01,3,caption-band-detector,WHITESPACE,0.65,55.99760055541992,647.35302734375,540.2789916992188,664.35302734375,484.2813911437988,17.0,298.13829612731934,655.85302734375,0,0,0,0.0,0,0,0,0,0,,,0,0,0,,,,,DIET,78.85,181,10,0,1,VALUE,"DIET - if others, please write here",0.4453,0.9852
cl01,3,caption-band-detector,WHITESPACE,0.65,65.25879669189453,635.07861328125,121.04279327392578,652.07861328125,55.78399658203125,17.0,93.15079498291016,643.57861328125,0,0,0,0.0,0,0,0,0,0,,,0,0,0,,,,,VEGETARIAN,15.22,181,2,2,0,,,0.0,0.0
cl01,3,caption-band-detector,WHITESPACE,0.65,125.04279327392578,635.07861328125,193.79879760742188,652.07861328125,68.7560043334961,17.0,159.42079544067383,643.57861328125,0,0,0,0.0,0,0,0,0,0,,,0,0,0,,,,,NON-VEGETARIAN,14.6,181,2,2,0,,,0.0,0.0
cl01,3,caption-band-detector,WHITESPACE,0.65,197.79879760742188,635.07861328125,540.2789916992188,652.07861328125,342.4801940917969,17.0,369.0388946533203,643.57861328125,0,0,0,0.0,0,0,0,0,0,,,0,0,0,,,,,VEGAN,137.34,181,2,2,0,,,0.0,0.0
cl01,3,caption-band-detector,WHITESPACE,0.65,55.99760055541992,597.8306274414062,540.2789916992188,614.8306274414062,484.2813911437988,17.0,298.13829612731934,606.3306274414062,0,0,0,0.0,0,0,0,0,0,,,0,0,0,,,,,EXERCISE,61.26,181,7,0,1,VALUE,"EXERCISE - if yes, what is the frequency",0.6266,0.984
cl01,3,caption-band-detector,WHITESPACE,0.65,66.53710174560547,585.55517578125,103.32029724121094,602.55517578125,36.78319549560547,17.0,84.9286994934082,594.05517578125,0,0,0,0.0,0,0,0,0,0,,,0,0,0,,,,,YES,17.71,181,1,1,0,,,0.0,0.0
cl01,3,caption-band-detector,WHITESPACE,0.65,107.32029724121094,585.55517578125,540.2789916992188,602.55517578125,432.9586944580078,17.0,323.79964447021484,594.05517578125,0,0,0,0.0,0,0,0,0,0,,,0,0,0,,,,,NO,87.77,181,1,1,0,,,0.0,0.0
cl01,3,caption-band-detector,WHITESPACE,0.65,55.99760055541992,548.30712890625,540.2789916992188,565.30712890625,484.2813911437988,17.0,298.13829612731934,556.80712890625,0,0,0,0.0,0,0,0,0,0,,,0,0,0,,,,,HYPERTENSION,78.7,181,27,0,1,OPTION,HYPERTENSION [NO],0.044,1.0
cl01,3,caption-band-detector,WHITESPACE,0.65,66.53710174560547,536.03271484375,103.31909942626953,553.03271484375,36.78199768066406,17.0,84.9281005859375,544.53271484375,0,0,0,0.0,0,0,0,0,0,,,0,0,0,,,,,YES,17.71,181,1,1,0,,,0.0,0.0
cl01,3,caption-band-detector,WHITESPACE,0.65,107.31909942626953,536.03271484375,540.2789916992188,553.03271484375,432.9598922729492,17.0,323.79904556274414,544.53271484375,0,0,0,0.0,0,0,0,0,0,,,0,0,0,,,,,NO,106.58,181,1,1,0,,,0.0,0.0
cl01,3,caption-band-detector,WHITESPACE,0.65,55.99760055541992,498.78472900390625,540.2789916992188,515.7847290039062,484.2813911437988,17.0,298.13829612731934,507.28472900390625,0,0,0,0.0,0,0,0,0,0,,,0,0,0,,,,,"GASTROINTESTINAL ABDOMINAL PAIN, VOIMITING, DIARRHEA",116.36,181,28,0,1,OPTION,"GASTROINTESTINAL (ABDOMINAL PAIN, VOMITING, DIARRHEA) [NO]",0.044,1.0
cl01,3,caption-band-detector,WHITESPACE,0.65,66.53710174560547,486.5093078613281,103.31909942626953,503.5093078613281,36.78199768066406,17.0,84.9281005859375,495.0093078613281,0,0,0,0.0,0,0,0,0,0,,,0,0,0,,,,,YES,17.71,181,1,1,0,,,0.0,0.0
cl01,3,caption-band-detector,WHITESPACE,0.65,107.31909942626953,486.5093078613281,540.2789916992188,503.5093078613281,432.9598922729492,17.0,323.79904556274414,495.0093078613281,0,0,0,0.0,0,0,0,0,0,,,0,0,0,,,,,NO,141.14,181,1,1,0,,,0.0,0.0
cl01,3,caption-band-detector,WHITESPACE,0.65,55.99760055541992,449.2611999511719,540.2789916992188,466.2611999511719,484.2813911437988,17.0,298.13829612731934,457.7611999511719,0,0,0,0.0,0,0,0,0,0,,,0,0,0,,,,,"STRESS, DEPRESSION, ANXIETY OR PSYCHIATRIC CONDITION",146.8,181,27,0,1,OPTION,"STRESS, DEPRESSION, ANXIETY OR PSYCHIATRIC CONDITION [NO]",0.044,1.0
cl01,3,caption-band-detector,WHITESPACE,0.65,66.53710174560547,436.9867858886719,103.31909942626953,453.9867858886719,36.78199768066406,17.0,84.9281005859375,445.4867858886719,0,0,0,0.0,0,0,0,0,0,,,0,0,0,,,,,YES,17.71,181,1,1,0,,,0.0,0.0
cl01,3,caption-band-detector,WHITESPACE,0.65,107.31909942626953,436.9867858886719,540.2789916992188,453.9867858886719,432.9598922729492,17.0,323.79904556274414,445.4867858886719,0,0,0,0.0,0,0,0,0,0,,,0,0,0,,,,,NO,168.09,181,1,1,0,,,0.0,0.0
cl01,3,caption-band-detector,WHITESPACE,0.65,55.99760055541992,399.7388000488281,540.2789916992188,416.7388000488281,484.2813911437988,17.0,298.13829612731934,408.2388000488281,0,0,0,0.0,0,0,0,0,0,,,0,0,0,,,,,ARE YOU PREGNANT,138.33,181,9,0,1,OPTION,ARE YOU PREGNANT [NOT SURE],0.0593,1.0
cl01,3,caption-band-detector,WHITESPACE,0.65,66.53710174560547,387.4634094238281,103.31909942626953,404.4634094238281,36.78199768066406,17.0,84.9281005859375,395.9634094238281,0,0,0,0.0,0,0,0,0,0,,,0,0,0,,,,,YES,17.71,181,2,2,0,,,0.0,0.0
cl01,3,caption-band-detector,WHITESPACE,0.65,107.31909942626953,387.4634094238281,140.30369567871094,404.4634094238281,32.984596252441406,17.0,123.81139755249023,395.9634094238281,0,0,0,0.0,0,0,0,0,0,,,0,0,0,,,,,NO,17.44,181,2,2,0,,,0.0,0.0
cl01,3,caption-band-detector,WHITESPACE,0.65,144.30369567871094,387.4634094238281,540.2789916992188,404.4634094238281,395.9752960205078,17.0,342.29134368896484,395.9634094238281,0,0,0,0.0,0,0,0,0,0,,,0,0,0,,,,,NOT SURE,182.93,181,2,2,0,,,0.0,0.0
cl01,3,caption-band-detector,WHITESPACE,0.65,56.13529968261719,350.2153015136719,540.2789916992188,367.2153015136719,484.14369201660156,17.0,298.20714569091797,358.7153015136719,0,0,0,0.0,0,0,0,0,0,,,0,0,0,,,,,CANCER,147.13,181,5,0,1,OPTION,CANCER [NO],0.0384,0.8785
cl01,3,caption-band-detector,WHITESPACE,0.65,71.44629669189453,332.8617858886719,108.23049926757812,349.8617858886719,36.784202575683594,17.0,89.83839797973633,341.3617858886719,0,0,0,0.0,0,0,0,0,0,,,0,0,0,,,,,YES,7.34,181,1,1,0,,,0.0,0.0
cl01,3,caption-band-detector,WHITESPACE,0.65,112.23049926757812,332.8617858886719,540.2789916992188,349.8617858886719,428.0484924316406,17.0,326.25474548339844,341.3617858886719,0,0,0,0.0,0,0,0,0,0,,,0,0,0,,,,,NO,179.53,181,1,1,0,,,0.0,0.0
cl01,3,caption-band-detector,WHITESPACE,0.65,56.13529968261719,251.16943359375,223.9580841064453,268.16943359375,167.82278442382812,17.0,140.04669189453125,259.66943359375,0,0,0,0.0,0,0,0,0,0,,,0,0,0,,,,,"IF YES TO ANY LOCATION ABOVE, PLEASE EXPLAIN MORE",12.9,181,0,0,0,,,0.0,0.0
cl01,3,caption-band-detector,WHITESPACE,0.65,56.13529968261719,127.30712890625,228.37770080566406,144.30712890625,172.24240112304688,17.0,142.25650024414062,135.80712890625,0,0,0,0.0,0,0,0,0,0,,,0,0,0,,,,,ADDITIONAL NOTES ANY RELEVANT MEDICAL CONDITIONS,12.9,181,0,0,0,,,0.0,0.0
cl01,4,caption-band-detector,WHITESPACE,0.65,155.3936004638672,733.95068359375,349.72711181640625,750.95068359375,194.33351135253906,17.0,252.56035614013672,742.45068359375,0,0,0,0.0,0,0,0,0,0,,,0,0,0,,,,,ENERGY LEVEL C/D/N,45.17,432,6,1,0,,,0.0,0.0
cl01,4,caption-band-detector,WHITESPACE,0.65,353.72711181640625,733.95068359375,540.4166870117188,750.95068359375,186.6895751953125,17.0,447.0718994140625,742.45068359375,0,0,0,0.0,0,0,0,0,0,,,0,0,0,,,,,ACTIVATION LEVEL U/O/N,48.98,432,6,1,0,,,0.0,0.0
cl01,4,caption-band-detector,WHITESPACE,0.65,42.54439926147461,662.1383666992188,540.4166870117188,679.1383666992188,497.87228775024414,17.0,291.4805431365967,670.6383666992188,0,0,0,0.0,0,0,0,0,0,,,0,0,0,,,,,MAJOR CHAKRAS,67.46,432,6,0,0,,,0.0,0.0
cl01,4,caption-band-detector,WHITESPACE,0.65,42.54439926147461,317.1441955566406,540.4166870117188,334.1441955566406,497.87228775024414,17.0,291.4805431365967,325.6441955566406,0,0,0,0.0,0,0,0,0,0,,,0,0,0,,,,,MINOR CHAKRAS,208.73,432,5,0,0,,,0.0,0.0
cl01,4,caption-band-detector,WHITESPACE,0.65,42.54439926147461,18.0982666015625,540.4166870117188,35.0982666015625,497.87228775024414,17.0,291.4805431365967,26.5982666015625,0,0,0,0.0,0,0,0,0,0,,,0,0,0,,,,,ORGANS MINI CHAKRAS,10.73,432,0,0,0,,,0.0,0.0
cl01,5,caption-band-detector,WHITESPACE,0.65,180.1855010986328,721.58251953125,269.154296875,738.58251953125,88.96879577636719,17.0,224.6698989868164,730.08251953125,0,0,0,0.0,0,0,0,0,0,,,0,0,0,,,,,SYMPTOM NAME,21.58,162,24,7,1,VALUE,SYMPTOM IMPROVEMENT symptomName#1,0.8097,0.8665
cl01,5,caption-band-detector,WHITESPACE,0.65,273.154296875,721.58251953125,362.12298583984375,738.58251953125,88.96868896484375,17.0,317.6386413574219,730.08251953125,0,0,0,0.0,0,0,0,0,0,,,0,0,0,,,,,SYMPTOM NAME,23.42,162,24,7,1,VALUE,SYMPTOM IMPROVEMENT symptomName#2,0.8103,0.8668
cl01,5,caption-band-detector,WHITESPACE,0.65,366.12298583984375,721.58251953125,455.09228515625,738.58251953125,88.96929931640625,17.0,410.6076354980469,730.08251953125,0,0,0,0.0,0,0,0,0,0,,,0,0,0,,,,,SYMPTOM NAME,23.42,162,24,7,1,VALUE,SYMPTOM IMPROVEMENT symptomName#3,0.81,0.8671
cl01,5,caption-band-detector,WHITESPACE,0.65,459.09228515625,721.58251953125,540.4169311523438,738.58251953125,81.32464599609375,17.0,499.7546081542969,730.08251953125,0,0,0,0.0,0,0,0,0,0,,,0,0,0,,,,,SYMPTOM NAME,20.31,162,24,7,1,VALUE,SYMPTOM IMPROVEMENT symptomName#4,0.856,0.856
cl01,5,caption-band-detector,WHITESPACE,0.65,56.227500915527344,696.82080078125,101.81050109863281,713.82080078125,45.58300018310547,17.0,79.01900100708008,705.32080078125,0,0,0,0.0,0,0,0,0,0,,,0,0,0,,,,,HEALING NO.,13.04,162,6,5,0,,,0.0,0.0
cl01,5,caption-band-detector,WHITESPACE,0.65,105.81050109863281,696.82080078125,176.1855010986328,713.82080078125,70.375,17.0,140.9980010986328,705.32080078125,0,0,0,0.0,0,0,0,0,0,,,0,0,0,,,,,HEALING DATE,18.08,162,6,5,0,,,0.0,0.0
cl01,5,caption-band-detector,WHITESPACE,0.65,180.1855010986328,696.82080078125,269.154296875,713.82080078125,88.96879577636719,17.0,224.6698989868164,705.32080078125,0,0,0,0.0,0,0,0,0,0,,,0,0,0,,,,,SCALE 0-10,29.35,162,6,5,0,,,0.0,0.0
cl01,5,caption-band-detector,WHITESPACE,0.65,273.154296875,696.82080078125,362.1235046386719,713.82080078125,88.96920776367188,17.0,317.63890075683594,705.32080078125,0,0,0,0.0,0,0,0,0,0,,,0,0,0,,,,,SCALE 0-10,29.35,162,6,5,0,,,0.0,0.0
cl01,5,caption-band-detector,WHITESPACE,0.65,366.1235046386719,696.82080078125,455.09228515625,713.82080078125,88.96878051757812,17.0,410.60789489746094,705.32080078125,0,0,0,0.0,0,0,0,0,0,,,0,0,0,,,,,SCALE 0-10,29.35,162,6,5,0,,,0.0,0.0
cl01,5,caption-band-detector,WHITESPACE,0.65,459.09228515625,696.82080078125,540.4169311523438,713.82080078125,81.32464599609375,17.0,499.7546081542969,705.32080078125,0,0,0,0.0,0,0,0,0,0,,,0,0,0,,,,,SCALE 0-10,25.96,162,6,5,0,,,0.0,0.0
cl01,5,caption-band-detector,WHITESPACE,0.65,56.227500915527344,350.1606140136719,275.3525085449219,367.1606140136719,219.12500762939453,17.0,165.7900047302246,358.6606140136719,0,0,0,0.0,0,0,0,0,0,,,0,0,0,,,,,PATIENT’S INTERIM FEEDBACK,64.92,162,1,1,0,,,0.0,0.0
cl01,5,caption-band-detector,WHITESPACE,0.65,279.3525085449219,350.1606140136719,508.556640625,367.1606140136719,229.20413208007812,17.0,393.95457458496094,358.6606140136719,0,0,0,0.0,0,0,0,0,0,,,0,0,0,,,,,PATIENT’S FINAL FEEDBACK,73.37,162,1,1,0,,,0.0,0.0
cl01,5,caption-band-detector,WHITESPACE,0.65,56.227500915527344,226.35302734375,114.20649719238281,243.35302734375,57.97899627685547,17.0,85.21699905395508,234.85302734375,0,0,0,0.0,0,0,0,0,0,,,0,0,0,,,,,HEALING NO.,15.72,162,2,1,1,VALUE,PATIENT'S INTERIM FEEDBACK 1 - HEALING NO.,0.8105,0.8799
cl01,5,caption-band-detector,WHITESPACE,0.65,118.20649719238281,226.35302734375,242.91650390625,243.35302734375,124.71000671386719,17.0,180.5615005493164,234.85302734375,0,0,0,0.0,0,0,0,0,0,,,0,0,0,,,,,DATE,55.86,162,2,1,1,VALUE,PATIENT'S INTERIM FEEDBACK 1 - DATE,0.833,0.897
cl01,5,caption-band-detector,WHITESPACE,0.65,56.227500915527344,176.830078125,143.01368713378906,193.830078125,86.78618621826172,17.0,99.6205940246582,185.330078125,0,0,0,0.0,0,0,0,0,0,,,0,0,0,,,,,PATIENT’S INTERIM FEEDBACK,12.9,162,0,0,0,,,0.0,0.0
cl01,5,caption-band-detector,WHITESPACE,0.65,56.227500915527344,53.02288818359375,114.20649719238281,70.02288818359375,57.97899627685547,17.0,85.21699905395508,61.52288818359375,0,0,0,0.0,0,0,0,0,0,,,0,0,0,,,,,HEALING NO.,15.72,162,5,3,1,VALUE,PATIENT'S INTERIM FEEDBACK 2 - HEALING NO.,0.8083,0.8811
cl01,5,caption-band-detector,WHITESPACE,0.65,118.20649719238281,53.02288818359375,275.3525085449219,70.02288818359375,157.14601135253906,17.0,196.77950286865234,61.52288818359375,0,0,0,0.0,0,0,0,0,0,,,0,0,0,,,,,DATE,71.75,162,5,3,1,VALUE,PATIENT'S INTERIM FEEDBACK 2 - DATE,0.6723,0.8982
cl01,5,caption-band-detector,WHITESPACE,0.65,279.3525085449219,53.02288818359375,337.3315124511719,70.02288818359375,57.97900390625,17.0,308.3420104980469,61.52288818359375,0,0,0,0.0,0,0,0,0,0,,,0,0,0,,,,,HEALING NO.,15.72,162,5,3,1,VALUE,PATIENT'S FINAL FEEDBACK - HEALING NO.,0.8103,0.8822
cl01,5,caption-band-detector,WHITESPACE,0.65,341.3315124511719,53.02288818359375,540.41650390625,70.02288818359375,199.08499145507812,17.0,440.87400817871094,61.52288818359375,0,0,0,0.0,0,0,0,0,0,,,0,0,0,,,,,DATE,92.47,162,5,3,1,VALUE,PATIENT'S FINAL FEEDBACK - DATE,0.8428,0.9041
cl01,6,caption-band-detector,WHITESPACE,0.65,180.18600463867188,721.58349609375,269.15478515625,738.58349609375,88.96878051757812,17.0,224.67039489746094,730.08349609375,0,0,0,0.0,0,0,0,0,0,,,0,0,0,,,,,SYMPTOM NAME,23.42,150,13,3,1,VALUE,SYMPTOM IMPROVEMENT symptomName#1,0.8097,0.8665
cl01,6,caption-band-detector,WHITESPACE,0.65,273.15478515625,721.58349609375,362.1235046386719,738.58349609375,88.96871948242188,17.0,317.63914489746094,730.08349609375,0,0,0,0.0,0,0,0,0,0,,,0,0,0,,,,,SYMPTOM NAME,23.42,150,13,3,1,VALUE,SYMPTOM IMPROVEMENT symptomName#2,0.8103,0.8668
cl01,6,caption-band-detector,WHITESPACE,0.65,366.1235046386719,721.58349609375,455.09228515625,738.58349609375,88.96878051757812,17.0,410.60789489746094,730.08349609375,0,0,0,0.0,0,0,0,0,0,,,0,0,0,,,,,SYMPTOM NAME,23.42,150,13,3,1,VALUE,SYMPTOM IMPROVEMENT symptomName#3,0.81,0.8671
cl01,6,caption-band-detector,WHITESPACE,0.65,459.09228515625,721.58349609375,540.4169311523438,738.58349609375,81.32464599609375,17.0,499.7546081542969,730.08349609375,0,0,0,0.0,0,0,0,0,0,,,0,0,0,,,,,SYMPTOM NAME,20.31,150,13,3,1,VALUE,SYMPTOM IMPROVEMENT symptomName#4,0.856,0.856
cl01,6,caption-band-detector,WHITESPACE,0.65,56.227500915527344,696.82177734375,101.81099700927734,713.82177734375,45.58349609375,17.0,79.01924896240234,705.32177734375,0,0,0,0.0,0,0,0,0,0,,,0,0,0,,,,,HEALING NO.,13.04,150,9,9,0,,,0.0,0.0
cl01,6,caption-band-detector,WHITESPACE,0.65,105.81099700927734,696.82177734375,176.18600463867188,713.82177734375,70.37500762939453,17.0,140.9985008239746,705.32177734375,0,0,0,0.0,0,0,0,0,0,,,0,0,0,,,,,HEALING DATE,18.08,150,9,9,0,,,0.0,0.0
cl01,6,caption-band-detector,WHITESPACE,0.65,180.18600463867188,696.82177734375,269.15478515625,713.82177734375,88.96878051757812,17.0,224.67039489746094,705.32177734375,0,0,0,0.0,0,0,0,0,0,,,0,0,0,,,,,SCALE 0-10,29.35,150,9,9,0,,,0.0,0.0
cl01,6,caption-band-detector,WHITESPACE,0.65,273.15478515625,696.82177734375,362.1235046386719,713.82177734375,88.96871948242188,17.0,317.63914489746094,705.32177734375,0,0,0,0.0,0,0,0,0,0,,,0,0,0,,,,,SCALE 0-10,29.35,150,9,9,0,,,0.0,0.0
cl01,6,caption-band-detector,WHITESPACE,0.65,366.1235046386719,696.82177734375,455.09228515625,713.82177734375,88.96878051757812,17.0,410.60789489746094,705.32177734375,0,0,0,0.0,0,0,0,0,0,,,0,0,0,,,,,SCALE 0-10,29.35,150,9,9,0,,,0.0,0.0
cl01,6,caption-band-detector,WHITESPACE,0.65,459.09228515625,696.82177734375,540.4169311523438,713.82177734375,81.32464599609375,17.0,499.7546081542969,705.32177734375,0,0,0,0.0,0,0,0,0,0,,,0,0,0,,,,,SCALE 0-10,25.96,150,9,9,0,,,0.0,0.0
cl01,6,caption-band-detector,WHITESPACE,0.65,56.227500915527344,350.1606140136719,275.3525085449219,367.1606140136719,219.12500762939453,17.0,165.7900047302246,358.6606140136719,0,0,0,0.0,0,0,0,0,0,,,0,0,0,,,,,PATIENT’S INTERIM FEEDBACK,64.92,150,1,1,0,,,0.0,0.0
cl01,6,caption-band-detector,WHITESPACE,0.65,279.3525085449219,350.1606140136719,540.4169311523438,367.1606140136719,261.0644226074219,17.0,409.8847198486328,358.6606140136719,0,0,0,0.0,0,0,0,0,0,,,0,0,0,,,,,PATIENT’S FINAL FEEDBACK,89.1,150,1,1,0,,,0.0,0.0
cl01,6,caption-band-detector,WHITESPACE,0.65,56.227500915527344,226.35400390625,114.20649719238281,243.35400390625,57.97899627685547,17.0,85.21699905395508,234.85400390625,0,0,0,0.0,0,0,0,0,0,,,0,0,0,,,,,HEALING NO.,15.72,150,2,1,0,,,0.0,0.0
cl01,6,caption-band-detector,WHITESPACE,0.65,118.20649719238281,226.35400390625,242.91650390625,243.35400390625,124.71000671386719,17.0,180.5615005493164,234.85400390625,0,0,0,0.0,0,0,0,0,0,,,0,0,0,,,,,DATE,55.86,150,2,1,0,,,0.0,0.0
cl01,6,caption-band-detector,WHITESPACE,0.65,56.227500915527344,176.83111572265625,143.01368713378906,193.83111572265625,86.78618621826172,17.0,99.6205940246582,185.33111572265625,0,0,0,0.0,0,0,0,0,0,,,0,0,0,,,,,PATIENT’S INTERIM FEEDBACK,12.9,150,0,0,0,,,0.0,0.0
cl01,6,caption-band-detector,WHITESPACE,0.65,56.227500915527344,53.02392578125,114.20649719238281,70.02392578125,57.97899627685547,17.0,85.21699905395508,61.52392578125,0,0,0,0.0,0,0,0,0,0,,,0,0,0,,,,,HEALING NO.,15.72,150,5,3,0,,,0.0,0.0
cl01,6,caption-band-detector,WHITESPACE,0.65,118.20649719238281,53.02392578125,275.3525085449219,70.02392578125,157.14601135253906,17.0,196.77950286865234,61.52392578125,0,0,0,0.0,0,0,0,0,0,,,0,0,0,,,,,DATE,71.75,150,5,3,0,,,0.0,0.0
cl01,6,caption-band-detector,WHITESPACE,0.65,279.3525085449219,53.02392578125,337.3315124511719,70.02392578125,57.97900390625,17.0,308.3420104980469,61.52392578125,0,0,0,0.0,0,0,0,0,0,,,0,0,0,,,,,HEALING NO.,15.72,150,5,3,0,,,0.0,0.0
cl01,6,caption-band-detector,WHITESPACE,0.65,341.3315124511719,53.02392578125,540.41650390625,70.02392578125,199.08499145507812,17.0,440.87400817871094,61.52392578125,0,0,0,0.0,0,0,0,0,0,,,0,0,0,,,,,DATE,92.47,150,5,3,0,,,0.0,0.0
cl01,7,caption-band-detector,WHITESPACE,0.65,56.22800064086914,721.58349609375,217.50540161132812,738.58349609375,161.27740097045898,17.0,136.86670112609863,730.08349609375,0,0,0,0.0,0,0,0,0,0,,,0,0,0,,,,,CHAKRAS / ORGANS / AFFECTED PARTS AND,10.98,67,6,3,0,,,0.0,0.0
cl01,7,caption-band-detector,WHITESPACE,0.65,221.50540161132812,721.58349609375,382.78271484375,738.58349609375,161.27731323242188,17.0,302.14405822753906,730.08349609375,0,0,0,0.0,0,0,0,0,0,,,0,0,0,,,,,CLEANSING COLORS AND THEIR PROPERTIES,17.5,67,6,3,0,,,0.0,0.0
cl01,7,caption-band-detector,WHITESPACE,0.65,386.78271484375,721.58349609375,540.5540771484375,738.58349609375,153.7713623046875,17.0,463.66839599609375,730.08349609375,0,0,0,0.0,0,0,0,0,0,,,0,0,0,,,,,ENERGISING COLORS AND THEIR PROPERTIES,14.54,67,6,3,0,,,0.0,0.0
cl01,7,caption-band-detector,WHITESPACE,0.65,56.22800064086914,714.3834838867188,217.50540161132812,731.3834838867188,161.27740097045898,17.0,136.86670112609863,722.8834838867188,0,0,0,0.0,0,0,0,0,0,,,0,0,0,,,,,REASON FOR TREATING THEM IN THIS HEALING,9.13,67,3,2,0,,,0.0,0.0
cl01,7,caption-band-detector,WHITESPACE,0.65,221.50540161132812,714.3834838867188,382.78271484375,731.3834838867188,161.27731323242188,17.0,302.14405822753906,722.8834838867188,0,0,0,0.0,0,0,0,0,0,,,0,0,0,,,,,USED IN THIS PROTOCOL,19.81,67,3,2,0,,,0.0,0.0
cl01,7,caption-band-detector,WHITESPACE,0.65,386.78271484375,714.3834838867188,540.5540771484375,731.3834838867188,153.7713623046875,17.0,463.66839599609375,722.8834838867188,0,0,0,0.0,0,0,0,0,0,,,0,0,0,,,,,USED IN THIS PROTOCOL,21.11,67,3,2,0,,,0.0,0.0
cl01,8,caption-band-detector,WHITESPACE,0.65,56.22710037231445,771.1060180664062,156.56790161132812,788.1060180664062,100.34080123901367,17.0,106.39750099182129,779.6060180664062,0,0,0,0.0,0,0,0,0,0,,,0,0,0,,,,,HEALER’S ADDITIONAL COMMENTS,12.9,30,0,0,0,,,0.0,0.0
cl01,8,caption-band-detector,WHITESPACE,0.65,56.22710037231445,102.54638671875,300.1440124511719,119.54638671875,243.91691207885742,17.0,178.18555641174316,111.04638671875,0,0,0,0.0,0,0,0,0,0,,,0,0,0,,,,,TOTAL NO. OF HEALINGS,85.72,30,10,3,1,VALUE,TOTAL NO. OF HEALINGS,0.8008,0.9924
cl01,8,caption-band-detector,WHITESPACE,0.65,304.1440124511719,102.54638671875,540.4169921875,119.54638671875,236.27297973632812,17.0,422.28050231933594,111.04638671875,0,0,0,0.0,0,0,0,0,0,,,0,0,0,,,,,IS THE HEALING STILL CONTINUED?,58.7,30,10,3,1,OPTION,IS THE HEALING STILL CONTINUED? [NO],0.0892,1.0
cl01,8,caption-band-detector,WHITESPACE,0.65,474.9775085449219,90.294921875,511.76171875,107.294921875,36.784210205078125,17.0,493.36961364746094,98.794921875,0,0,0,0.0,0,0,0,0,0,,,0,0,0,,,,,YES,17.71,30,1,1,0,,,0.0,0.0
cl01,8,caption-band-detector,WHITESPACE,0.65,515.76171875,90.294921875,540.4169921875,107.294921875,24.6552734375,17.0,528.08935546875,98.794921875,0,0,0,0.0,0,0,0,0,0,,,0,0,0,,,,,NO,14.88,30,1,1,0,,,0.0,0.0
cl01,8,caption-band-detector,WHITESPACE,0.65,56.22710037231445,28.26220703125,226.04440307617188,45.26220703125,169.81730270385742,17.0,141.13575172424316,36.76220703125,0,0,0,0.0,0,0,0,0,0,,,0,0,0,,,,,LAST HEALING DATE,55.43,30,3,2,0,,,0.0,0.0
cl01,8,caption-band-detector,WHITESPACE,0.65,230.04440307617188,28.26220703125,399.3100891113281,45.26220703125,169.26568603515625,17.0,314.67724609375,36.76220703125,0,0,0,0.0,0,0,0,0,0,,,0,0,0,,,,,LAST FEEDBACK DATE,16.76,30,3,2,0,,,0.0,0.0
cl01,8,caption-band-detector,WHITESPACE,0.65,403.3100891113281,28.26220703125,540.4169921875,45.26220703125,137.10690307617188,17.0,471.86354064941406,36.76220703125,0,0,0,0.0,0,0,0,0,0,,,0,0,0,,,,,SIGNATURE OF THE HEALER,29.01,30,3,2,0,,,0.0,0.0
cl01,4,whitespace-detector,WHITESPACE,0.6479175472259522,49.58330154418945,61.90359115600586,148.7503204345703,86.66510009765625,99.16701889038086,24.76150894165039,99.16681098937988,74.28434562683105,0,0,0,0.0,0,0,0,0,0,,,0,0,0,,,,,,54.67,432,7,4,0,,,0.0,0.0
cl01,4,whitespace-detector,WHITESPACE,0.6479167175292968,347.08331298828125,705.7017211914062,446.25,721.2173843383789,99.16668701171875,15.515663146972656,396.6666564941406,713.4595527648926,0,0,0,0.0,0,0,0,0,0,,,0,0,0,,,,,,24.37,432,12,4,0,,,0.0,0.0
cl01,4,whitespace-detector,WHITESPACE,0.6479167175292968,446.25,705.7017211914062,545.4166870117188,721.2173843383789,99.16668701171875,15.515663146972656,495.8333435058594,713.4595527648926,0,0,0,0.0,0,0,0,0,0,,,0,0,0,,,,,,24.37,432,12,4,0,,,0.0,0.0
cl01,4,whitespace-detector,WHITESPACE,0.6479167175292968,347.08331298828125,680.940185546875,446.25,696.4582290649414,99.16668701171875,15.518043518066406,396.6666564941406,688.6992073059082,0,0,0,0.0,0,0,0,0,0,,,0,0,0,,,,,,49.13,432,7,4,0,,,0.0,0.0
cl01,4,whitespace-detector,WHITESPACE,0.6479167175292968,446.25,680.940185546875,545.4166870117188,696.4582290649414,99.16668701171875,15.518043518066406,495.8333435058594,688.6992073059082,0,0,0,0.0,0,0,0,0,0,,,0,0,0,,,,,,49.13,432,7,4,0,,,0.0,0.0
cl01,4,whitespace-detector,WHITESPACE,0.6479167175292968,347.08331298828125,656.1787719726562,446.25,671.6982192993164,99.16668701171875,15.519447326660156,396.6666564941406,663.9384956359863,0,0,0,0.0,0,0,0,0,0,,,0,0,0,,,,,,73.89,432,10,4,0,,,0.0,0.0
cl01,4,whitespace-detector,WHITESPACE,0.6479167175292968,446.25,656.1787719726562,545.4166870117188,671.6982192993164,99.16668701171875,15.519447326660156,495.8333435058594,663.9384956359863,0,0,0,0.0,0,0,0,0,0,,,0,0,0,,,,,,73.89,432,10,4,0,,,0.0,0.0
cl01,4,whitespace-detector,WHITESPACE,0.6479167175292968,347.08331298828125,631.4174194335938,446.25,646.9382095336914,99.16668701171875,15.520790100097656,396.6666564941406,639.1778144836426,0,0,0,0.0,0,0,0,0,0,,,0,0,0,,,,,,98.65,432,7,4,0,,,0.0,0.0
cl01,4,whitespace-detector,WHITESPACE,0.6479167175292968,446.25,631.4174194335938,545.4166870117188,646.9382095336914,99.16668701171875,15.520790100097656,495.8333435058594,639.1778144836426,0,0,0,0.0,0,0,0,0,0,,,0,0,0,,,,,,98.65,432,7,4,0,,,0.0,0.0
cl01,4,whitespace-detector,WHITESPACE,0.6479167175292968,347.08331298828125,606.6558837890625,446.25,622.1781997680664,99.16668701171875,15.522315979003906,396.6666564941406,614.4170417785645,0,0,0,0.0,0,0,0,0,0,,,0,0,0,,,,,,123.41,432,7,4,0,,,0.0,0.0
cl01,4,whitespace-detector,WHITESPACE,0.6479167175292968,446.25,606.6558837890625,545.4166870117188,622.1781997680664,99.16668701171875,15.522315979003906,495.8333435058594,614.4170417785645,0,0,0,0.0,0,0,0,0,0,,,0,0,0,,,,,,123.41,432,7,4,0,,,0.0,0.0
cl01,4,whitespace-detector,WHITESPACE,0.6479167175292968,347.08331298828125,581.8944091796875,446.25,597.4181900024414,99.16668701171875,15.523780822753906,396.6666564941406,589.6562995910645,0,0,0,0.0,0,0,0,0,0,,,0,0,0,,,,,,148.17,432,7,4,0,,,0.0,0.0
cl01,4,whitespace-detector,WHITESPACE,0.6479167175292968,446.25,581.8944091796875,545.4166870117188,597.4181900024414,99.16668701171875,15.523780822753906,495.8333435058594,589.6562995910645,0,0,0,0.0,0,0,0,0,0,,,0,0,0,,,,,,148.17,432,7,4,0,,,0.0,0.0
cl01,4,whitespace-detector,WHITESPACE,0.6479167175292968,347.08331298828125,557.1328735351562,446.25,572.6581802368164,99.16668701171875,15.525306701660156,396.6666564941406,564.8955268859863,0,0,0,0.0,0,0,0,0,0,,,0,0,0,,,,,,172.93,432,6,3,0,,,0.0,0.0
cl01,4,whitespace-detector,WHITESPACE,0.6479167175292968,446.25,557.1328735351562,545.4166870117188,572.6581802368164,99.16668701171875,15.525306701660156,495.8333435058594,564.8955268859863,0,0,0,0.0,0,0,0,0,0,,,0,0,0,,,,,,172.93,432,6,3,0,,,0.0,0.0
cl01,4,whitespace-detector,WHITESPACE,0.6479167175292968,347.08331298828125,532.3715209960938,446.25,547.8981704711914,99.16668701171875,15.526649475097656,396.6666564941406,540.1348457336426,0,0,0,0.0,0,0,0,0,0,,,0,0,0,,,,,,197.69,432,6,3,0,,,0.0,0.0
cl01,4,whitespace-detector,WHITESPACE,0.6479167175292968,446.25,532.3715209960938,545.4166870117188,547.8981704711914,99.16668701171875,15.526649475097656,495.8333435058594,540.1348457336426,0,0,0,0.0,0,0,0,0,0,,,0,0,0,,,,,,197.69,432,6,3,0,,,0.0,0.0
cl01,4,whitespace-detector,WHITESPACE,0.6479167175292968,347.08331298828125,507.6099853515625,446.25,523.1382217407227,99.16668701171875,15.528236389160156,396.6666564941406,515.3741035461426,0,0,0,0.0,0,0,0,0,0,,,0,0,0,,,,,,222.46,432,7,4,0,,,0.0,0.0
cl01,4,whitespace-detector,WHITESPACE,0.6479167175292968,446.25,507.6099853515625,545.4166870117188,523.1382217407227,99.16668701171875,15.528236389160156,495.8333435058594,515.3741035461426,0,0,0,0.0,0,0,0,0,0,,,0,0,0,,,,,,222.46,432,7,4,0,,,0.0,0.0
cl01,4,whitespace-detector,WHITESPACE,0.6479167175292968,347.08331298828125,482.8485107421875,446.25,498.37821197509766,99.16668701171875,15.529701232910156,396.6666564941406,490.6133613586426,0,0,0,0.0,0,0,0,0,0,,,0,0,0,,,,,,247.22,432,7,4,0,,,0.0,0.0
cl01,4,whitespace-detector,WHITESPACE,0.6479167175292968,446.25,482.8485107421875,545.4166870117188,498.37821197509766,99.16668701171875,15.529701232910156,495.8333435058594,490.6133613586426,0,0,0,0.0,0,0,0,0,0,,,0,0,0,,,,,,247.22,432,7,4,0,,,0.0,0.0
cl01,4,whitespace-detector,WHITESPACE,0.6479167175292968,347.08331298828125,458.08709716796875,446.25,473.61820220947266,99.16668701171875,15.531105041503906,396.6666564941406,465.8526496887207,0,0,0,0.0,0,0,0,0,0,,,0,0,0,,,,,,271.98,432,7,4,0,,,0.0,0.0
cl01,4,whitespace-detector,WHITESPACE,0.6479167175292968,446.25,458.08709716796875,545.4166870117188,473.61820220947266,99.16668701171875,15.531105041503906,495.8333435058594,465.8526496887207,0,0,0,0.0,0,0,0,0,0,,,0,0,0,,,,,,271.98,432,7,4,0,,,0.0,0.0
cl01,4,whitespace-detector,WHITESPACE,0.6479167175292968,347.08331298828125,433.3255920410156,446.25,448.85819244384766,99.16668701171875,15.532600402832031,396.6666564941406,441.09189224243164,0,0,0,0.0,0,0,0,0,0,,,0,0,0,,,,,,296.74,432,7,4,0,,,0.0,0.0
cl01,4,whitespace-detector,WHITESPACE,0.6479167175292968,446.25,433.3255920410156,545.4166870117188,448.85819244384766,99.16668701171875,15.532600402832031,495.8333435058594,441.09189224243164,0,0,0,0.0,0,0,0,0,0,,,0,0,0,,,,,,296.74,432,7,4,0,,,0.0,0.0
cl01,4,whitespace-detector,WHITESPACE,0.6479167175292968,347.08331298828125,408.5640869140625,446.25,424.0982131958008,99.16668701171875,15.534126281738281,396.6666564941406,416.33115005493164,0,0,0,0.0,0,0,0,0,0,,,0,0,0,,,,,,320.08,432,7,4,0,,,0.0,0.0
cl01,4,whitespace-detector,WHITESPACE,0.6479167175292968,446.25,408.5640869140625,545.4166870117188,424.0982131958008,99.16668701171875,15.534126281738281,495.8333435058594,416.33115005493164,0,0,0,0.0,0,0,0,0,0,,,0,0,0,,,,,,321.5,432,7,4,0,,,0.0,0.0
cl01,4,whitespace-detector,WHITESPACE,0.6479167175292968,347.08331298828125,383.8027038574219,446.25,399.3382034301758,99.16668701171875,15.535499572753906,396.6666564941406,391.5704536437988,0,0,0,0.0,0,0,0,0,0,,,0,0,0,,,,,,318.22,432,146,4,0,,,0.0,0.0
cl01,4,whitespace-detector,WHITESPACE,0.6479167175292968,446.25,383.8027038574219,545.4166870117188,399.3382034301758,99.16668701171875,15.535499572753906,495.8333435058594,391.5704536437988,0,0,0,0.0,0,0,0,0,0,,,0,0,0,,,,,,346.26,432,146,4,0,,,0.0,0.0
cl01,4,whitespace-detector,WHITESPACE,0.6479167175292968,347.08331298828125,359.04119873046875,446.25,374.5781936645508,99.16668701171875,15.536994934082031,396.6666564941406,366.80969619750977,0,0,0,0.0,0,0,0,0,0,,,0,0,0,,,,,,317.05,432,13,4,0,,,0.0,0.0
cl01,4,whitespace-detector,WHITESPACE,0.6479167175292968,446.25,359.04119873046875,545.4166870117188,374.5781936645508,99.16668701171875,15.536994934082031,495.8333435058594,366.80969619750977,0,0,0,0.0,0,0,0,0,0,,,0,0,0,,,,,,371.02,432,13,4,0,,,0.0,0.0
cl01,4,whitespace-detector,WHITESPACE,0.6479167175292968,347.08331298828125,334.27978515625,446.25,349.79801177978516,99.16668701171875,15.518226623535156,396.6666564941406,342.0388984680176,0,0,0,0.0,0,0,0,0,0,,,0,0,0,,,,,,314.52,432,7,4,0,,,0.0,0.0
cl01,4,whitespace-detector,WHITESPACE,0.6479167175292968,446.25,334.27978515625,545.4166870117188,349.79801177978516,99.16668701171875,15.518226623535156,495.8333435058594,342.0388984680176,0,0,0,0.0,0,0,0,0,0,,,0,0,0,,,,,,365.15,432,7,4,0,,,0.0,0.0
cl01,4,whitespace-detector,WHITESPACE,0.6479167175292968,347.08331298828125,309.518310546875,446.25,325.03800201416016,99.16668701171875,15.519691467285156,396.6666564941406,317.2781562805176,0,0,0,0.0,0,0,0,0,0,,,0,0,0,,,,,,298.91,432,8,4,0,,,0.0,0.0
cl01,4,whitespace-detector,WHITESPACE,0.6479167175292968,446.25,309.518310546875,545.4166870117188,325.03800201416016,99.16668701171875,15.519691467285156,495.8333435058594,317.2781562805176,0,0,0,0.0,0,0,0,0,0,,,0,0,0,,,,,,344.6,432,8,4,0,,,0.0,0.0
cl01,4,whitespace-detector,WHITESPACE,0.6479167175292968,347.08331298828125,284.7568054199219,446.25,300.27799224853516,99.16668701171875,15.521186828613281,396.6666564941406,292.5173988342285,0,0,0,0.0,0,0,0,0,0,,,0,0,0,,,,,,275.66,432,7,4,0,,,0.0,0.0
cl01,4,whitespace-detector,WHITESPACE,0.6479167175292968,446.25,284.7568054199219,545.4166870117188,300.27799224853516,99.16668701171875,15.521186828613281,495.8333435058594,292.5173988342285,0,0,0,0.0,0,0,0,0,0,,,0,0,0,,,,,,324.64,432,7,4,0,,,0.0,0.0
cl01,4,whitespace-detector,WHITESPACE,0.6479167175292968,347.08331298828125,259.9953918457031,446.25,275.51798248291016,99.16668701171875,15.522590637207031,396.6666564941406,267.75668716430664,0,0,0,0.0,0,0,0,0,0,,,0,0,0,,,,,,252.69,432,7,4,0,,,0.0,0.0
cl01,4,whitespace-detector,WHITESPACE,0.6479167175292968,446.25,259.9953918457031,545.4166870117188,275.51798248291016,99.16668701171875,15.522590637207031,495.8333435058594,267.75668716430664,0,0,0,0.0,0,0,0,0,0,,,0,0,0,,,,,,305.38,432,7,4,0,,,0.0,0.0
cl01,4,whitespace-detector,WHITESPACE,0.6479167175292968,347.08331298828125,235.23390197753906,446.25,250.75797271728516,99.16668701171875,15.524070739746094,396.6666564941406,242.9959373474121,0,0,0,0.0,0,0,0,0,0,,,0,0,0,,,,,,230.1,432,6,3,0,,,0.0,0.0
cl01,4,whitespace-detector,WHITESPACE,0.6479167175292968,446.25,235.23390197753906,545.4166870117188,250.75797271728516,99.16668701171875,15.524070739746094,495.8333435058594,242.9959373474121,0,0,0,0.0,0,0,0,0,0,,,0,0,0,,,,,,286.97,432,6,3,0,,,0.0,0.0
cl01,4,whitespace-detector,WHITESPACE,0.6479167175292968,347.08331298828125,210.47239685058594,446.25,225.99796295166016,99.16668701171875,15.525566101074219,396.6666564941406,218.23517990112305,0,0,0,0.0,0,0,0,0,0,,,0,0,0,,,,,,208.0,432,7,4,0,,,0.0,0.0
cl01,4,whitespace-detector,WHITESPACE,0.6479167175292968,446.25,210.47239685058594,545.4166870117188,225.99796295166016,99.16668701171875,15.525566101074219,495.8333435058594,218.23517990112305,0,0,0,0.0,0,0,0,0,0,,,0,0,0,,,,,,269.57,432,7,4,0,,,0.0,0.0
cl01,4,whitespace-detector,WHITESPACE,0.6479167175292968,347.08331298828125,185.71099853515625,446.25,201.2380142211914,99.16668701171875,15.527015686035156,396.6666564941406,193.47450637817383,0,0,0,0.0,0,0,0,0,0,,,0,0,0,,,,,,186.57,432,7,4,0,,,0.0,0.0
cl01,4,whitespace-detector,WHITESPACE,0.6479167175292968,446.25,185.71099853515625,545.4166870117188,201.2380142211914,99.16668701171875,15.527015686035156,495.8333435058594,193.47450637817383,0,0,0,0.0,0,0,0,0,0,,,0,0,0,,,,,,253.4,432,7,4,0,,,0.0,0.0
cl01,4,whitespace-detector,WHITESPACE,0.6479167175292968,347.08331298828125,160.94949340820312,446.25,176.4780044555664,99.16668701171875,15.528511047363281,396.6666564941406,168.71374893188477,0,0,0,0.0,0,0,0,0,0,,,0,0,0,,,,,,166.08,432,7,4,0,,,0.0,0.0
cl01,4,whitespace-detector,WHITESPACE,0.6479167175292968,446.25,160.94949340820312,545.4166870117188,176.4780044555664,99.16668701171875,15.528511047363281,495.8333435058594,168.71374893188477,0,0,0,0.0,0,0,0,0,0,,,0,0,0,,,,,,238.72,432,7,4,0,,,0.0,0.0
cl01,4,whitespace-detector,WHITESPACE,0.6479167175292968,347.08331298828125,136.18800354003906,446.25,151.7179946899414,99.16668701171875,15.529991149902344,396.6666564941406,143.95299911499023,0,0,0,0.0,0,0,0,0,0,,,0,0,0,,,,,,146.9,432,7,4,0,,,0.0,0.0
cl01,4,whitespace-detector,WHITESPACE,0.6479167175292968,446.25,136.18800354003906,545.4166870117188,151.7179946899414,99.16668701171875,15.529991149902344,495.8333435058594,143.95299911499023,0,0,0,0.0,0,0,0,0,0,,,0,0,0,,,,,,225.79,432,7,4,0,,,0.0,0.0
cl01,4,whitespace-detector,WHITESPACE,0.6479167175292968,347.08331298828125,111.42659759521484,446.25,126.9579849243164,99.16668701171875,15.531387329101562,396.6666564941406,119.19229125976562,0,0,0,0.0,0,0,0,0,0,,,0,0,0,,,,,,129.63,432,7,4,0,,,0.0,0.0
cl01,4,whitespace-detector,WHITESPACE,0.6479167175292968,446.25,111.42659759521484,545.4166870117188,126.9579849243164,99.16668701171875,15.531387329101562,495.8333435058594,119.19229125976562,0,0,0,0.0,0,0,0,0,0,,,0,0,0,,,,,,214.96,432,7,4,0,,,0.0,0.0
cl01,4,whitespace-detector,WHITESPACE,0.6479167175292968,347.08331298828125,61.90359115600586,446.25,86.66510009765625,99.16668701171875,24.76150894165039,396.6666564941406,74.28434562683105,0,0,0,0.0,0,0,0,0,0,,,0,0,0,,,,,,106.16,432,7,4,0,,,0.0,0.0
cl01,4,whitespace-detector,WHITESPACE,0.6479167175292968,446.25,61.90359115600586,545.4166870117188,86.66510009765625,99.16668701171875,24.76150894165039,495.8333435058594,74.28434562683105,0,0,0,0.0,0,0,0,0,0,,,0,0,0,,,,,,201.68,432,7,4,0,,,0.0,0.0
cl01,4,whitespace-detector,WHITESPACE,0.6479165267944336,247.9167022705078,705.7017211914062,347.08331298828125,721.2173843383789,99.16661071777344,15.515663146972656,297.50000762939453,713.4595527648926,0,0,0,0.0,0,0,0,0,0,,,0,0,0,,,,,,24.37,432,12,4,0,,,0.0,0.0
cl01,4,whitespace-detector,WHITESPACE,0.6479165267944336,247.9167022705078,680.940185546875,347.08331298828125,696.4582290649414,99.16661071777344,15.518043518066406,297.50000762939453,688.6992073059082,0,0,0,0.0,0,0,0,0,0,,,0,0,0,,,,,,49.13,432,7,4,0,,,0.0,0.0
cl01,4,whitespace-detector,WHITESPACE,0.6479165267944336,247.9167022705078,656.1787719726562,347.08331298828125,671.6982192993164,99.16661071777344,15.519447326660156,297.50000762939453,663.9384956359863,0,0,0,0.0,0,0,0,0,0,,,0,0,0,,,,,,73.89,432,10,4,0,,,0.0,0.0
cl01,4,whitespace-detector,WHITESPACE,0.6479165267944336,247.9167022705078,631.4174194335938,347.08331298828125,646.9382095336914,99.16661071777344,15.520790100097656,297.50000762939453,639.1778144836426,0,0,0,0.0,0,0,0,0,0,,,0,0,0,,,,,,98.65,432,7,4,0,,,0.0,0.0
cl01,4,whitespace-detector,WHITESPACE,0.6479165267944336,247.9167022705078,606.6558837890625,347.08331298828125,622.1781997680664,99.16661071777344,15.522315979003906,297.50000762939453,614.4170417785645,0,0,0,0.0,0,0,0,0,0,,,0,0,0,,,,,,123.41,432,7,4,0,,,0.0,0.0
cl01,4,whitespace-detector,WHITESPACE,0.6479165267944336,247.9167022705078,581.8944091796875,347.08331298828125,597.4181900024414,99.16661071777344,15.523780822753906,297.50000762939453,589.6562995910645,0,0,0,0.0,0,0,0,0,0,,,0,0,0,,,,,,148.17,432,7,4,0,,,0.0,0.0
cl01,4,whitespace-detector,WHITESPACE,0.6479165267944336,247.9167022705078,557.1328735351562,347.08331298828125,572.6581802368164,99.16661071777344,15.525306701660156,297.50000762939453,564.8955268859863,0,0,0,0.0,0,0,0,0,0,,,0,0,0,,,,,,172.93,432,6,3,0,,,0.0,0.0
cl01,4,whitespace-detector,WHITESPACE,0.6479165267944336,247.9167022705078,532.3715209960938,347.08331298828125,547.8981704711914,99.16661071777344,15.526649475097656,297.50000762939453,540.1348457336426,0,0,0,0.0,0,0,0,0,0,,,0,0,0,,,,,,197.69,432,6,3,0,,,0.0,0.0
cl01,4,whitespace-detector,WHITESPACE,0.6479165267944336,247.9167022705078,507.6099853515625,347.08331298828125,523.1382217407227,99.16661071777344,15.528236389160156,297.50000762939453,515.3741035461426,0,0,0,0.0,0,0,0,0,0,,,0,0,0,,,,,,207.66,432,7,4,0,,,0.0,0.0
cl01,4,whitespace-detector,WHITESPACE,0.6479165267944336,247.9167022705078,482.8485107421875,347.08331298828125,498.37821197509766,99.16661071777344,15.529701232910156,297.50000762939453,490.6133613586426,0,0,0,0.0,0,0,0,0,0,,,0,0,0,,,,,,212.62,432,7,4,0,,,0.0,0.0
cl01,4,whitespace-detector,WHITESPACE,0.6479165267944336,247.9167022705078,458.08709716796875,347.08331298828125,473.61820220947266,99.16661071777344,15.531105041503906,297.50000762939453,465.8526496887207,0,0,0,0.0,0,0,0,0,0,,,0,0,0,,,,,,220.21,432,7,4,0,,,0.0,0.0
cl01,4,whitespace-detector,WHITESPACE,0.6479165267944336,247.9167022705078,433.3255920410156,347.08331298828125,448.85819244384766,99.16661071777344,15.532600402832031,297.50000762939453,441.09189224243164,0,0,0,0.0,0,0,0,0,0,,,0,0,0,,,,,,221.76,432,7,4,0,,,0.0,0.0
cl01,4,whitespace-detector,WHITESPACE,0.6479165267944336,247.9167022705078,408.5640869140625,347.08331298828125,424.0982131958008,99.16661071777344,15.534126281738281,297.50000762939453,416.33115005493164,0,0,0,0.0,0,0,0,0,0,,,0,0,0,,,,,,220.93,432,7,4,0,,,0.0,0.0
cl01,4,whitespace-detector,WHITESPACE,0.6479165267944336,247.9167022705078,383.8027038574219,347.08331298828125,399.3382034301758,99.16661071777344,15.535499572753906,297.50000762939453,391.5704536437988,0,0,0,0.0,0,0,0,0,0,,,0,0,0,,,,,,219.33,432,146,4,0,,,0.0,0.0
cl01,4,whitespace-detector,WHITESPACE,0.6479165267944336,247.9167022705078,359.04119873046875,347.08331298828125,374.5781936645508,99.16661071777344,15.536994934082031,297.50000762939453,366.80969619750977,0,0,0,0.0,0,0,0,0,0,,,0,0,0,,,,,,218.3,432,13,4,0,,,0.0,0.0
cl01,4,whitespace-detector,WHITESPACE,0.6479165267944336,247.9167022705078,334.27978515625,347.08331298828125,349.79801177978516,99.16661071777344,15.518226623535156,297.50000762939453,342.0388984680176,0,0,0,0.0,0,0,0,0,0,,,0,0,0,,,,,,215.64,432,7,4,0,,,0.0,0.0
cl01,4,whitespace-detector,WHITESPACE,0.6479165267944336,247.9167022705078,309.518310546875,347.08331298828125,325.03800201416016,99.16661071777344,15.519691467285156,297.50000762939453,317.2781562805176,0,0,0,0.0,0,0,0,0,0,,,0,0,0,,,,,,214.78,432,8,4,0,,,0.0,0.0
cl01,4,whitespace-detector,WHITESPACE,0.6479165267944336,247.9167022705078,284.7568054199219,347.08331298828125,300.27799224853516,99.16661071777344,15.521186828613281,297.50000762939453,292.5173988342285,0,0,0,0.0,0,0,0,0,0,,,0,0,0,,,,,,211.04,432,7,4,0,,,0.0,0.0
cl01,4,whitespace-detector,WHITESPACE,0.6479165267944336,247.9167022705078,259.9953918457031,347.08331298828125,275.51798248291016,99.16661071777344,15.522590637207031,297.50000762939453,267.75668716430664,0,0,0,0.0,0,0,0,0,0,,,0,0,0,,,,,,207.22,432,7,4,0,,,0.0,0.0
cl01,4,whitespace-detector,WHITESPACE,0.6479165267944336,247.9167022705078,235.23390197753906,347.08331298828125,250.75797271728516,99.16661071777344,15.524070739746094,297.50000762939453,242.9959373474121,0,0,0,0.0,0,0,0,0,0,,,0,0,0,,,,,,206.33,432,6,3,0,,,0.0,0.0
cl01,4,whitespace-detector,WHITESPACE,0.6479165267944336,247.9167022705078,210.47239685058594,347.08331298828125,225.99796295166016,99.16661071777344,15.525566101074219,297.50000762939453,218.23517990112305,0,0,0,0.0,0,0,0,0,0,,,0,0,0,,,,,,183.11,432,7,4,0,,,0.0,0.0
cl01,4,whitespace-detector,WHITESPACE,0.6479165267944336,247.9167022705078,185.71099853515625,347.08331298828125,201.2380142211914,99.16661071777344,15.527015686035156,297.50000762939453,193.47450637817383,0,0,0,0.0,0,0,0,0,0,,,0,0,0,,,,,,158.35,432,7,4,0,,,0.0,0.0
cl01,4,whitespace-detector,WHITESPACE,0.6479165267944336,247.9167022705078,160.94949340820312,347.08331298828125,176.4780044555664,99.16661071777344,15.528511047363281,297.50000762939453,168.71374893188477,0,0,0,0.0,0,0,0,0,0,,,0,0,0,,,,,,133.59,432,7,4,0,,,0.0,0.0
cl01,4,whitespace-detector,WHITESPACE,0.6479165267944336,247.9167022705078,136.18800354003906,347.08331298828125,151.7179946899414,99.16661071777344,15.529991149902344,297.50000762939453,143.95299911499023,0,0,0,0.0,0,0,0,0,0,,,0,0,0,,,,,,108.83,432,7,4,0,,,0.0,0.0
cl01,4,whitespace-detector,WHITESPACE,0.6479165267944336,247.9167022705078,111.42659759521484,347.08331298828125,126.9579849243164,99.16661071777344,15.531387329101562,297.50000762939453,119.19229125976562,0,0,0,0.0,0,0,0,0,0,,,0,0,0,,,,,,84.07,432,7,4,0,,,0.0,0.0
cl01,4,whitespace-detector,WHITESPACE,0.6479165267944336,247.9167022705078,61.90359115600586,347.08331298828125,86.66510009765625,99.16661071777344,24.76150894165039,297.50000762939453,74.28434562683105,0,0,0,0.0,0,0,0,0,0,,,0,0,0,,,,,,39.16,432,7,4,0,,,0.0,0.0
cl01,4,whitespace-detector,WHITESPACE,0.6479159545898437,148.7503204345703,705.7017211914062,247.9167022705078,721.2173843383789,99.1663818359375,15.515663146972656,198.33351135253906,713.4595527648926,0,0,0,0.0,0,0,0,0,0,,,0,0,0,,,,,,24.37,432,12,4,0,,,0.0,0.0
cl01,4,whitespace-detector,WHITESPACE,0.6479159545898437,148.7503204345703,680.940185546875,247.9167022705078,696.4582290649414,99.1663818359375,15.518043518066406,198.33351135253906,688.6992073059082,0,0,0,0.0,0,0,0,0,0,,,0,0,0,,,,,,49.13,432,7,4,0,,,0.0,0.0
cl01,4,whitespace-detector,WHITESPACE,0.6479159545898437,148.7503204345703,656.1787719726562,247.9167022705078,671.6982192993164,99.1663818359375,15.519447326660156,198.33351135253906,663.9384956359863,0,0,0,0.0,0,0,0,0,0,,,0,0,0,,,,,,73.89,432,10,4,0,,,0.0,0.0
cl01,4,whitespace-detector,WHITESPACE,0.6479159545898437,148.7503204345703,631.4174194335938,247.9167022705078,646.9382095336914,99.1663818359375,15.520790100097656,198.33351135253906,639.1778144836426,0,0,0,0.0,0,0,0,0,0,,,0,0,0,,,,,,98.65,432,7,4,0,,,0.0,0.0
cl01,4,whitespace-detector,WHITESPACE,0.6479159545898437,148.7503204345703,606.6558837890625,247.9167022705078,622.1781997680664,99.1663818359375,15.522315979003906,198.33351135253906,614.4170417785645,0,0,0,0.0,0,0,0,0,0,,,0,0,0,,,,,,114.94,432,7,4,0,,,0.0,0.0
cl01,4,whitespace-detector,WHITESPACE,0.6479159545898437,148.7503204345703,581.8944091796875,247.9167022705078,597.4181900024414,99.1663818359375,15.523780822753906,198.33351135253906,589.6562995910645,0,0,0,0.0,0,0,0,0,0,,,0,0,0,,,,,,107.77,432,7,4,0,,,0.0,0.0
cl01,4,whitespace-detector,WHITESPACE,0.6479159545898437,148.7503204345703,557.1328735351562,247.9167022705078,572.6581802368164,99.1663818359375,15.525306701660156,198.33351135253906,564.8955268859863,0,0,0,0.0,0,0,0,0,0,,,0,0,0,,,,,,106.04,432,6,3,0,,,0.0,0.0
cl01,4,whitespace-detector,WHITESPACE,0.6479159545898437,148.7503204345703,532.3715209960938,247.9167022705078,547.8981704711914,99.1663818359375,15.526649475097656,198.33351135253906,540.1348457336426,0,0,0,0.0,0,0,0,0,0,,,0,0,0,,,,,,106.48,432,6,3,0,,,0.0,0.0
cl01,4,whitespace-detector,WHITESPACE,0.6479159545898437,148.7503204345703,507.6099853515625,247.9167022705078,523.1382217407227,99.1663818359375,15.528236389160156,198.33351135253906,515.3741035461426,0,0,0,0.0,0,0,0,0,0,,,0,0,0,,,,,,110.43,432,7,4,0,,,0.0,0.0
cl01,4,whitespace-detector,WHITESPACE,0.6479159545898437,148.7503204345703,482.8485107421875,247.9167022705078,498.37821197509766,99.1663818359375,15.529701232910156,198.33351135253906,490.6133613586426,0,0,0,0.0,0,0,0,0,0,,,0,0,0,,,,,,119.14,432,7,4,0,,,0.0,0.0
cl01,4,whitespace-detector,WHITESPACE,0.6479159545898437,148.7503204345703,458.08709716796875,247.9167022705078,473.61820220947266,99.1663818359375,15.531105041503906,198.33351135253906,465.8526496887207,0,0,0,0.0,0,0,0,0,0,,,0,0,0,,,,,,122.68,432,7,4,0,,,0.0,0.0
cl01,4,whitespace-detector,WHITESPACE,0.6479159545898437,148.7503204345703,433.3255920410156,247.9167022705078,448.85819244384766,99.1663818359375,15.532600402832031,198.33351135253906,441.09189224243164,0,0,0,0.0,0,0,0,0,0,,,0,0,0,,,,,,123.32,432,7,4,0,,,0.0,0.0
cl01,4,whitespace-detector,WHITESPACE,0.6479159545898437,148.7503204345703,408.5640869140625,247.9167022705078,424.0982131958008,99.1663818359375,15.534126281738281,198.33351135253906,416.33115005493164,0,0,0,0.0,0,0,0,0,0,,,0,0,0,,,,,,121.8,432,7,4,0,,,0.0,0.0
cl01,4,whitespace-detector,WHITESPACE,0.6479159545898437,148.7503204345703,383.8027038574219,247.9167022705078,399.3382034301758,99.1663818359375,15.535499572753906,198.33351135253906,391.5704536437988,0,0,0,0.0,0,0,0,0,0,,,0,0,0,,,,,,120.9,432,146,4,0,,,0.0,0.0
cl01,4,whitespace-detector,WHITESPACE,0.6479159545898437,148.7503204345703,359.04119873046875,247.9167022705078,374.5781936645508,99.1663818359375,15.536994934082031,198.33351135253906,366.80969619750977,0,0,0,0.0,0,0,0,0,0,,,0,0,0,,,,,,119.36,432,13,4,0,,,0.0,0.0
cl01,4,whitespace-detector,WHITESPACE,0.6479159545898437,148.7503204345703,334.27978515625,247.9167022705078,349.79801177978516,99.1663818359375,15.518226623535156,198.33351135253906,342.0388984680176,0,0,0,0.0,0,0,0,0,0,,,0,0,0,,,,,,117.25,432,7,4,0,,,0.0,0.0
cl01,4,whitespace-detector,WHITESPACE,0.6479159545898437,148.7503204345703,309.518310546875,247.9167022705078,325.03800201416016,99.1663818359375,15.519691467285156,198.33351135253906,317.2781562805176,0,0,0,0.0,0,0,0,0,0,,,0,0,0,,,,,,115.66,432,8,4,0,,,0.0,0.0
cl01,4,whitespace-detector,WHITESPACE,0.6479159545898437,148.7503204345703,284.7568054199219,247.9167022705078,300.27799224853516,99.1663818359375,15.521186828613281,198.33351135253906,292.5173988342285,0,0,0,0.0,0,0,0,0,0,,,0,0,0,,,,,,116.03,432,7,4,0,,,0.0,0.0
cl01,4,whitespace-detector,WHITESPACE,0.6479159545898437,148.7503204345703,259.9953918457031,247.9167022705078,275.51798248291016,99.1663818359375,15.522590637207031,198.33351135253906,267.75668716430664,0,0,0,0.0,0,0,0,0,0,,,0,0,0,,,,,,108.93,432,7,4,0,,,0.0,0.0
cl01,4,whitespace-detector,WHITESPACE,0.6479159545898437,148.7503204345703,235.23390197753906,247.9167022705078,250.75797271728516,99.1663818359375,15.524070739746094,198.33351135253906,242.9959373474121,0,0,0,0.0,0,0,0,0,0,,,0,0,0,,,,,,107.21,432,6,3,0,,,0.0,0.0
cl01,4,whitespace-detector,WHITESPACE,0.6479159545898437,148.7503204345703,210.47239685058594,247.9167022705078,225.99796295166016,99.1663818359375,15.525566101074219,198.33351135253906,218.23517990112305,0,0,0,0.0,0,0,0,0,0,,,0,0,0,,,,,,111.13,432,7,4,0,,,0.0,0.0
cl01,4,whitespace-detector,WHITESPACE,0.6479159545898437,148.7503204345703,185.71099853515625,247.9167022705078,201.2380142211914,99.1663818359375,15.527015686035156,198.33351135253906,193.47450637817383,0,0,0,0.0,0,0,0,0,0,,,0,0,0,,,,,,118.92,432,7,4,0,,,0.0,0.0
cl01,4,whitespace-detector,WHITESPACE,0.6479159545898437,148.7503204345703,160.94949340820312,247.9167022705078,176.4780044555664,99.1663818359375,15.528511047363281,198.33351135253906,168.71374893188477,0,0,0,0.0,0,0,0,0,0,,,0,0,0,,,,,,122.0,432,7,4,0,,,0.0,0.0
cl01,4,whitespace-detector,WHITESPACE,0.6479159545898437,148.7503204345703,136.18800354003906,247.9167022705078,151.7179946899414,99.1663818359375,15.529991149902344,198.33351135253906,143.95299911499023,0,0,0,0.0,0,0,0,0,0,,,0,0,0,,,,,,120.47,432,7,4,0,,,0.0,0.0
cl01,4,whitespace-detector,WHITESPACE,0.6479159545898437,148.7503204345703,111.42659759521484,247.9167022705078,126.9579849243164,99.1663818359375,15.531387329101562,198.33351135253906,119.19229125976562,0,0,0,0.0,0,0,0,0,0,,,0,0,0,,,,,,121.81,432,7,4,0,,,0.0,0.0
cl01,4,whitespace-detector,WHITESPACE,0.6479159545898437,148.7503204345703,61.90359115600586,247.9167022705078,86.66510009765625,99.1663818359375,24.76150894165039,198.33351135253906,74.28434562683105,0,0,0,0.0,0,0,0,0,0,,,0,0,0,,,,,,107.08,432,7,4,0,,,0.0,0.0
cl01,8,whitespace-detector,WHITESPACE,0.6459937286376953,298.2691955566406,47.26220703125,396.66668701171875,51.58220720291138,98.39749145507812,4.320000171661377,347.4679412841797,49.42220711708069,0,0,0,0.0,0,0,0,0,0,,,0,0,0,,,,,,51.5,30,4,1,0,,,0.0,0.0
cl01,1,whitespace-detector,WHITESPACE,0.6440250205993653,122.3899917602539,215.0,220.0,222.1399998664856,97.6100082397461,7.139999866485596,171.19499588012695,218.5699999332428,0,0,0,0.0,0,0,0,0,0,,,0,0,0,,,,,,46.56,155,4,1,0,,,0.0,0.0
cl01,5,table-detector,TABLE,0.6333333333333333,204.05079650878906,792.37939453125,370.28558349609375,801.0193948745728,166.2347869873047,8.640000343322754,287.1681900024414,796.6993947029114,0,0,0,0.0,0,0,0,0,0,,,0,0,0,,,0,0,,0.0,162,1,0,0,,,0.0,0.0
cl01,5,table-detector,TABLE,0.6333333333333333,279.35211181640625,83.67498779296875,462.568115234375,89.4109878540039,183.21600341796875,5.736000061035156,370.9601135253906,86.54298782348633,0,0,0,0.0,0,0,0,0,0,,,0,0,0,,,2,0,,24.96,162,0,0,0,,,0.0,0.0
cl01,6,table-detector,TABLE,0.6333333333333333,204.05079650878906,792.38037109375,370.28558349609375,801.0203714370728,166.2347869873047,8.640000343322754,287.1681900024414,796.7003712654114,0,0,0,0.0,0,0,0,0,0,,,0,0,0,,,0,0,,0.0,150,1,0,0,,,0.0,0.0
cl01,5,whitespace-detector,WHITESPACE,0.6324225616455078,452.4479064941406,725.0,545.4169311523438,731.4259996414185,92.96902465820312,6.425999641418457,498.9324188232422,728.2129998207092,0,0,0,0.0,0,0,0,0,0,,,0,0,0,,,,,,20.93,162,24,7,1,VALUE,SYMPTOM IMPROVEMENT symptomName#4,0.3278,0.3382
cl01,5,whitespace-detector,WHITESPACE,0.6324219512939453,266.5104064941406,668.5595092773438,359.47918701171875,701.4259996414185,92.96878051757812,32.86649036407471,312.9947967529297,684.9927544593811,0,0,0,0.0,0,0,0,0,0,,,0,0,0,,,,,,39.56,162,2,2,0,,,0.0,0.0
cl01,5,whitespace-detector,WHITESPACE,0.6324219512939453,266.5104064941406,619.03662109375,359.47918701171875,643.798095703125,92.96878051757812,24.761474609375,312.9947967529297,631.4173583984375,0,0,0,0.0,0,0,0,0,0,,,0,0,0,,,,,,89.28,162,3,3,0,,,0.0,0.0
cl01,5,whitespace-detector,WHITESPACE,0.6324219512939453,266.5104064941406,569.513671875,359.47918701171875,594.2750854492188,92.96878051757812,24.76141357421875,312.9947967529297,581.8943786621094,0,0,0,0.0,0,0,0,0,0,,,0,0,0,,,,,,137.83,162,3,3,0,,,0.0,0.0
cl01,5,whitespace-detector,WHITESPACE,0.6324219512939453,266.5104064941406,519.99072265625,359.47918701171875,544.752197265625,92.96878051757812,24.761474609375,312.9947967529297,532.3714599609375,0,0,0,0.0,0,0,0,0,0,,,0,0,0,,,,,,161.29,162,3,3,0,,,0.0,0.0
cl01,5,whitespace-detector,WHITESPACE,0.6324219512939453,266.5104064941406,470.4678039550781,359.47918701171875,495.22930908203125,92.96878051757812,24.761505126953125,312.9947967529297,482.8485565185547,0,0,0,0.0,0,0,0,0,0,,,0,0,0,,,,,,111.87,162,3,3,0,,,0.0,0.0
cl01,6,whitespace-detector,WHITESPACE,0.6324219512939453,266.5104064941406,643.798095703125,359.47918701171875,668.5595092773438,92.96878051757812,24.76141357421875,312.9947967529297,656.1788024902344,0,0,0,0.0,0,0,0,0,0,,,0,0,0,,,,,,65.55,150,3,3,0,,,0.0,0.0
cl01,6,whitespace-detector,WHITESPACE,0.6324219512939453,266.5104064941406,594.2750854492188,359.47918701171875,619.03662109375,92.96878051757812,24.76153564453125,312.9947967529297,606.6558532714844,0,0,0,0.0,0,0,0,0,0,,,0,0,0,,,,,,113.45,150,3,3,0,,,0.0,0.0
cl01,6,whitespace-detector,WHITESPACE,0.6324219512939453,266.5104064941406,544.752197265625,359.47918701171875,569.513671875,92.96878051757812,24.761474609375,312.9947967529297,557.1329345703125,0,0,0,0.0,0,0,0,0,0,,,0,0,0,,,,,,162.32,150,4,3,0,,,0.0,0.0
cl01,6,whitespace-detector,WHITESPACE,0.6324219512939453,266.5104064941406,495.22930908203125,359.47918701171875,519.99072265625,92.96878051757812,24.76141357421875,312.9947967529297,507.6100158691406,0,0,0,0.0,0,0,0,0,0,,,0,0,0,,,,,,136.57,150,3,3,0,,,0.0,0.0
cl01,6,whitespace-detector,WHITESPACE,0.6324219512939453,266.5104064941406,445.706298828125,359.47918701171875,470.4678039550781,92.96878051757812,24.761505126953125,312.9947967529297,458.08705139160156,0,0,0,0.0,0,0,0,0,0,,,0,0,0,,,,,,87.2,150,3,3,0,,,0.0,0.0
cl01,5,whitespace-detector,WHITESPACE,0.6324217987060547,359.47918701171875,725.0,452.4479064941406,731.4259996414185,92.96871948242188,6.425999641418457,405.9635467529297,728.2129998207092,0,0,0,0.0,0,0,0,0,0,,,0,0,0,,,,,,20.93,162,24,7,1,VALUE,SYMPTOM IMPROVEMENT symptomName#3,0.3277,0.3382
cl01,5,whitespace-detector,WHITESPACE,0.6324217987060547,359.47918701171875,668.5595092773438,452.4479064941406,701.4259996414185,92.96871948242188,32.86649036407471,405.9635467529297,684.9927544593811,0,0,0,0.0,0,0,0,0,0,,,0,0,0,,,,,,39.56,162,2,2,0,,,0.0,0.0
cl01,5,whitespace-detector,WHITESPACE,0.6324217987060547,359.47918701171875,619.03662109375,452.4479064941406,643.798095703125,92.96871948242188,24.761474609375,405.9635467529297,631.4173583984375,0,0,0,0.0,0,0,0,0,0,,,0,0,0,,,,,,89.28,162,3,3,0,,,0.0,0.0
cl01,5,whitespace-detector,WHITESPACE,0.6324217987060547,359.47918701171875,569.513671875,452.4479064941406,594.2750854492188,92.96871948242188,24.76141357421875,405.9635467529297,581.8943786621094,0,0,0,0.0,0,0,0,0,0,,,0,0,0,,,,,,137.83,162,3,3,0,,,0.0,0.0
cl01,5,whitespace-detector,WHITESPACE,0.6324217987060547,359.47918701171875,519.99072265625,452.4479064941406,544.752197265625,92.96871948242188,24.761474609375,405.9635467529297,532.3714599609375,0,0,0,0.0,0,0,0,0,0,,,0,0,0,,,,,,181.77,162,3,3,0,,,0.0,0.0
cl01,5,whitespace-detector,WHITESPACE,0.6324217987060547,359.47918701171875,470.4678039550781,452.4479064941406,495.22930908203125,92.96871948242188,24.761505126953125,405.9635467529297,482.8485565185547,0,0,0,0.0,0,0,0,0,0,,,0,0,0,,,,,,139.79,162,3,3,0,,,0.0,0.0
cl01,6,whitespace-detector,WHITESPACE,0.6324217987060547,359.47918701171875,643.798095703125,452.4479064941406,668.5595092773438,92.96871948242188,24.76141357421875,405.9635467529297,656.1788024902344,0,0,0,0.0,0,0,0,0,0,,,0,0,0,,,,,,65.55,150,3,3,0,,,0.0,0.0
cl01,6,whitespace-detector,WHITESPACE,0.6324217987060547,359.47918701171875,594.2750854492188,452.4479064941406,619.03662109375,92.96871948242188,24.76153564453125,405.9635467529297,606.6558532714844,0,0,0,0.0,0,0,0,0,0,,,0,0,0,,,,,,113.45,150,3,3,0,,,0.0,0.0
cl01,6,whitespace-detector,WHITESPACE,0.6324217987060547,359.47918701171875,544.752197265625,452.4479064941406,569.513671875,92.96871948242188,24.761474609375,405.9635467529297,557.1329345703125,0,0,0,0.0,0,0,0,0,0,,,0,0,0,,,,,,162.32,150,4,3,0,,,0.0,0.0
cl01,6,whitespace-detector,WHITESPACE,0.6324217987060547,359.47918701171875,495.22930908203125,452.4479064941406,519.99072265625,92.96871948242188,24.76141357421875,405.9635467529297,507.6100158691406,0,0,0,0.0,0,0,0,0,0,,,0,0,0,,,,,,160.24,150,3,3,0,,,0.0,0.0
cl01,6,whitespace-detector,WHITESPACE,0.6324217987060547,359.47918701171875,445.706298828125,452.4479064941406,470.4678039550781,92.96871948242188,24.761505126953125,405.9635467529297,458.08705139160156,0,0,0,0.0,0,0,0,0,0,,,0,0,0,,,,,,120.96,150,3,3,0,,,0.0,0.0
cl01,5,whitespace-detector,WHITESPACE,0.6324217605590821,173.5417022705078,668.5595092773438,266.5104064941406,701.4259996414185,92.96870422363281,32.86649036407471,220.02605438232422,684.9927544593811,0,0,0,0.0,0,0,0,0,0,,,0,0,0,,,,,,39.56,162,2,2,0,,,0.0,0.0
cl01,5,whitespace-detector,WHITESPACE,0.6324217605590821,173.5417022705078,619.03662109375,266.5104064941406,643.798095703125,92.96870422363281,24.761474609375,220.02605438232422,631.4173583984375,0,0,0,0.0,0,0,0,0,0,,,0,0,0,,,,,,89.28,162,3,3,0,,,0.0,0.0
cl01,5,whitespace-detector,WHITESPACE,0.6324217605590821,173.5417022705078,569.513671875,266.5104064941406,594.2750854492188,92.96870422363281,24.76141357421875,220.02605438232422,581.8943786621094,0,0,0,0.0,0,0,0,0,0,,,0,0,0,,,,,,137.83,162,3,3,0,,,0.0,0.0
cl01,5,whitespace-detector,WHITESPACE,0.6324217605590821,173.5417022705078,519.99072265625,266.5104064941406,544.752197265625,92.96870422363281,24.761474609375,220.02605438232422,532.3714599609375,0,0,0,0.0,0,0,0,0,0,,,0,0,0,,,,,,186.89,162,3,3,0,,,0.0,0.0
cl01,5,whitespace-detector,WHITESPACE,0.6324217605590821,173.5417022705078,470.4678039550781,266.5104064941406,495.22930908203125,92.96870422363281,24.761505126953125,220.02605438232422,482.8485565185547,0,0,0,0.0,0,0,0,0,0,,,0,0,0,,,,,,150.91,162,3,3,0,,,0.0,0.0
cl01,6,whitespace-detector,WHITESPACE,0.6324217605590821,173.5417022705078,643.798095703125,266.5104064941406,668.5595092773438,92.96870422363281,24.76141357421875,220.02605438232422,656.1788024902344,0,0,0,0.0,0,0,0,0,0,,,0,0,0,,,,,,65.55,150,3,3,0,,,0.0,0.0
cl01,6,whitespace-detector,WHITESPACE,0.6324217605590821,173.5417022705078,594.2750854492188,266.5104064941406,619.03662109375,92.96870422363281,24.76153564453125,220.02605438232422,606.6558532714844,0,0,0,0.0,0,0,0,0,0,,,0,0,0,,,,,,113.45,150,3,3,0,,,0.0,0.0
cl01,6,whitespace-detector,WHITESPACE,0.6324217605590821,173.5417022705078,544.752197265625,266.5104064941406,569.513671875,92.96870422363281,24.761474609375,220.02605438232422,557.1329345703125,0,0,0,0.0,0,0,0,0,0,,,0,0,0,,,,,,162.32,150,4,3,0,,,0.0,0.0
cl01,6,whitespace-detector,WHITESPACE,0.6324217605590821,173.5417022705078,495.22930908203125,266.5104064941406,519.99072265625,92.96870422363281,24.76141357421875,220.02605438232422,507.6100158691406,0,0,0,0.0,0,0,0,0,0,,,0,0,0,,,,,,170.03,150,3,3,0,,,0.0,0.0
cl01,6,whitespace-detector,WHITESPACE,0.6324217605590821,173.5417022705078,445.706298828125,266.5104064941406,470.4678039550781,92.96870422363281,24.761505126953125,220.02605438232422,458.08705139160156,0,0,0,0.0,0,0,0,0,0,,,0,0,0,,,,,,133.66,150,3,3,0,,,0.0,0.0
cl01,1,whitespace-detector,WHITESPACE,0.6301615524291992,224.9770050048828,208.21441650390625,317.0416259765625,212.53441667556763,92.06462097167969,4.320000171661377,271.00931549072266,210.37441658973694,0,0,0,0.0,0,0,0,0,0,,,0,0,0,,,,,,53.98,155,4,1,0,,,0.0,0.0
cl01,4,table-detector,TABLE,0.628,42.54439926147461,681.1383666992188,42.54439926147461,734.7841725349426,0.0,53.64580583572388,42.54439926147461,707.9612696170807,0,0,0,0.0,0,0,0,0,0,,,0,0,0,,,0,0,,0.0,432,11,2,0,,,0.0,0.0
cl01,4,table-detector,TABLE,0.628,42.54439926147461,681.1383666992188,42.54439926147461,734.7841725349426,0.0,53.64580583572388,42.54439926147461,707.9612696170807,0,0,0,0.0,0,0,0,0,0,,,0,0,0,,,1,0,,0.0,432,11,2,0,,,0.0,0.0
cl01,4,table-detector,TABLE,0.628,42.54439926147461,336.1441955566406,42.54439926147461,388.1221852302551,0.0,51.9779896736145,42.54439926147461,362.1331903934479,0,0,0,0.0,0,0,0,0,0,,,0,0,0,,,13,0,,0.0,432,12,3,0,,,0.0,0.0
cl01,4,table-detector,TABLE,0.628,42.54439926147461,336.1441955566406,42.54439926147461,388.1221852302551,0.0,51.9779896736145,42.54439926147461,362.1331903934479,0,0,0,0.0,0,0,0,0,0,,,0,0,0,,,14,0,,0.0,432,12,3,0,,,0.0,0.0
cl01,4,table-detector,TABLE,0.628,42.54439926147461,336.1441955566406,42.54439926147461,388.1221852302551,0.0,51.9779896736145,42.54439926147461,362.1331903934479,0,0,0,0.0,0,0,0,0,0,,,0,0,0,,,15,0,,0.0,432,12,3,0,,,0.0,0.0
cl01,4,table-detector,TABLE,0.628,42.54439926147461,37.0982666015625,42.54439926147461,115.74626970291138,0.0,78.64800310134888,42.54439926147461,76.42226815223694,0,0,0,0.0,0,0,0,0,0,,,0,0,0,,,24,0,,0.0,432,7,0,0,,,0.0,0.0
cl01,4,table-detector,TABLE,0.628,43.3654899597168,668.7363891601562,44.47649002075195,669.2083740234375,1.1110000610351562,0.47198486328125,43.920989990234375,668.9723815917969,0,0,0,0.0,0,0,0,0,0,,,0,0,0,,,2,0,,25.81,432,11,4,0,,,0.0,0.0
cl01,4,table-detector,TABLE,0.628,43.3654899597168,323.9028015136719,44.47649002075195,324.3747863769531,1.1110000610351562,0.47198486328125,43.920989990234375,324.1387939453125,0,0,0,0.0,0,0,0,0,0,,,0,0,0,,,16,0,,38.02,432,5,3,0,,,0.0,0.0
cl01,4,table-detector,TABLE,0.628,44.47639083862305,668.3656005859375,44.47639083862305,675.6156005859375,0.0,7.25,44.47639083862305,671.9906005859375,0,0,0,0.0,0,0,0,0,0,,,0,0,0,,,2,0,,25.45,432,6,4,0,,,0.0,0.0
cl01,4,table-detector,TABLE,0.628,44.47649002075195,668.7363891601562,45.58749008178711,669.2083740234375,1.1110000610351562,0.47198486328125,45.03199005126953,668.9723815917969,0,0,0,0.0,0,0,0,0,0,,,0,0,0,,,2,0,,24.7,432,11,4,0,,,0.0,0.0
cl01,4,table-detector,TABLE,0.628,44.47649002075195,666.5744018554688,45.58749008178711,669.2083740234375,1.1110000610351562,2.63397216796875,45.03199005126953,667.8913879394531,0,0,0,0.0,0,0,0,0,0,,,0,0,0,,,2,0,,24.72,432,12,4,0,,,0.0,0.0
cl01,4,table-detector,TABLE,0.628,44.47649002075195,323.9028015136719,45.58749008178711,324.3747863769531,1.1110000610351562,0.47198486328125,45.03199005126953,324.1387939453125,0,0,0,0.0,0,0,0,0,0,,,0,0,0,,,16,0,,37.8,432,5,3,0,,,0.0,0.0
cl01,4,table-detector,TABLE,0.628,44.47649002075195,321.7408142089844,45.58749008178711,324.3747863769531,1.1110000610351562,2.63397216796875,45.03199005126953,323.05780029296875,0,0,0,0.0,0,0,0,0,0,,,0,0,0,,,16,0,,37.76,432,10,3,0,,,0.0,0.0
cl01,2,whitespace-detector,WHITESPACE,0.6257660293579101,219.4515838623047,493.02288818359375,309.75799560546875,497.3428883552551,90.30641174316406,4.320000171661377,264.6047897338867,495.18288826942444,0,0,0,0.0,0,0,0,0,0,,,0,0,0,,,,,,78.06,52,2,0,0,,,0.0,0.0
cl01,1,whitespace-detector,WHITESPACE,0.6120646667480469,373.8199462890625,619.037109375,458.64581298828125,633.1399998664856,84.82586669921875,14.102890491485596,416.2328796386719,626.0885546207428,0,0,0,0.0,0,0,0,0,0,,,0,0,0,,,,,,69.41,155,13,4,1,VALUE,STATE,0.354,0.3925
cl01,7,whitespace-detector,WHITESPACE,0.6085002136230468,296.7388000488281,733.3834838867188,380.1388854980469,737.7034840583801,83.40008544921875,4.320000171661377,338.4388427734375,735.5434839725494,0,0,0,0.0,0,0,0,0,0,,,0,0,0,,,,,,48.9,67,6,3,0,,,0.0,0.0
cl01,0,label-detector,LABEL,0.6,186.3730010986328,469.6592102050781,409.6929931640625,490.4642105102539,223.3199920654297,20.80500030517578,298.03299713134766,480.061710357666,1,1,12,1.0,0,0,0,0,0,30.0,,0,0,0,,,,,,9999.0,2,0,0,0,,,0.0,0.0
cl01,0,label-detector,LABEL,0.6,130.51300048828125,428.37921142578125,465.52301025390625,449.18421173095703,335.010009765625,20.80500030517578,298.01800537109375,438.78171157836914,1,3,18,1.0,0,0,0,0,0,30.0,,0,0,0,,,,,,9999.0,2,0,0,0,,,0.0,0.0
cl01,1,label-detector,LABEL,0.6,320.0,699.0,375.4899597167969,706.1399998664856,55.489959716796875,7.139999866485596,347.74497985839844,702.5699999332428,1,1,10,0.1,0,0,0,0,0,10.0,,0,0,0,,,,,,5.91,155,22,3,0,,,0.0,0.0
cl01,1,label-detector,LABEL,0.6,320.0,652.0,375.4899597167969,659.1399998664856,55.489959716796875,7.139999866485596,347.74497985839844,655.5699999332428,1,1,10,0.1,0,0,0,0,0,10.0,,0,0,0,,,,,,47.93,155,11,0,0,,,0.0,0.0
cl01,1,label-detector,LABEL,0.6,70.0,626.0,156.489990234375,633.1399998664856,86.489990234375,7.139999866485596,113.2449951171875,629.5699999332428,1,2,17,0.125,0,0,0,0,0,10.0,,0,0,0,,,,,,54.28,155,13,1,0,,,0.0,0.0
cl01,1,label-detector,LABEL,0.6,320.0,626.0,373.8199462890625,633.1399998664856,53.8199462890625,7.139999866485596,346.90997314453125,629.5699999332428,1,2,10,0.2222,0,0,0,0,0,10.0,,0,0,0,,,,,,42.03,155,13,1,0,,,0.0,0.0
cl01,1,label-detector,LABEL,0.6,49.58300018310547,569.51318359375,181.15939331054688,578.1531839370728,131.5763931274414,8.640000343322754,115.37119674682617,573.8331837654114,1,2,19,1.0,0,0,0,0,0,12.0,,0,0,0,,,,,,72.95,155,0,0,0,,,0.0,0.0
cl01,1,label-detector,LABEL,0.6,375.0,493.0,422.03997802734375,500.1399998664856,47.03997802734375,7.139999866485596,398.5199890136719,496.5699999332428,1,1,8,0.125,0,0,0,0,0,10.0,,0,0,0,,,,,,0.0,155,2,0,0,,,0.0,0.0
cl01,1,label-detector,LABEL,0.6,375.0,458.0,405.8799743652344,465.1399998664856,30.879974365234375,7.139999866485596,390.4399871826172,461.5699999332428,1,1,5,0.2,0,0,0,0,0,10.0,,0,0,0,,,,,,0.0,155,4,0,0,,,0.0,0.0
cl01,1,label-detector,LABEL,0.6,49.58300018310547,329.24920654296875,136.02980041503906,337.8892068862915,86.4468002319336,8.640000343322754,92.80640029907227,333.5692067146301,1,1,11,1.0,0,0,0,0,0,12.0,,0,0,0,,,,,,43.75,155,0,0,0,,,0.0,0.0
cl01,1,label-detector,LABEL,0.6,65.24369812011719,277.673828125,175.273681640625,284.84382820129395,110.02998352050781,7.170000076293945,120.2586898803711,281.258828163147,1,4,24,0.0,0,0,0,0,0,10.0,,0,0,0,,,,,,67.42,155,0,0,0,,,0.0,0.0
cl01,1,label-detector,LABEL,0.6,335.0,215.0,449.5499572753906,222.1399998664856,114.54995727539062,7.139999866485596,392.2749786376953,218.5699999332428,1,3,23,0.1429,0,0,0,0,0,10.0,,0,0,0,,,,,,42.58,155,4,0,0,,,0.0,0.0
cl01,1,label-detector,LABEL,0.6,60.0,168.0,102.04000091552734,175.1399998664856,42.040000915527344,7.139999866485596,81.02000045776367,171.5699999332428,1,2,9,0.25,0,0,0,0,0,10.0,,0,0,0,,,,,,59.29,155,2,0,0,,,0.0,0.0
cl01,2,label-detector,LABEL,0.6,61.72840118408203,445.7608947753906,111.7503890991211,450.062894821167,50.02198791503906,4.302000045776367,86.73939514160156,447.9118947982788,1,4,20,0.0,0,0,0,0,0,6.0,,0,0,0,,,,,,7.87,52,2,1,0,,,0.0,0.0
cl01,2,label-detector,LABEL,0.6,322.0414123535156,445.7608947753906,372.0633850097656,450.062894821167,50.02197265625,4.302000045776367,347.0523986816406,447.9118947982788,1,4,20,0.0,0,0,0,0,0,6.0,,0,0,0,,,,,,7.87,52,2,1,0,,,0.0,0.0
cl01,2,label-detector,LABEL,0.6,49.58300018310547,222.90771484375,246.9290008544922,231.54771518707275,197.34600067138672,8.640000343322754,148.25600051879883,227.22771501541138,1,3,26,1.0,0,0,0,0,0,12.0,,0,0,0,,,,,,30.02,52,0,0,0,,,0.0,0.0
cl01,3,label-detector,LABEL,0.6,220.0,603.0,253.7589874267578,609.4259996414185,33.75898742675781,6.425999641418457,236.8794937133789,606.2129998207092,1,1,6,1.0,0,0,0,0,0,9.0,,0,0,0,,,,,,57.53,181,7,2,0,,,0.0,0.0
cl01,3,label-detector,LABEL,0.6,61.775299072265625,331.9552917480469,120.13128662109375,336.25729179382324,58.355987548828125,4.302000045776367,90.95329284667969,334.10629177093506,1,4,24,0.0,0,0,0,0,0,6.0,,0,0,0,,,,,,7.34,181,1,0,0,,,0.0,0.0
cl01,4,label-detector,LABEL,0.6,171.8726043701172,734.96142578125,224.7845916748047,740.6974258422852,52.9119873046875,5.736000061035156,198.32859802246094,737.8294258117676,1,2,14,0.1538,0,0,0,0,0,8.0,,0,0,0,,,,,,24.37,432,6,3,0,,,0.0,0.0
cl01,4,label-detector,LABEL,0.6,274.3765869140625,734.96142578125,320.6165771484375,740.6974258422852,46.239990234375,5.736000061035156,297.49658203125,737.8294258117676,1,2,13,0.1667,0,0,0,0,0,8.0,,0,0,0,,,,,,1.37,432,6,3,0,,,0.0,0.0
cl01,4,label-detector,LABEL,0.6,370.2085876464844,734.96142578125,423.1205749511719,740.6974258422852,52.9119873046875,5.736000061035156,396.6645812988281,737.8294258117676,1,2,14,0.1538,0,0,0,0,0,8.0,,0,0,0,,,,,,24.37,432,6,3,0,,,0.0,0.0
cl01,4,label-detector,LABEL,0.6,472.71258544921875,734.96142578125,518.9525756835938,740.6974258422852,46.239990234375,5.736000061035156,495.83258056640625,737.8294258117676,1,2,13,0.1667,0,0,0,0,0,8.0,,0,0,0,,,,,,18.94,432,6,3,0,,,0.0,0.0
cl01,4,label-detector,LABEL,0.6,59.504600524902344,715.4813842773438,79.0645980834961,721.2173843383789,19.55999755859375,5.736000061035156,69.28459930419922,718.3493843078613,1,1,5,0.2,0,0,0,0,0,8.0,,0,0,0,,,,,,0.0,432,6,0,0,,,0.0,0.0
cl01,4,label-detector,LABEL,0.6,59.5078010559082,690.7222290039062,73.29180145263672,696.4582290649414,13.784000396728516,5.736000061035156,66.39980125427246,693.5902290344238,1,1,3,0.3333,0,0,0,0,0,8.0,,0,0,0,,,,,,0.0,432,6,0,0,,,0.0,0.0
cl01,4,label-detector,LABEL,0.6,59.5078010559082,665.9622192382812,79.95579528808594,671.6982192993164,20.447994232177734,5.736000061035156,69.73179817199707,668.8302192687988,1,1,5,0.2,0,0,0,0,0,8.0,,0,0,0,,,,,,0.0,432,11,0,0,,,0.0,0.0
cl01,4,label-detector,LABEL,0.6,59.5078010559082,641.2022094726562,99.07579040527344,646.9382095336914,39.567989349365234,5.736000061035156,79.29179573059082,644.0702095031738,1,2,9,0.25,0,0,0,0,0,8.0,,0,0,0,,,,,,0.0,432,6,0,0,,,0.0,0.0
cl01,4,label-detector,LABEL,0.6,59.5078010559082,616.4421997070312,105.30778503417969,622.1781997680664,45.799983978271484,5.736000061035156,82.40779304504395,619.3101997375488,1,2,12,0.1818,0,0,0,0,0,8.0,,0,0,0,,,,,,0.0,432,6,0,0,,,0.0,0.0
cl01,4,label-detector,LABEL,0.6,59.5078010559082,591.6821899414062,104.41979217529297,597.4181900024414,44.911991119384766,5.736000061035156,81.96379661560059,594.5501899719238,1,2,11,0.2,0,0,0,0,0,8.0,,0,0,0,,,,,,0.0,432,6,0,0,,,0.0,0.0
cl01,4,label-detector,LABEL,0.6,59.5078010559082,566.9221801757812,125.30778503417969,572.6581802368164,65.79998397827148,5.736000061035156,92.40779304504395,569.7901802062988,1,3,18,0.1875,0,0,0,0,0,8.0,,0,0,0,,,,,,0.0,432,5,0,0,,,0.0,0.0
cl01,4,label-detector,LABEL,0.6,59.5078010559082,542.1621704101562,124.41979217529297,547.8981704711914,64.91199111938477,5.736000061035156,91.96379661560059,545.0301704406738,1,3,17,0.2,0,0,0,0,0,8.0,,0,0,0,,,,,,0.0,432,5,0,0,,,0.0,0.0
cl01,4,label-detector,LABEL,0.6,59.5078010559082,517.4022216796875,99.96379089355469,523.1382217407227,40.455989837646484,5.736000061035156,79.73579597473145,520.2702217102051,1,2,11,0.2,0,0,0,0,0,8.0,,0,0,0,,,,,,0.0,432,6,0,0,,,0.0,0.0
cl01,4,label-detector,LABEL,0.6,59.5078010559082,492.6422119140625,99.07579803466797,498.37821197509766,39.567996978759766,5.736000061035156,79.29179954528809,495.5102119445801,1,2,10,0.2222,0,0,0,0,0,8.0,,0,0,0,,,,,,0.0,432,6,0,0,,,0.0,0.0
cl01,4,label-detector,LABEL,0.6,59.5078010559082,467.8822021484375,82.62779235839844,473.61820220947266,23.119991302490234,5.736000061035156,71.06779670715332,470.7502021789551,1,1,6,0.1667,0,0,0,0,0,8.0,,0,0,0,,,,,,0.0,432,6,0,0,,,0.0,0.0
cl01,4,label-detector,LABEL,0.6,59.5078010559082,443.1221923828125,75.51580047607422,448.85819244384766,16.007999420166016,5.736000061035156,67.51180076599121,445.9901924133301,1,1,4,0.25,0,0,0,0,0,8.0,,0,0,0,,,,,,0.0,432,6,0,0,,,0.0,0.0
cl01,4,label-detector,LABEL,0.6,59.5078010559082,418.3622131347656,93.74778747558594,424.0982131958008,34.239986419677734,5.736000061035156,76.62779426574707,421.2302131652832,1,1,8,0.125,0,0,0,0,0,8.0,,0,0,0,,,,,,0.0,432,6,0,0,,,0.0,0.0
cl01,4,label-detector,LABEL,0.6,59.5078010559082,393.6022033691406,82.61979675292969,399.3382034301758,23.111995697021484,5.736000061035156,71.06379890441895,396.4702033996582,1,1,5,0.2,0,0,0,0,0,8.0,,0,0,0,,,,,,0.0,432,144,0,0,,,0.0,0.0
cl01,4,label-detector,LABEL,0.6,59.5078010559082,368.8421936035156,98.63579559326172,374.5781936645508,39.127994537353516,5.736000061035156,79.07179832458496,371.7101936340332,1,2,9,0.25,0,0,0,0,0,8.0,,0,0,0,,,,,,0.0,432,6,0,0,,,0.0,0.0
cl01,4,label-detector,LABEL,0.6,59.5078010559082,344.06201171875,100.7157974243164,349.79801177978516,41.2079963684082,5.736000061035156,80.1117992401123,346.9300117492676,1,2,11,0.2,0,0,0,0,0,8.0,,0,0,0,,,,,,0.0,432,6,0,0,,,0.0,0.0
cl01,4,label-detector,LABEL,0.6,59.5078010559082,319.302001953125,106.04939270019531,325.03800201416016,46.54159164428711,5.736000061035156,82.77859687805176,322.1700019836426,1,2,12,0.1818,0,0,0,0,0,8.0,,0,0,0,,,,,,0.0,432,10,0,0,,,0.0,0.0
cl01,4,label-detector,LABEL,0.6,59.5078010559082,294.5419921875,89.29979705810547,300.27799224853516,29.791996002197266,5.736000061035156,74.40379905700684,297.4099922180176,1,2,8,0.2857,0,0,0,0,0,8.0,,0,0,0,,,,,,0.0,432,6,0,0,,,0.0,0.0
cl01,4,label-detector,LABEL,0.6,59.5078010559082,269.781982421875,94.62779235839844,275.51798248291016,35.119991302490234,5.736000061035156,77.06779670715332,272.6499824523926,1,2,9,0.25,0,0,0,0,0,8.0,,0,0,0,,,,,,0.0,432,6,0,0,,,0.0,0.0
cl01,4,label-detector,LABEL,0.6,59.5078010559082,245.02197265625,122.9557876586914,250.75797271728516,63.4479866027832,5.736000061035156,91.2317943572998,247.88997268676758,1,2,16,0.1333,0,0,0,0,0,8.0,,0,0,0,,,,,,0.0,432,5,0,0,,,0.0,0.0
cl01,4,label-detector,LABEL,0.6,59.5078010559082,220.261962890625,94.19579315185547,225.99796295166016,34.687992095947266,5.736000061035156,76.85179710388184,223.12996292114258,1,2,9,0.25,0,0,0,0,0,8.0,,0,0,0,,,,,,0.0,432,6,0,0,,,0.0,0.0
cl01,4,label-detector,LABEL,0.6,59.5078010559082,195.50201416015625,99.52378845214844,201.2380142211914,40.015987396240234,5.736000061035156,79.51579475402832,198.37001419067383,1,2,10,0.2222,0,0,0,0,0,8.0,,0,0,0,,,,,,0.0,432,6,0,0,,,0.0,0.0
cl01,4,label-detector,LABEL,0.6,59.5078010559082,170.74200439453125,91.08379364013672,176.4780044555664,31.575992584228516,5.736000061035156,75.29579734802246,173.61000442504883,1,2,9,0.25,0,0,0,0,0,8.0,,0,0,0,,,,,,0.0,432,6,0,0,,,0.0,0.0
cl01,4,label-detector,LABEL,0.6,59.5078010559082,145.98199462890625,96.41178894042969,151.7179946899414,36.903987884521484,5.736000061035156,77.95979499816895,148.84999465942383,1,2,10,0.2222,0,0,0,0,0,8.0,,0,0,0,,,,,,0.0,432,6,0,0,,,0.0,0.0
cl01,4,label-detector,LABEL,0.6,59.5078010559082,121.22198486328125,93.73979949951172,126.9579849243164,34.231998443603516,5.736000061035156,76.62380027770996,124.08998489379883,1,1,8,0.125,0,0,0,0,0,8.0,,0,0,0,,,,,,0.0,432,6,0,0,,,0.0,0.0
cl01,5,label-detector,LABEL,0.6,204.05079650878906,792.37939453125,370.28558349609375,801.0193948745728,166.2347869873047,8.640000343322754,287.1681900024414,796.6993947029114,1,3,22,1.0,0,0,0,0,0,12.0,,0,0,0,,,,,,0.0,162,1,0,0,,,0.0,0.0
cl01,5,label-detector,LABEL,0.6,182.0,725.0,224.33599853515625,731.4259996414185,42.33599853515625,6.425999641418457,203.16799926757812,728.2129998207092,1,1,8,0.125,0,0,0,0,0,9.0,,0,0,0,,,,,,21.58,162,24,1,0,,,0.0,0.0
cl01,5,label-detector,LABEL,0.6,275.0,725.0,302.7920227050781,731.4259996414185,27.792022705078125,6.425999641418457,288.89601135253906,728.2129998207092,1,1,5,0.2,0,0,0,0,0,9.0,,0,0,0,,,,,,28.8,162,24,1,0,,,0.0,0.0
cl01,6,label-detector,LABEL,0.6,204.05079650878906,792.38037109375,370.28558349609375,801.0203714370728,166.2347869873047,8.640000343322754,287.1681900024414,796.7003712654114,1,3,22,1.0,0,0,0,0,0,12.0,,0,0,0,,,,,,0.0,150,1,0,0,,,0.0,0.0
cl01,5,image-placeholder-detector,IMAGE_PLACEHOLDER,0.5993912003120591,49.58399963378906,420.94500732421875,545.4169921875,718.0830078125,495.83299255371094,297.13800048828125,297.50049591064453,569.5140075683594,0,0,0,0.0,0,0,0,0,0,,,0,0,0,,,,,,148.6,162,32,0,1,GRID,SYMPTOM IMPROVEMENT,0.9997,0.9998
cl01,6,image-placeholder-detector,IMAGE_PLACEHOLDER,0.5993912003120591,49.58399963378906,420.94500732421875,545.4169921875,718.0830078125,495.83299255371094,297.13800048828125,297.50049591064453,569.5140075683594,0,0,0,0.0,0,0,0,0,0,,,0,0,0,,,,,,148.6,150,32,0,1,GRID,SYMPTOM IMPROVEMENT,0.9997,0.9998
cl01,4,whitespace-detector,WHITESPACE,0.588646297454834,73.29180145263672,680.940185546875,148.7503204345703,696.4582290649414,75.4585189819336,15.518043518066406,111.02106094360352,688.6992073059082,0,0,0,0.0,0,0,0,0,0,,,0,0,0,,,,,,44.89,432,7,4,0,,,0.0,0.0
cl01,5,whitespace-detector,WHITESPACE,0.5859375,99.16670227050781,619.03662109375,173.5417022705078,643.798095703125,74.375,24.761474609375,136.3542022705078,631.4173583984375,0,0,0,0.0,0,0,0,0,0,,,0,0,0,,,,,,86.96,162,3,3,0,,,0.0,0.0
cl01,5,whitespace-detector,WHITESPACE,0.5859375,99.16670227050781,569.513671875,173.5417022705078,594.2750854492188,74.375,24.76141357421875,136.3542022705078,581.8943786621094,0,0,0,0.0,0,0,0,0,0,,,0,0,0,,,,,,136.34,162,3,3,0,,,0.0,0.0
cl01,5,whitespace-detector,WHITESPACE,0.5859375,99.16670227050781,519.99072265625,173.5417022705078,544.752197265625,74.375,24.761474609375,136.3542022705078,532.3714599609375,0,0,0,0.0,0,0,0,0,0,,,0,0,0,,,,,,164.65,162,3,3,0,,,0.0,0.0
cl01,5,whitespace-detector,WHITESPACE,0.5859375,99.16670227050781,470.4678039550781,173.5417022705078,495.22930908203125,74.375,24.761505126953125,136.3542022705078,482.8485565185547,0,0,0,0.0,0,0,0,0,0,,,0,0,0,,,,,,116.66,162,3,3,0,,,0.0,0.0
cl01,6,whitespace-detector,WHITESPACE,0.5859375,99.16670227050781,643.798095703125,173.5417022705078,668.5595092773438,74.375,24.76141357421875,136.3542022705078,656.1788024902344,0,0,0,0.0,0,0,0,0,0,,,0,0,0,,,,,,62.35,150,3,3,0,,,0.0,0.0
cl01,6,whitespace-detector,WHITESPACE,0.5859375,99.16670227050781,594.2750854492188,173.5417022705078,619.03662109375,74.375,24.76153564453125,136.3542022705078,606.6558532714844,0,0,0,0.0,0,0,0,0,0,,,0,0,0,,,,,,111.63,150,3,3,0,,,0.0,0.0
cl01,6,whitespace-detector,WHITESPACE,0.5859375,99.16670227050781,544.752197265625,173.5417022705078,569.513671875,74.375,24.761474609375,136.3542022705078,557.1329345703125,0,0,0,0.0,0,0,0,0,0,,,0,0,0,,,,,,161.06,150,4,3,0,,,0.0,0.0
cl01,6,whitespace-detector,WHITESPACE,0.5859375,99.16670227050781,495.22930908203125,173.5417022705078,519.99072265625,74.375,24.76141357421875,136.3542022705078,507.6100158691406,0,0,0,0.0,0,0,0,0,0,,,0,0,0,,,,,,140.52,150,3,3,0,,,0.0,0.0
cl01,6,whitespace-detector,WHITESPACE,0.5859375,99.16670227050781,445.706298828125,173.5417022705078,470.4678039550781,74.375,24.761505126953125,136.3542022705078,458.08705139160156,0,0,0,0.0,0,0,0,0,0,,,0,0,0,,,,,,93.28,150,3,3,0,,,0.0,0.0
cl01,1,image-placeholder-detector,IMAGE_PLACEHOLDER,0.5850862892227341,49.58300018310547,371.4219970703125,347.0830078125,544.7520141601562,297.50000762939453,173.33001708984375,198.33300399780273,458.0870056152344,0,0,0,0.0,0,0,0,0,0,,,0,0,0,,,,,,89.4,155,4,1,1,VALUE,MEDICAL CONDITION / DIAGNOSIS,0.8831,1.0
cl01,4,whitespace-detector,WHITESPACE,0.5830862998962403,75.51580047607422,433.3255920410156,148.7503204345703,448.85819244384766,73.2345199584961,15.532600402832031,112.13306045532227,441.09189224243164,0,0,0,0.0,0,0,0,0,0,,,0,0,0,,,,,,40.68,432,7,4,0,,,0.0,0.0
cl01,4,whitespace-detector,WHITESPACE,0.5742143058776855,79.0645980834961,705.7017211914062,148.7503204345703,721.2173843383789,69.68572235107422,15.515663146972656,113.9074592590332,713.4595527648926,0,0,0,0.0,0,0,0,0,0,,,0,0,0,,,,,,44.89,432,12,4,0,,,0.0,0.0
cl01,4,whitespace-detector,WHITESPACE,0.5719863128662109,79.95579528808594,656.1787719726562,148.7503204345703,671.6982192993164,68.79452514648438,15.519447326660156,114.35305786132812,663.9384956359863,0,0,0,0.0,0,0,0,0,0,,,0,0,0,,,,,,40.3,432,10,4,0,,,0.0,0.0
cl01,4,whitespace-detector,WHITESPACE,0.5653263092041017,82.61979675292969,383.8027038574219,148.7503204345703,399.3382034301758,66.13052368164062,15.535499572753906,115.68505859375,391.5704536437988,0,0,0,0.0,0,0,0,0,0,,,0,0,0,,,,,,41.65,432,146,4,0,,,0.0,0.0
cl01,4,whitespace-detector,WHITESPACE,0.5653063201904297,82.62779235839844,458.08709716796875,148.7503204345703,473.61820220947266,66.12252807617188,15.531105041503906,115.68905639648438,465.8526496887207,0,0,0,0.0,0,0,0,0,0,,,0,0,0,,,,,,44.89,432,7,4,0,,,0.0,0.0
cl01,1,whitespace-detector,WHITESPACE,0.5544999694824219,273.20001220703125,215.0,335.0,222.1399998664856,61.79998779296875,7.139999866485596,304.1000061035156,218.5699999332428,0,0,0,0.0,0,0,0,0,0,,,0,0,0,,,,,,54.04,155,4,1,0,,,0.0,0.0
cl01,4,whitespace-detector,WHITESPACE,0.5486263084411621,89.29979705810547,284.7568054199219,148.7503204345703,300.27799224853516,59.450523376464844,15.521186828613281,119.02505874633789,292.5173988342285,0,0,0,0.0,0,0,0,0,0,,,0,0,0,,,,,,44.89,432,7,4,0,,,0.0,0.0
cl01,4,table-detector,TABLE,0.548,59.5078010559082,245.02197265625,122.9557876586914,250.75797271728516,63.4479866027832,5.736000061035156,91.2317943572998,247.88997268676758,0,0,0,0.0,0,0,0,0,0,,,0,0,0,,,19,2,,0.0,432,5,0,0,,,0.0,0.0
cl01,4,table-detector,TABLE,0.548,59.5078010559082,542.1621704101562,124.41979217529297,547.8981704711914,64.91199111938477,5.736000061035156,91.96379661560059,545.0301704406738,0,0,0,0.0,0,0,0,0,0,,,0,0,0,,,7,2,,0.0,432,5,0,0,,,0.0,0.0
cl01,4,table-detector,TABLE,0.548,59.5078010559082,566.9221801757812,125.30778503417969,572.6581802368164,65.79998397827148,5.736000061035156,92.40779304504395,569.7901802062988,0,0,0,0.0,0,0,0,0,0,,,0,0,0,,,6,2,,0.0,432,5,0,0,,,0.0,0.0
cl01,1,whitespace-detector,WHITESPACE,0.5468655395507813,148.38278198242188,208.21441650390625,207.12899780273438,212.53441667556763,58.7462158203125,4.320000171661377,177.75588989257812,210.37441658973694,0,0,0,0.0,0,0,0,0,0,,,0,0,0,,,,,,39.28,155,4,1,0,,,0.0,0.0
cl01,4,whitespace-detector,WHITESPACE,0.544166316986084,91.08379364013672,160.94949340820312,148.7503204345703,176.4780044555664,57.666526794433594,15.528511047363281,119.91705703735352,168.71374893188477,0,0,0,0.0,0,0,0,0,0,,,0,0,0,,,,,,44.89,432,7,4,0,,,0.0,0.0
cl01,1,whitespace-detector,WHITESPACE,0.543442497253418,90.76460266113281,785.7672729492188,148.1416015625,803.8993949890137,57.37699890136719,18.132122039794922,119.4531021118164,794.8333339691162,0,0,0,0.0,0,0,0,0,0,,,0,0,0,,,,,,64.68,155,0,0,0,,,0.0,0.0
cl01,2,whitespace-detector,WHITESPACE,0.543442497253418,90.76460266113281,785.7672729492188,148.1416015625,803.8993949890137,57.37699890136719,18.132122039794922,119.4531021118164,794.8333339691162,0,0,0,0.0,0,0,0,0,0,,,0,0,0,,,,,,52.19,52,0,0,0,,,0.0,0.0
cl01,3,whitespace-detector,WHITESPACE,0.5434412384033204,90.76460266113281,785.7672729492188,148.14109802246094,803.8993949890137,57.376495361328125,18.132122039794922,119.45285034179688,794.8333339691162,0,0,0,0.0,0,0,0,0,0,,,0,0,0,,,,,,79.6,181,0,0,0,,,0.0,0.0
cl01,5,whitespace-detector,WHITESPACE,0.5417179107666016,302.7920227050781,725.0,359.47918701171875,731.4259996414185,56.687164306640625,6.425999641418457,331.13560485839844,728.2129998207092,0,0,0,0.0,0,0,0,0,0,,,0,0,0,,,,,,36.24,162,24,7,0,,,0.0,0.0
cl01,2,whitespace-detector,WHITESPACE,0.5406674575805664,166.7200164794922,175.5,222.98699951171875,182.6399998664856,56.26698303222656,7.139999866485596,194.85350799560547,179.0699999332428,0,0,0,0.0,0,0,0,0,0,,,0,0,0,,,,,,67.01,52,3,0,0,,,0.0,0.0
cl01,4,whitespace-detector,WHITESPACE,0.5375263023376465,93.73979949951172,111.42659759521484,148.7503204345703,126.9579849243164,55.010520935058594,15.531387329101562,121.24505996704102,119.19229125976562,0,0,0,0.0,0,0,0,0,0,,,0,0,0,,,,,,44.89,432,7,4,0,,,0.0,0.0
cl01,4,whitespace-detector,WHITESPACE,0.5375063323974609,93.74778747558594,408.5640869140625,148.7503204345703,424.0982131958008,55.002532958984375,15.534126281738281,121.24905395507812,416.33115005493164,0,0,0,0.0,0,0,0,0,0,,,0,0,0,,,,,,44.89,432,7,4,0,,,0.0,0.0
cl01,1,whitespace-detector,WHITESPACE,0.536639518737793,104.23919677734375,691.05908203125,158.89500427246094,695.3790822029114,54.65580749511719,4.320000171661377,131.56710052490234,693.2190821170807,0,0,0,0.0,0,0,0,0,0,,,0,0,0,,,,,,25.98,155,5,4,0,,,0.0,0.0
cl01,4,whitespace-detector,WHITESPACE,0.5363863182067872,94.19579315185547,210.47239685058594,148.7503204345703,225.99796295166016,54.554527282714844,15.525566101074219,121.47305679321289,218.23517990112305,0,0,0,0.0,0,0,0,0,0,,,0,0,0,,,,,,42.35,432,7,4,0,,,0.0,0.0
cl01,4,whitespace-detector,WHITESPACE,0.5353063201904297,94.62779235839844,259.9953918457031,148.7503204345703,275.51798248291016,54.122528076171875,15.522590637207031,121.68905639648438,267.75668716430664,0,0,0,0.0,0,0,0,0,0,,,0,0,0,,,,,,36.36,432,7,4,0,,,0.0,0.0
cl01,8,whitespace-detector,WHITESPACE,0.5348450469970704,411.3705749511719,99.0459976196289,465.30859375,125.86638689041138,53.938018798828125,26.82038927078247,438.33958435058594,112.45619225502014,0,0,0,0.0,0,0,0,0,0,,,0,0,0,,,,,,42.65,30,10,3,0,,,0.0,0.0
cl01,4,whitespace-detector,WHITESPACE,0.5308463287353515,96.41178894042969,136.18800354003906,148.7503204345703,151.7179946899414,52.338531494140625,15.529991149902344,122.5810546875,143.95299911499023,0,0,0,0.0,0,0,0,0,0,,,0,0,0,,,,,,44.89,432,7,4,0,,,0.0,0.0
cl01,1,image-placeholder-detector,IMAGE_PLACEHOLDER,0.5293029075345066,309.89599609375,619.0369873046875,545.4169921875,742.843994140625,235.52099609375,123.8070068359375,427.656494140625,680.9404907226562,0,0,0,0.0,0,0,0,0,0,,,0,0,0,,,,,,69.28,155,8,0,1,VALUE,ADDRESS LINE 1 & 2,0.4485,1.0
cl01,5,whitespace-detector,WHITESPACE,0.5257972717285156,216.19149780273438,715.82080078125,266.5104064941406,720.1408009529114,50.31890869140625,4.320000171661377,241.3509521484375,717.9808008670807,0,0,0,0.0,0,0,0,0,0,,,0,0,0,,,,,,39.53,162,9,3,0,,,0.0,0.0
cl01,5,whitespace-detector,WHITESPACE,0.5257972717285156,309.1602783203125,715.82080078125,359.47918701171875,720.1408009529114,50.31890869140625,4.320000171661377,334.3197326660156,717.9808008670807,0,0,0,0.0,0,0,0,0,0,,,0,0,0,,,,,,43.16,162,9,3,0,,,0.0,0.0
cl01,5,whitespace-detector,WHITESPACE,0.5257966613769531,495.0982666015625,715.82080078125,545.4169311523438,720.1408009529114,50.31866455078125,4.320000171661377,520.2575988769531,717.9808008670807,0,0,0,0.0,0,0,0,0,0,,,0,0,0,,,,,,43.16,162,9,3,0,,,0.0,0.0
cl01,6,whitespace-detector,WHITESPACE,0.5257966613769531,495.0982666015625,693.3209838867188,545.4169311523438,720.1417775154114,50.31866455078125,26.820793628692627,520.2575988769531,706.7313807010651,0,0,0,0.0,0,0,0,0,0,,,0,0,0,,,,,,44.6,150,9,9,0,,,0.0,0.0
cl01,5,whitespace-detector,WHITESPACE,0.5257960510253906,402.1294860839844,715.82080078125,452.4479064941406,720.1408009529114,50.31842041015625,4.320000171661377,427.2886962890625,717.9808008670807,0,0,0,0.0,0,0,0,0,0,,,0,0,0,,,,,,43.16,162,9,3,0,,,0.0,0.0
cl01,6,whitespace-detector,WHITESPACE,0.5257960510253906,309.1607666015625,693.3209838867188,359.47918701171875,720.1417775154114,50.31842041015625,26.820793628692627,334.3199768066406,706.7313807010651,0,0,0,0.0,0,0,0,0,0,,,0,0,0,,,,,,44.6,150,9,9,0,,,0.0,0.0
cl01,6,whitespace-detector,WHITESPACE,0.5257960510253906,402.1294860839844,693.3209838867188,452.4479064941406,720.1417775154114,50.31842041015625,26.820793628692627,427.2886962890625,706.7313807010651,0,0,0,0.0,0,0,0,0,0,,,0,0,0,,,,,,44.6,150,9,9,0,,,0.0,0.0
cl01,6,whitespace-detector,WHITESPACE,0.525796012878418,216.19200134277344,693.3209838867188,266.5104064941406,720.1417775154114,50.31840515136719,26.820793628692627,241.35120391845703,706.7313807010651,0,0,0,0.0,0,0,0,0,0,,,0,0,0,,,,,,44.6,150,9,9,0,,,0.0,0.0
cl01,4,whitespace-detector,WHITESPACE,0.5252863121032715,98.63579559326172,359.04119873046875,148.7503204345703,374.5781936645508,50.114524841308594,15.536994934082031,123.69305801391602,366.80969619750977,0,0,0,0.0,0,0,0,0,0,,,0,0,0,,,,,,44.89,432,13,4,0,,,0.0,0.0
cl01,4,whitespace-detector,WHITESPACE,0.5241863250732423,99.07579040527344,631.4174194335938,148.7503204345703,646.9382095336914,49.674530029296875,15.520790100097656,123.91305541992188,639.1778144836426,0,0,0,0.0,0,0,0,0,0,,,0,0,0,,,,,,44.89,432,7,4,0,,,0.0,0.0
cl01,4,whitespace-detector,WHITESPACE,0.5241863059997559,99.07579803466797,482.8485107421875,148.7503204345703,498.37821197509766,49.674522399902344,15.529701232910156,123.91305923461914,490.6133613586426,0,0,0,0.0,0,0,0,0,0,,,0,0,0,,,,,,44.89,432,7,4,0,,,0.0,0.0
cl01,4,whitespace-detector,WHITESPACE,0.5230663299560547,99.52378845214844,185.71099853515625,148.7503204345703,201.2380142211914,49.226531982421875,15.527015686035156,124.13705444335938,193.47450637817383,0,0,0,0.0,0,0,0,0,0,,,0,0,0,,,,,,44.89,432,7,4,0,,,0.0,0.0
cl01,4,whitespace-detector,WHITESPACE,0.521966323852539,99.96379089355469,507.6099853515625,148.7503204345703,523.1382217407227,48.786529541015625,15.528236389160156,124.3570556640625,515.3741035461426,0,0,0,0.0,0,0,0,0,0,,,0,0,0,,,,,,43.92,432,7,4,0,,,0.0,0.0
cl01,4,whitespace-detector,WHITESPACE,0.5200863075256348,100.7157974243164,334.27978515625,148.7503204345703,349.79801177978516,48.034523010253906,15.518226623535156,124.73305892944336,342.0388984680176,0,0,0,0.0,0,0,0,0,0,,,0,0,0,,,,,,44.89,432,7,4,0,,,0.0,0.0
cl01,4,whitespace-detector,WHITESPACE,0.5108263206481933,104.41979217529297,581.8944091796875,148.7503204345703,597.4181900024414,44.330528259277344,15.523780822753906,126.58505630493164,589.6562995910645,0,0,0,0.0,0,0,0,0,0,,,0,0,0,,,,,,39.53,432,7,4,0,,,0.0,0.0
cl01,4,whitespace-detector,WHITESPACE,0.5086063385009766,105.30778503417969,606.6558837890625,148.7503204345703,622.1781997680664,43.442535400390625,15.522315979003906,127.029052734375,614.4170417785645,0,0,0,0.0,0,0,0,0,0,,,0,0,0,,,,,,44.89,432,7,4,0,,,0.0,0.0
cl01,4,whitespace-detector,WHITESPACE,0.5067523193359376,106.04939270019531,309.518310546875,148.7503204345703,325.03800201416016,42.700927734375,15.519691467285156,127.39985656738281,317.2781562805176,0,0,0,0.0,0,0,0,0,0,,,0,0,0,,,,,,44.89,432,8,4,0,,,0.0,0.0
cl01,5,whitespace-detector,WHITESPACE,0.505436019897461,224.33599853515625,725.0,266.5104064941406,731.4259996414185,42.174407958984375,6.425999641418457,245.42320251464844,728.2129998207092,0,0,0,0.0,0,0,0,0,0,,,0,0,0,,,,,,42.26,162,24,7,0,,,0.0,0.0
cl01,1,rectangle-detector,RECTANGLE,0.5,49.58300018310547,718.0819702148438,285.0889892578125,742.8429565429688,235.50598907470703,24.760986328125,167.33599472045898,730.4624633789062,0,0,0,0.0,0,0,0,0,0,,,0,0,0,,,,,,26.89,155,2,0,1,VALUE,PATIENT'S NAME,0.3751,1.0
cl01,1,image-placeholder-detector,IMAGE_PLACEHOLDER,0.5,49.58399963378906,49.52299880981445,421.48699951171875,185.71099853515625,371.9029998779297,136.1879997253418,235.5354995727539,117.61699867248535,0,0,0,0.0,0,0,0,0,0,,,0,0,0,,,,,,94.59,155,1,1,1,VALUE,HEALING DETAILS,0.866,1.0
cl01,3,rectangle-detector,RECTANGLE,0.5,49.44599914550781,693.3759765625,545.2789916992188,718.136962890625,495.83299255371094,24.760986328125,297.3624954223633,705.7564697265625,0,0,0,0.0,0,0,0,0,0,,,0,0,0,,,,,,101.76,181,9,0,1,OPTION,OVERALL GENERAL HEALTH [EXCELLENT],0.0433,1.0
cl01,3,rectangle-detector,RECTANGLE,0.5,49.44599914550781,643.85302734375,545.2789916992188,668.614013671875,495.83299255371094,24.760986328125,297.3624954223633,656.2335205078125,0,0,0,0.0,0,0,0,0,0,,,0,0,0,,,,,,78.49,181,10,0,1,VALUE,"DIET - if others, please write here",0.3051,1.0
cl01,3,rectangle-detector,RECTANGLE,0.5,49.44599914550781,594.3300170898438,545.2789916992188,619.0910034179688,495.83299255371094,24.760986328125,297.3624954223633,606.7105102539062,0,0,0,0.0,0,0,0,0,0,,,0,0,0,,,,,,60.49,181,7,0,1,VALUE,"EXERCISE - if yes, what is the frequency",0.4314,1.0
cl01,3,rectangle-detector,RECTANGLE,0.5,49.44599914550781,544.8070068359375,545.2789916992188,569.5679931640625,495.83299255371094,24.760986328125,297.3624954223633,557.1875,0,0,0,0.0,0,0,0,0,0,,,0,0,0,,,,,,77.86,181,27,0,1,OPTION,HYPERTENSION [NO],0.0295,1.0
cl01,3,rectangle-detector,RECTANGLE,0.5,49.44599914550781,495.28399658203125,545.2789916992188,520.0449829101562,495.83299255371094,24.760986328125,297.3624954223633,507.66448974609375,0,0,0,0.0,0,0,0,0,0,,,0,0,0,,,,,,115.63,181,28,0,1,OPTION,"GASTROINTESTINAL (ABDOMINAL PAIN, VOMITING, DIARRHEA) [NO]",0.0295,1.0
cl01,3,rectangle-detector,RECTANGLE,0.5,49.44599914550781,445.760986328125,545.2789916992188,470.52197265625,495.83299255371094,24.760986328125,297.3624954223633,458.1414794921875,0,0,0,0.0,0,0,0,0,0,,,0,0,0,,,,,,146.2,181,27,0,1,OPTION,"STRESS, DEPRESSION, ANXIETY OR PSYCHIATRIC CONDITION [NO]",0.0295,1.0
cl01,3,rectangle-detector,RECTANGLE,0.5,49.44599914550781,396.2380065917969,545.2789916992188,420.9989929199219,495.83299255371094,24.760986328125,297.3624954223633,408.6184997558594,0,0,0,0.0,0,0,0,0,0,,,0,0,0,,,,,,137.56,181,9,0,1,OPTION,ARE YOU PREGNANT [NOT SURE],0.0397,1.0
cl01,3,rectangle-detector,RECTANGLE,0.5,49.49300003051758,173.38499450683594,545.4169921875,272.4309997558594,495.9239921569824,99.04600524902344,297.4549961090088,222.90799713134766,0,0,0,0.0,0,0,0,0,0,,,0,0,0,,,,,,162.6,181,0,0,1,VALUE,"IF YES TO ANY LOCATION ABOVE, PLEASE EXPLAIN MORE",0.8309,1.0
cl01,3,rectangle-detector,RECTANGLE,0.5,49.49300003051758,49.577999114990234,545.4169921875,148.56900024414062,495.9239921569824,98.99100112915039,297.4549961090088,99.07349967956543,0,0,0,0.0,0,0,0,0,0,,,0,0,0,,,,,,63.95,181,0,0,1,VALUE,ADDITIONAL NOTES (ANY RELEVANT MEDICAL CONDITIONS),0.8314,1.0
cl01,8,rectangle-detector,RECTANGLE,0.5,49.58300018310547,99.0459976196289,272.7080078125,123.80699920654297,223.12500762939453,24.761001586914062,161.14550399780273,111.42649841308594,0,0,0,0.0,0,0,0,0,0,,,0,0,0,,,,,,68.85,30,10,1,1,VALUE,TOTAL NO. OF HEALINGS,0.6094,1.0
cl01,8,rectangle-detector,RECTANGLE,0.5,297.5,99.0459976196289,545.4169921875,123.80699920654297,247.9169921875,24.761001586914062,421.45849609375,111.42649841308594,0,0,0,0.0,0,0,0,0,0,,,0,0,0,,,,,,59.52,30,10,1,1,OPTION,IS THE HEALING STILL CONTINUED? [NO],0.0584,1.0
